solid OpenSCAD_Model
  facet normal 0.751765 -0.659431 0
    outer loop
      vertex 68.4632 2.03683 6.2
      vertex 68.5624 2.14992 2.2
      vertex 68.5624 2.14992 6.2
    endloop
  endfacet
  facet normal 0.751765 -0.659431 0
    outer loop
      vertex 68.5624 2.14992 2.2
      vertex 68.4632 2.03683 6.2
      vertex 68.4632 2.03683 2.2
    endloop
  endfacet
  facet normal -0.555544 -0.831487 0
    outer loop
      vertex 2.14992 1.93764 2.2
      vertex 2.275 1.85407 6.2
      vertex 2.14992 1.93764 6.2
    endloop
  endfacet
  facet normal -0.555544 -0.831487 -0
    outer loop
      vertex 2.275 1.85407 6.2
      vertex 2.14992 1.93764 2.2
      vertex 2.275 1.85407 2.2
    endloop
  endfacet
  facet normal 0 -1 0
    outer loop
      vertex 23.455 1.7 3.35
      vertex 47.045 1.7 4.2
      vertex 23.455 1.7 4.2
    endloop
  endfacet
  facet normal 0 -1 -0
    outer loop
      vertex 47.045 1.7 4.2
      vertex 23.455 1.7 3.35
      vertex 47.045 1.7 3.35
    endloop
  endfacet
  facet normal 0 -1 0
    outer loop
      vertex 23.455 1.7 4.2
      vertex 2.85 1.7 6.2
      vertex 20.255 1.7 4.2
    endloop
  endfacet
  facet normal 0 -1 0
    outer loop
      vertex 2.85 1.7 2.2
      vertex 20.255 1.7 4.2
      vertex 2.85 1.7 6.2
    endloop
  endfacet
  facet normal 0 -1 0
    outer loop
      vertex 2.85 1.7 2.2
      vertex 23.455 1.7 3.35
      vertex 20.255 1.7 3.35
    endloop
  endfacet
  facet normal 0 -1 -0
    outer loop
      vertex 23.455 1.7 3.35
      vertex 2.85 1.7 2.2
      vertex 47.045 1.7 3.35
    endloop
  endfacet
  facet normal 0 -1 0
    outer loop
      vertex 67.65 1.7 2.2
      vertex 47.045 1.7 3.35
      vertex 2.85 1.7 2.2
    endloop
  endfacet
  facet normal 0 -1 -0
    outer loop
      vertex 20.255 1.7 4.2
      vertex 2.85 1.7 2.2
      vertex 20.255 1.7 3.35
    endloop
  endfacet
  facet normal 0 -1 0
    outer loop
      vertex 2.85 1.7 6.2
      vertex 23.455 1.7 4.2
      vertex 67.65 1.7 6.2
    endloop
  endfacet
  facet normal 0 -1 0
    outer loop
      vertex 47.045 1.7 4.2
      vertex 67.65 1.7 6.2
      vertex 23.455 1.7 4.2
    endloop
  endfacet
  facet normal 0 -1 0
    outer loop
      vertex 50.245 1.7 4.2
      vertex 67.65 1.7 6.2
      vertex 47.045 1.7 4.2
    endloop
  endfacet
  facet normal 0 -1 0
    outer loop
      vertex 67.65 1.7 2.2
      vertex 50.245 1.7 4.2
      vertex 50.245 1.7 3.35
    endloop
  endfacet
  facet normal 0 -1 0
    outer loop
      vertex 50.245 1.7 4.2
      vertex 67.65 1.7 2.2
      vertex 67.65 1.7 6.2
    endloop
  endfacet
  facet normal 0 -1 0
    outer loop
      vertex 47.045 1.7 3.35
      vertex 67.65 1.7 2.2
      vertex 50.245 1.7 3.35
    endloop
  endfacet
  facet normal -1 0 0
    outer loop
      vertex 1.7 2.85 2.2
      vertex 1.7 31.65 6.2
      vertex 1.7 31.65 2.2
    endloop
  endfacet
  facet normal -1 -0 0
    outer loop
      vertex 1.7 31.65 6.2
      vertex 1.7 2.85 2.2
      vertex 1.7 2.85 6.2
    endloop
  endfacet
  facet normal 0 0 -1
    outer loop
      vertex 67.3553 3.27387 2.2
      vertex 68.8 2.85 2.2
      vertex 68.7902 2.69989 2.2
    endloop
  endfacet
  facet normal 0 0 -1
    outer loop
      vertex 68.8 2.85 2.2
      vertex 67.5 3.7 2.2
      vertex 68.8 31.65 2.2
    endloop
  endfacet
  facet normal 0 0 -1
    outer loop
      vertex 67.3553 3.27387 2.2
      vertex 68.7902 2.69989 2.2
      vertex 68.7608 2.55236 2.2
    endloop
  endfacet
  facet normal 0 0 -1
    outer loop
      vertex 67.5 30.8 2.2
      vertex 68.8 31.65 2.2
      vertex 67.5 3.7 2.2
    endloop
  endfacet
  facet normal 0 0 -1
    outer loop
      vertex 67.3553 3.27387 2.2
      vertex 68.7608 2.55236 2.2
      vertex 68.7125 2.40991 2.2
    endloop
  endfacet
  facet normal 0 0 -1
    outer loop
      vertex 67.494 30.8914 2.2
      vertex 68.8 31.65 2.2
      vertex 67.5 30.8 2.2
    endloop
  endfacet
  facet normal 0 0 -1
    outer loop
      vertex 67.3553 3.27387 2.2
      vertex 68.7125 2.40991 2.2
      vertex 68.6459 2.275 2.2
    endloop
  endfacet
  facet normal 0 0 -1
    outer loop
      vertex 67.4762 30.9812 2.2
      vertex 68.8 31.65 2.2
      vertex 67.494 30.8914 2.2
    endloop
  endfacet
  facet normal 0 0 -1
    outer loop
      vertex 67.295 3.20502 2.2
      vertex 68.6459 2.275 2.2
      vertex 68.5624 2.14992 2.2
    endloop
  endfacet
  facet normal 0 0 -1
    outer loop
      vertex 67.4467 31.0679 2.2
      vertex 68.8 31.65 2.2
      vertex 67.4762 30.9812 2.2
    endloop
  endfacet
  facet normal 0 0 -1
    outer loop
      vertex 67.295 3.20502 2.2
      vertex 68.5624 2.14992 2.2
      vertex 68.4632 2.03683 2.2
    endloop
  endfacet
  facet normal 0 0 -1
    outer loop
      vertex 67.4062 31.15 2.2
      vertex 68.8 31.65 2.2
      vertex 67.4467 31.0679 2.2
    endloop
  endfacet
  facet normal 0 0 -1
    outer loop
      vertex 67.295 3.20502 2.2
      vertex 68.4632 2.03683 2.2
      vertex 68.3501 1.93764 2.2
    endloop
  endfacet
  facet normal 0 0 -1
    outer loop
      vertex 67.3553 31.2261 2.2
      vertex 68.8 31.65 2.2
      vertex 67.4062 31.15 2.2
    endloop
  endfacet
  facet normal 0 0 -1
    outer loop
      vertex 67.295 3.20502 2.2
      vertex 68.3501 1.93764 2.2
      vertex 68.225 1.85407 2.2
    endloop
  endfacet
  facet normal -0 0 -1
    outer loop
      vertex 68.8 31.65 2.2
      vertex 67.3553 31.2261 2.2
      vertex 68.7902 31.8001 2.2
    endloop
  endfacet
  facet normal 0 0 -1
    outer loop
      vertex 67.295 3.20502 2.2
      vertex 68.225 1.85407 2.2
      vertex 68.0901 1.78754 2.2
    endloop
  endfacet
  facet normal -0 0 -1
    outer loop
      vertex 68.7902 31.8001 2.2
      vertex 67.3553 31.2261 2.2
      vertex 68.7608 31.9476 2.2
    endloop
  endfacet
  facet normal 0 0 -1
    outer loop
      vertex 67.2261 3.14465 2.2
      vertex 68.0901 1.78754 2.2
      vertex 67.9476 1.73918 2.2
    endloop
  endfacet
  facet normal -0 0 -1
    outer loop
      vertex 68.7608 31.9476 2.2
      vertex 67.3553 31.2261 2.2
      vertex 68.7125 32.0901 2.2
    endloop
  endfacet
  facet normal 0 0 -1
    outer loop
      vertex 67.2261 3.14465 2.2
      vertex 67.9476 1.73918 2.2
      vertex 67.8001 1.70984 2.2
    endloop
  endfacet
  facet normal -0 0 -1
    outer loop
      vertex 68.7125 32.0901 2.2
      vertex 67.3553 31.2261 2.2
      vertex 68.6459 32.225 2.2
    endloop
  endfacet
  facet normal 0 0 -1
    outer loop
      vertex 67.2261 3.14465 2.2
      vertex 67.8001 1.70984 2.2
      vertex 67.65 1.7 2.2
    endloop
  endfacet
  facet normal 0 0 -1
    outer loop
      vertex 67.295 31.295 2.2
      vertex 68.6459 32.225 2.2
      vertex 67.3553 31.2261 2.2
    endloop
  endfacet
  facet normal -0 0 -1
    outer loop
      vertex 68.6459 32.225 2.2
      vertex 67.295 31.295 2.2
      vertex 68.5624 32.3501 2.2
    endloop
  endfacet
  facet normal 0 0 -1
    outer loop
      vertex 68.8 2.85 2.2
      vertex 67.494 3.60863 2.2
      vertex 67.5 3.7 2.2
    endloop
  endfacet
  facet normal 0 0 -1
    outer loop
      vertex 68.8 2.85 2.2
      vertex 67.4762 3.51883 2.2
      vertex 67.494 3.60863 2.2
    endloop
  endfacet
  facet normal 0 0 -1
    outer loop
      vertex 68.8 2.85 2.2
      vertex 67.4467 3.43212 2.2
      vertex 67.4762 3.51883 2.2
    endloop
  endfacet
  facet normal 0 0 -1
    outer loop
      vertex 68.8 2.85 2.2
      vertex 67.4062 3.35 2.2
      vertex 67.4467 3.43212 2.2
    endloop
  endfacet
  facet normal 0 0 -1
    outer loop
      vertex 68.8 2.85 2.2
      vertex 67.3553 3.27387 2.2
      vertex 67.4062 3.35 2.2
    endloop
  endfacet
  facet normal 0 0 -1
    outer loop
      vertex 68.6459 2.275 2.2
      vertex 67.295 3.20502 2.2
      vertex 67.3553 3.27387 2.2
    endloop
  endfacet
  facet normal 0 0 -1
    outer loop
      vertex 68.0901 1.78754 2.2
      vertex 67.2261 3.14465 2.2
      vertex 67.295 3.20502 2.2
    endloop
  endfacet
  facet normal 0 0 -1
    outer loop
      vertex 67.65 1.7 2.2
      vertex 67.15 3.09378 2.2
      vertex 67.2261 3.14465 2.2
    endloop
  endfacet
  facet normal 0 0 -1
    outer loop
      vertex 67.65 1.7 2.2
      vertex 67.0679 3.05328 2.2
      vertex 67.15 3.09378 2.2
    endloop
  endfacet
  facet normal 0 0 -1
    outer loop
      vertex 67.65 1.7 2.2
      vertex 66.9812 3.02385 2.2
      vertex 67.0679 3.05328 2.2
    endloop
  endfacet
  facet normal 0 0 -1
    outer loop
      vertex 67.65 1.7 2.2
      vertex 66.8914 3.00599 2.2
      vertex 66.9812 3.02385 2.2
    endloop
  endfacet
  facet normal 0 0 -1
    outer loop
      vertex 67.65 1.7 2.2
      vertex 66.8 3 2.2
      vertex 66.8914 3.00599 2.2
    endloop
  endfacet
  facet normal 0 0 -1
    outer loop
      vertex 67.65 1.7 2.2
      vertex 3.7 3 2.2
      vertex 66.8 3 2.2
    endloop
  endfacet
  facet normal 0 0 -1
    outer loop
      vertex 1.93764 2.14992 2.2
      vertex 3.20502 3.20502 2.2
      vertex 2.03683 2.03683 2.2
    endloop
  endfacet
  facet normal 0 0 -1
    outer loop
      vertex 2.03683 2.03683 2.2
      vertex 3.20502 3.20502 2.2
      vertex 2.14992 1.93764 2.2
    endloop
  endfacet
  facet normal 0 0 -1
    outer loop
      vertex 2.14992 1.93764 2.2
      vertex 3.20502 3.20502 2.2
      vertex 2.275 1.85407 2.2
    endloop
  endfacet
  facet normal 0 0 -1
    outer loop
      vertex 2.275 1.85407 2.2
      vertex 3.20502 3.20502 2.2
      vertex 2.40991 1.78754 2.2
    endloop
  endfacet
  facet normal -0 0 -1
    outer loop
      vertex 3.27387 3.14465 2.2
      vertex 2.40991 1.78754 2.2
      vertex 3.20502 3.20502 2.2
    endloop
  endfacet
  facet normal 0 0 -1
    outer loop
      vertex 2.40991 1.78754 2.2
      vertex 3.27387 3.14465 2.2
      vertex 2.55236 1.73918 2.2
    endloop
  endfacet
  facet normal 0 0 -1
    outer loop
      vertex 2.55236 1.73918 2.2
      vertex 3.27387 3.14465 2.2
      vertex 2.69989 1.70984 2.2
    endloop
  endfacet
  facet normal 0 0 -1
    outer loop
      vertex 2.69989 1.70984 2.2
      vertex 3.27387 3.14465 2.2
      vertex 2.85 1.7 2.2
    endloop
  endfacet
  facet normal -0 0 -1
    outer loop
      vertex 3.35 3.09378 2.2
      vertex 2.85 1.7 2.2
      vertex 3.27387 3.14465 2.2
    endloop
  endfacet
  facet normal -0 0 -1
    outer loop
      vertex 3.43212 3.05328 2.2
      vertex 2.85 1.7 2.2
      vertex 3.35 3.09378 2.2
    endloop
  endfacet
  facet normal -0 0 -1
    outer loop
      vertex 3.51883 3.02385 2.2
      vertex 2.85 1.7 2.2
      vertex 3.43212 3.05328 2.2
    endloop
  endfacet
  facet normal -0 0 -1
    outer loop
      vertex 3.60863 3.00599 2.2
      vertex 2.85 1.7 2.2
      vertex 3.51883 3.02385 2.2
    endloop
  endfacet
  facet normal -0 0 -1
    outer loop
      vertex 3.7 3 2.2
      vertex 2.85 1.7 2.2
      vertex 3.60863 3.00599 2.2
    endloop
  endfacet
  facet normal 0 0 -1
    outer loop
      vertex 2.85 1.7 2.2
      vertex 3.7 3 2.2
      vertex 67.65 1.7 2.2
    endloop
  endfacet
  facet normal -0 0 -1
    outer loop
      vertex 68.5624 32.3501 2.2
      vertex 67.295 31.295 2.2
      vertex 68.4632 32.4632 2.2
    endloop
  endfacet
  facet normal -0 0 -1
    outer loop
      vertex 68.4632 32.4632 2.2
      vertex 67.295 31.295 2.2
      vertex 68.3501 32.5624 2.2
    endloop
  endfacet
  facet normal -0 0 -1
    outer loop
      vertex 68.3501 32.5624 2.2
      vertex 67.295 31.295 2.2
      vertex 68.225 32.6459 2.2
    endloop
  endfacet
  facet normal -0 0 -1
    outer loop
      vertex 68.225 32.6459 2.2
      vertex 67.295 31.295 2.2
      vertex 68.0901 32.7125 2.2
    endloop
  endfacet
  facet normal 0 0 -1
    outer loop
      vertex 67.2261 31.3553 2.2
      vertex 68.0901 32.7125 2.2
      vertex 67.295 31.295 2.2
    endloop
  endfacet
  facet normal -0 0 -1
    outer loop
      vertex 68.0901 32.7125 2.2
      vertex 67.2261 31.3553 2.2
      vertex 67.9476 32.7608 2.2
    endloop
  endfacet
  facet normal -0 0 -1
    outer loop
      vertex 67.9476 32.7608 2.2
      vertex 67.2261 31.3553 2.2
      vertex 67.8001 32.7902 2.2
    endloop
  endfacet
  facet normal -0 0 -1
    outer loop
      vertex 67.8001 32.7902 2.2
      vertex 67.2261 31.3553 2.2
      vertex 67.65 32.8 2.2
    endloop
  endfacet
  facet normal 0 0 -1
    outer loop
      vertex 67.15 31.4062 2.2
      vertex 67.65 32.8 2.2
      vertex 67.2261 31.3553 2.2
    endloop
  endfacet
  facet normal 0 0 -1
    outer loop
      vertex 67.0679 31.4467 2.2
      vertex 67.65 32.8 2.2
      vertex 67.15 31.4062 2.2
    endloop
  endfacet
  facet normal 0 0 -1
    outer loop
      vertex 66.9812 31.4761 2.2
      vertex 67.65 32.8 2.2
      vertex 67.0679 31.4467 2.2
    endloop
  endfacet
  facet normal 0 0 -1
    outer loop
      vertex 66.8914 31.494 2.2
      vertex 67.65 32.8 2.2
      vertex 66.9812 31.4761 2.2
    endloop
  endfacet
  facet normal 0 0 -1
    outer loop
      vertex 66.8 31.5 2.2
      vertex 67.65 32.8 2.2
      vertex 66.8914 31.494 2.2
    endloop
  endfacet
  facet normal 0 0 -1
    outer loop
      vertex 3.7 31.5 2.2
      vertex 67.65 32.8 2.2
      vertex 66.8 31.5 2.2
    endloop
  endfacet
  facet normal 0 0 -1
    outer loop
      vertex 3.7 31.5 2.2
      vertex 2.85 32.8 2.2
      vertex 67.65 32.8 2.2
    endloop
  endfacet
  facet normal 0 0 -1
    outer loop
      vertex 3.60863 31.494 2.2
      vertex 2.85 32.8 2.2
      vertex 3.7 31.5 2.2
    endloop
  endfacet
  facet normal 0 0 -1
    outer loop
      vertex 3.51883 31.4761 2.2
      vertex 2.85 32.8 2.2
      vertex 3.60863 31.494 2.2
    endloop
  endfacet
  facet normal 0 0 -1
    outer loop
      vertex 3.43212 31.4467 2.2
      vertex 2.85 32.8 2.2
      vertex 3.51883 31.4761 2.2
    endloop
  endfacet
  facet normal 0 0 -1
    outer loop
      vertex 3.35 31.4062 2.2
      vertex 2.85 32.8 2.2
      vertex 3.43212 31.4467 2.2
    endloop
  endfacet
  facet normal 0 0 -1
    outer loop
      vertex 3.27387 31.3553 2.2
      vertex 2.85 32.8 2.2
      vertex 3.35 31.4062 2.2
    endloop
  endfacet
  facet normal 0 0 -1
    outer loop
      vertex 2.40991 32.7125 2.2
      vertex 3.27387 31.3553 2.2
      vertex 3.20502 31.295 2.2
    endloop
  endfacet
  facet normal 0 0 -1
    outer loop
      vertex 1.85407 32.225 2.2
      vertex 3.20502 31.295 2.2
      vertex 3.14465 31.2261 2.2
    endloop
  endfacet
  facet normal 0 0 -1
    outer loop
      vertex 1.7 31.65 2.2
      vertex 3.14465 31.2261 2.2
      vertex 3.09378 31.15 2.2
    endloop
  endfacet
  facet normal 0 0 -1
    outer loop
      vertex 1.7 31.65 2.2
      vertex 3.09378 31.15 2.2
      vertex 3.05328 31.0679 2.2
    endloop
  endfacet
  facet normal 0 0 -1
    outer loop
      vertex 1.7 31.65 2.2
      vertex 3.05328 31.0679 2.2
      vertex 3.02385 30.9812 2.2
    endloop
  endfacet
  facet normal 0 0 -1
    outer loop
      vertex 1.7 31.65 2.2
      vertex 3.02385 30.9812 2.2
      vertex 3.00599 30.8914 2.2
    endloop
  endfacet
  facet normal 0 0 -1
    outer loop
      vertex 1.7 31.65 2.2
      vertex 3.00599 30.8914 2.2
      vertex 3 30.8 2.2
    endloop
  endfacet
  facet normal -0 0 -1
    outer loop
      vertex 3 3.7 2.2
      vertex 1.7 2.85 2.2
      vertex 3 30.8 2.2
    endloop
  endfacet
  facet normal 0 0 -1
    outer loop
      vertex 1.85407 2.275 2.2
      vertex 3.20502 3.20502 2.2
      vertex 1.93764 2.14992 2.2
    endloop
  endfacet
  facet normal 0 0 -1
    outer loop
      vertex 1.7 31.65 2.2
      vertex 3 30.8 2.2
      vertex 1.7 2.85 2.2
    endloop
  endfacet
  facet normal -0 0 -1
    outer loop
      vertex 3.20502 3.20502 2.2
      vertex 1.85407 2.275 2.2
      vertex 3.14465 3.27387 2.2
    endloop
  endfacet
  facet normal 0 0 -1
    outer loop
      vertex 3.14465 31.2261 2.2
      vertex 1.7 31.65 2.2
      vertex 1.70984 31.8001 2.2
    endloop
  endfacet
  facet normal 0 0 -1
    outer loop
      vertex 1.78754 2.40991 2.2
      vertex 3.14465 3.27387 2.2
      vertex 1.85407 2.275 2.2
    endloop
  endfacet
  facet normal 0 0 -1
    outer loop
      vertex 3.27387 31.3553 2.2
      vertex 2.69989 32.7902 2.2
      vertex 2.85 32.8 2.2
    endloop
  endfacet
  facet normal 0 0 -1
    outer loop
      vertex 1.73918 2.55236 2.2
      vertex 3.14465 3.27387 2.2
      vertex 1.78754 2.40991 2.2
    endloop
  endfacet
  facet normal 0 0 -1
    outer loop
      vertex 3.27387 31.3553 2.2
      vertex 2.55236 32.7608 2.2
      vertex 2.69989 32.7902 2.2
    endloop
  endfacet
  facet normal 0 0 -1
    outer loop
      vertex 1.70984 2.69989 2.2
      vertex 3.14465 3.27387 2.2
      vertex 1.73918 2.55236 2.2
    endloop
  endfacet
  facet normal 0 0 -1
    outer loop
      vertex 3.27387 31.3553 2.2
      vertex 2.40991 32.7125 2.2
      vertex 2.55236 32.7608 2.2
    endloop
  endfacet
  facet normal 0 0 -1
    outer loop
      vertex 1.7 2.85 2.2
      vertex 3.14465 3.27387 2.2
      vertex 1.70984 2.69989 2.2
    endloop
  endfacet
  facet normal 0 0 -1
    outer loop
      vertex 3.20502 31.295 2.2
      vertex 2.275 32.6459 2.2
      vertex 2.40991 32.7125 2.2
    endloop
  endfacet
  facet normal -0 0 -1
    outer loop
      vertex 3.14465 3.27387 2.2
      vertex 1.7 2.85 2.2
      vertex 3.09378 3.35 2.2
    endloop
  endfacet
  facet normal 0 0 -1
    outer loop
      vertex 3.20502 31.295 2.2
      vertex 2.14992 32.5624 2.2
      vertex 2.275 32.6459 2.2
    endloop
  endfacet
  facet normal -0 0 -1
    outer loop
      vertex 3.09378 3.35 2.2
      vertex 1.7 2.85 2.2
      vertex 3.05328 3.43212 2.2
    endloop
  endfacet
  facet normal 0 0 -1
    outer loop
      vertex 3.20502 31.295 2.2
      vertex 2.03683 32.4632 2.2
      vertex 2.14992 32.5624 2.2
    endloop
  endfacet
  facet normal -0 0 -1
    outer loop
      vertex 3.05328 3.43212 2.2
      vertex 1.7 2.85 2.2
      vertex 3.02385 3.51883 2.2
    endloop
  endfacet
  facet normal 0 0 -1
    outer loop
      vertex 3.20502 31.295 2.2
      vertex 1.93764 32.3501 2.2
      vertex 2.03683 32.4632 2.2
    endloop
  endfacet
  facet normal -0 0 -1
    outer loop
      vertex 3.02385 3.51883 2.2
      vertex 1.7 2.85 2.2
      vertex 3.00599 3.60863 2.2
    endloop
  endfacet
  facet normal 0 0 -1
    outer loop
      vertex 3.20502 31.295 2.2
      vertex 1.85407 32.225 2.2
      vertex 1.93764 32.3501 2.2
    endloop
  endfacet
  facet normal -0 0 -1
    outer loop
      vertex 3.00599 3.60863 2.2
      vertex 1.7 2.85 2.2
      vertex 3 3.7 2.2
    endloop
  endfacet
  facet normal 0 0 -1
    outer loop
      vertex 3.14465 31.2261 2.2
      vertex 1.78754 32.0901 2.2
      vertex 1.85407 32.225 2.2
    endloop
  endfacet
  facet normal 0 0 -1
    outer loop
      vertex 3.14465 31.2261 2.2
      vertex 1.73918 31.9476 2.2
      vertex 1.78754 32.0901 2.2
    endloop
  endfacet
  facet normal 0 0 -1
    outer loop
      vertex 3.14465 31.2261 2.2
      vertex 1.70984 31.8001 2.2
      vertex 1.73918 31.9476 2.2
    endloop
  endfacet
  facet normal -0.0651468 0.997876 0
    outer loop
      vertex 2.85 32.8 2.2
      vertex 2.69989 32.7902 6.2
      vertex 2.85 32.8 6.2
    endloop
  endfacet
  facet normal -0.0651468 0.997876 0
    outer loop
      vertex 2.69989 32.7902 6.2
      vertex 2.85 32.8 2.2
      vertex 2.69989 32.7902 2.2
    endloop
  endfacet
  facet normal 0.555482 -0.831528 0
    outer loop
      vertex 68.225 1.85407 2.2
      vertex 68.3501 1.93764 6.2
      vertex 68.225 1.85407 6.2
    endloop
  endfacet
  facet normal 0.555482 -0.831528 0
    outer loop
      vertex 68.3501 1.93764 6.2
      vertex 68.225 1.85407 2.2
      vertex 68.3501 1.93764 2.2
    endloop
  endfacet
  facet normal -0.195439 0.980716 0
    outer loop
      vertex 2.69989 32.7902 2.2
      vertex 2.55236 32.7608 6.2
      vertex 2.69989 32.7902 6.2
    endloop
  endfacet
  facet normal -0.195439 0.980716 0
    outer loop
      vertex 2.55236 32.7608 6.2
      vertex 2.69989 32.7902 2.2
      vertex 2.55236 32.7608 2.2
    endloop
  endfacet
  facet normal -0.896873 -0.442287 0
    outer loop
      vertex 1.85407 2.275 2.2
      vertex 1.78754 2.40991 6.2
      vertex 1.78754 2.40991 2.2
    endloop
  endfacet
  facet normal -0.896873 -0.442287 0
    outer loop
      vertex 1.78754 2.40991 6.2
      vertex 1.85407 2.275 2.2
      vertex 1.85407 2.275 6.2
    endloop
  endfacet
  facet normal -0.32111 0.947042 0
    outer loop
      vertex 2.55236 32.7608 2.2
      vertex 2.40991 32.7125 6.2
      vertex 2.55236 32.7608 6.2
    endloop
  endfacet
  facet normal -0.32111 0.947042 0
    outer loop
      vertex 2.40991 32.7125 6.2
      vertex 2.55236 32.7608 2.2
      vertex 2.40991 32.7125 2.2
    endloop
  endfacet
  facet normal 0 1 -0
    outer loop
      vertex 47.045 32.8 3.35
      vertex 23.455 32.8 4.2
      vertex 47.045 32.8 4.2
    endloop
  endfacet
  facet normal 0 1 0
    outer loop
      vertex 23.455 32.8 4.2
      vertex 47.045 32.8 3.35
      vertex 23.455 32.8 3.35
    endloop
  endfacet
  facet normal 0 1 0
    outer loop
      vertex 47.045 32.8 4.2
      vertex 67.65 32.8 6.2
      vertex 50.245 32.8 4.2
    endloop
  endfacet
  facet normal 0 1 -0
    outer loop
      vertex 67.65 32.8 2.2
      vertex 50.245 32.8 4.2
      vertex 67.65 32.8 6.2
    endloop
  endfacet
  facet normal 0 1 0
    outer loop
      vertex 67.65 32.8 2.2
      vertex 47.045 32.8 3.35
      vertex 50.245 32.8 3.35
    endloop
  endfacet
  facet normal 0 1 0
    outer loop
      vertex 47.045 32.8 3.35
      vertex 67.65 32.8 2.2
      vertex 23.455 32.8 3.35
    endloop
  endfacet
  facet normal 0 1 0
    outer loop
      vertex 2.85 32.8 2.2
      vertex 23.455 32.8 3.35
      vertex 67.65 32.8 2.2
    endloop
  endfacet
  facet normal 0 1 0
    outer loop
      vertex 50.245 32.8 4.2
      vertex 67.65 32.8 2.2
      vertex 50.245 32.8 3.35
    endloop
  endfacet
  facet normal 0 1 0
    outer loop
      vertex 67.65 32.8 6.2
      vertex 47.045 32.8 4.2
      vertex 2.85 32.8 6.2
    endloop
  endfacet
  facet normal 0 1 -0
    outer loop
      vertex 23.455 32.8 4.2
      vertex 2.85 32.8 6.2
      vertex 47.045 32.8 4.2
    endloop
  endfacet
  facet normal 0 1 -0
    outer loop
      vertex 20.255 32.8 4.2
      vertex 2.85 32.8 6.2
      vertex 23.455 32.8 4.2
    endloop
  endfacet
  facet normal 0 1 0
    outer loop
      vertex 2.85 32.8 2.2
      vertex 20.255 32.8 4.2
      vertex 20.255 32.8 3.35
    endloop
  endfacet
  facet normal 0 1 0
    outer loop
      vertex 20.255 32.8 4.2
      vertex 2.85 32.8 2.2
      vertex 2.85 32.8 6.2
    endloop
  endfacet
  facet normal 0 1 0
    outer loop
      vertex 23.455 32.8 3.35
      vertex 2.85 32.8 2.2
      vertex 20.255 32.8 3.35
    endloop
  endfacet
  facet normal -0.442662 0.896689 0
    outer loop
      vertex 2.40991 32.7125 2.2
      vertex 2.275 32.6459 6.2
      vertex 2.40991 32.7125 6.2
    endloop
  endfacet
  facet normal -0.442662 0.896689 0
    outer loop
      vertex 2.275 32.6459 6.2
      vertex 2.40991 32.7125 2.2
      vertex 2.275 32.6459 2.2
    endloop
  endfacet
  facet normal 0.321367 -0.946955 0
    outer loop
      vertex 67.9476 1.73918 2.2
      vertex 68.0901 1.78754 6.2
      vertex 67.9476 1.73918 6.2
    endloop
  endfacet
  facet normal 0.321367 -0.946955 0
    outer loop
      vertex 68.0901 1.78754 6.2
      vertex 67.9476 1.73918 2.2
      vertex 68.0901 1.78754 2.2
    endloop
  endfacet
  facet normal 0 0 1
    outer loop
      vertex 67.3553 31.2261 6.2
      vertex 68.8 31.65 6.2
      vertex 68.7902 31.8001 6.2
    endloop
  endfacet
  facet normal 0 0 1
    outer loop
      vertex 68.8 31.65 6.2
      vertex 67.5 30.8 6.2
      vertex 68.8 2.85 6.2
    endloop
  endfacet
  facet normal 0 0 1
    outer loop
      vertex 67.3553 31.2261 6.2
      vertex 68.7902 31.8001 6.2
      vertex 68.7608 31.9476 6.2
    endloop
  endfacet
  facet normal -0 0 1
    outer loop
      vertex 67.5 3.7 6.2
      vertex 68.8 2.85 6.2
      vertex 67.5 30.8 6.2
    endloop
  endfacet
  facet normal 0 0 1
    outer loop
      vertex 67.3553 31.2261 6.2
      vertex 68.7608 31.9476 6.2
      vertex 68.7125 32.0901 6.2
    endloop
  endfacet
  facet normal -0 0 1
    outer loop
      vertex 67.494 3.60863 6.2
      vertex 68.8 2.85 6.2
      vertex 67.5 3.7 6.2
    endloop
  endfacet
  facet normal 0 0 1
    outer loop
      vertex 67.3553 31.2261 6.2
      vertex 68.7125 32.0901 6.2
      vertex 68.6459 32.225 6.2
    endloop
  endfacet
  facet normal -0 0 1
    outer loop
      vertex 67.4762 3.51883 6.2
      vertex 68.8 2.85 6.2
      vertex 67.494 3.60863 6.2
    endloop
  endfacet
  facet normal 0 0 1
    outer loop
      vertex 67.295 31.295 6.2
      vertex 68.6459 32.225 6.2
      vertex 68.5624 32.3501 6.2
    endloop
  endfacet
  facet normal -0 0 1
    outer loop
      vertex 67.4467 3.43212 6.2
      vertex 68.8 2.85 6.2
      vertex 67.4762 3.51883 6.2
    endloop
  endfacet
  facet normal 0 0 1
    outer loop
      vertex 67.295 31.295 6.2
      vertex 68.5624 32.3501 6.2
      vertex 68.4632 32.4632 6.2
    endloop
  endfacet
  facet normal -0 0 1
    outer loop
      vertex 67.4062 3.35 6.2
      vertex 68.8 2.85 6.2
      vertex 67.4467 3.43212 6.2
    endloop
  endfacet
  facet normal 0 0 1
    outer loop
      vertex 67.295 31.295 6.2
      vertex 68.4632 32.4632 6.2
      vertex 68.3501 32.5624 6.2
    endloop
  endfacet
  facet normal -0 0 1
    outer loop
      vertex 67.3553 3.27387 6.2
      vertex 68.8 2.85 6.2
      vertex 67.4062 3.35 6.2
    endloop
  endfacet
  facet normal 0 0 1
    outer loop
      vertex 67.295 31.295 6.2
      vertex 68.3501 32.5624 6.2
      vertex 68.225 32.6459 6.2
    endloop
  endfacet
  facet normal 0 0 1
    outer loop
      vertex 68.8 2.85 6.2
      vertex 67.3553 3.27387 6.2
      vertex 68.7902 2.69989 6.2
    endloop
  endfacet
  facet normal 0 0 1
    outer loop
      vertex 67.295 31.295 6.2
      vertex 68.225 32.6459 6.2
      vertex 68.0901 32.7125 6.2
    endloop
  endfacet
  facet normal 0 0 1
    outer loop
      vertex 68.7902 2.69989 6.2
      vertex 67.3553 3.27387 6.2
      vertex 68.7608 2.55236 6.2
    endloop
  endfacet
  facet normal 0 0 1
    outer loop
      vertex 67.2261 31.3553 6.2
      vertex 68.0901 32.7125 6.2
      vertex 67.9476 32.7608 6.2
    endloop
  endfacet
  facet normal 0 0 1
    outer loop
      vertex 68.7608 2.55236 6.2
      vertex 67.3553 3.27387 6.2
      vertex 68.7125 2.40991 6.2
    endloop
  endfacet
  facet normal 0 0 1
    outer loop
      vertex 67.2261 31.3553 6.2
      vertex 67.9476 32.7608 6.2
      vertex 67.8001 32.7902 6.2
    endloop
  endfacet
  facet normal 0 0 1
    outer loop
      vertex 68.7125 2.40991 6.2
      vertex 67.3553 3.27387 6.2
      vertex 68.6459 2.275 6.2
    endloop
  endfacet
  facet normal 0 0 1
    outer loop
      vertex 67.2261 31.3553 6.2
      vertex 67.8001 32.7902 6.2
      vertex 67.65 32.8 6.2
    endloop
  endfacet
  facet normal -0 0 1
    outer loop
      vertex 67.295 3.20502 6.2
      vertex 68.6459 2.275 6.2
      vertex 67.3553 3.27387 6.2
    endloop
  endfacet
  facet normal 0 0 1
    outer loop
      vertex 68.6459 2.275 6.2
      vertex 67.295 3.20502 6.2
      vertex 68.5624 2.14992 6.2
    endloop
  endfacet
  facet normal 0 0 1
    outer loop
      vertex 68.8 31.65 6.2
      vertex 67.494 30.8914 6.2
      vertex 67.5 30.8 6.2
    endloop
  endfacet
  facet normal 0 0 1
    outer loop
      vertex 68.8 31.65 6.2
      vertex 67.4762 30.9812 6.2
      vertex 67.494 30.8914 6.2
    endloop
  endfacet
  facet normal 0 0 1
    outer loop
      vertex 68.8 31.65 6.2
      vertex 67.4467 31.0679 6.2
      vertex 67.4762 30.9812 6.2
    endloop
  endfacet
  facet normal 0 0 1
    outer loop
      vertex 68.8 31.65 6.2
      vertex 67.4062 31.15 6.2
      vertex 67.4467 31.0679 6.2
    endloop
  endfacet
  facet normal 0 0 1
    outer loop
      vertex 68.8 31.65 6.2
      vertex 67.3553 31.2261 6.2
      vertex 67.4062 31.15 6.2
    endloop
  endfacet
  facet normal 0 0 1
    outer loop
      vertex 68.6459 32.225 6.2
      vertex 67.295 31.295 6.2
      vertex 67.3553 31.2261 6.2
    endloop
  endfacet
  facet normal 0 0 1
    outer loop
      vertex 68.0901 32.7125 6.2
      vertex 67.2261 31.3553 6.2
      vertex 67.295 31.295 6.2
    endloop
  endfacet
  facet normal 0 0 1
    outer loop
      vertex 67.65 32.8 6.2
      vertex 67.15 31.4062 6.2
      vertex 67.2261 31.3553 6.2
    endloop
  endfacet
  facet normal 0 0 1
    outer loop
      vertex 67.65 32.8 6.2
      vertex 67.0679 31.4467 6.2
      vertex 67.15 31.4062 6.2
    endloop
  endfacet
  facet normal 0 0 1
    outer loop
      vertex 67.65 32.8 6.2
      vertex 66.9812 31.4761 6.2
      vertex 67.0679 31.4467 6.2
    endloop
  endfacet
  facet normal 0 0 1
    outer loop
      vertex 67.65 32.8 6.2
      vertex 66.8914 31.494 6.2
      vertex 66.9812 31.4761 6.2
    endloop
  endfacet
  facet normal 0 0 1
    outer loop
      vertex 67.65 32.8 6.2
      vertex 66.8 31.5 6.2
      vertex 66.8914 31.494 6.2
    endloop
  endfacet
  facet normal 0 0 1
    outer loop
      vertex 67.65 32.8 6.2
      vertex 3.7 31.5 6.2
      vertex 66.8 31.5 6.2
    endloop
  endfacet
  facet normal -0 0 1
    outer loop
      vertex 1.93764 32.3501 6.2
      vertex 3.20502 31.295 6.2
      vertex 2.03683 32.4632 6.2
    endloop
  endfacet
  facet normal -0 0 1
    outer loop
      vertex 2.03683 32.4632 6.2
      vertex 3.20502 31.295 6.2
      vertex 2.14992 32.5624 6.2
    endloop
  endfacet
  facet normal -0 0 1
    outer loop
      vertex 2.14992 32.5624 6.2
      vertex 3.20502 31.295 6.2
      vertex 2.275 32.6459 6.2
    endloop
  endfacet
  facet normal -0 0 1
    outer loop
      vertex 2.275 32.6459 6.2
      vertex 3.20502 31.295 6.2
      vertex 2.40991 32.7125 6.2
    endloop
  endfacet
  facet normal 0 0 1
    outer loop
      vertex 3.27387 31.3553 6.2
      vertex 2.40991 32.7125 6.2
      vertex 3.20502 31.295 6.2
    endloop
  endfacet
  facet normal -0 0 1
    outer loop
      vertex 2.40991 32.7125 6.2
      vertex 3.27387 31.3553 6.2
      vertex 2.55236 32.7608 6.2
    endloop
  endfacet
  facet normal -0 0 1
    outer loop
      vertex 2.55236 32.7608 6.2
      vertex 3.27387 31.3553 6.2
      vertex 2.69989 32.7902 6.2
    endloop
  endfacet
  facet normal -0 0 1
    outer loop
      vertex 2.69989 32.7902 6.2
      vertex 3.27387 31.3553 6.2
      vertex 2.85 32.8 6.2
    endloop
  endfacet
  facet normal 0 0 1
    outer loop
      vertex 3.35 31.4062 6.2
      vertex 2.85 32.8 6.2
      vertex 3.27387 31.3553 6.2
    endloop
  endfacet
  facet normal 0 0 1
    outer loop
      vertex 3.43212 31.4467 6.2
      vertex 2.85 32.8 6.2
      vertex 3.35 31.4062 6.2
    endloop
  endfacet
  facet normal 0 0 1
    outer loop
      vertex 3.51883 31.4761 6.2
      vertex 2.85 32.8 6.2
      vertex 3.43212 31.4467 6.2
    endloop
  endfacet
  facet normal 0 0 1
    outer loop
      vertex 3.60863 31.494 6.2
      vertex 2.85 32.8 6.2
      vertex 3.51883 31.4761 6.2
    endloop
  endfacet
  facet normal 0 0 1
    outer loop
      vertex 3.7 31.5 6.2
      vertex 2.85 32.8 6.2
      vertex 3.60863 31.494 6.2
    endloop
  endfacet
  facet normal -0 0 1
    outer loop
      vertex 2.85 32.8 6.2
      vertex 3.7 31.5 6.2
      vertex 67.65 32.8 6.2
    endloop
  endfacet
  facet normal 0 0 1
    outer loop
      vertex 68.5624 2.14992 6.2
      vertex 67.295 3.20502 6.2
      vertex 68.4632 2.03683 6.2
    endloop
  endfacet
  facet normal 0 0 1
    outer loop
      vertex 68.4632 2.03683 6.2
      vertex 67.295 3.20502 6.2
      vertex 68.3501 1.93764 6.2
    endloop
  endfacet
  facet normal 0 0 1
    outer loop
      vertex 68.3501 1.93764 6.2
      vertex 67.295 3.20502 6.2
      vertex 68.225 1.85407 6.2
    endloop
  endfacet
  facet normal 0 0 1
    outer loop
      vertex 68.225 1.85407 6.2
      vertex 67.295 3.20502 6.2
      vertex 68.0901 1.78754 6.2
    endloop
  endfacet
  facet normal -0 0 1
    outer loop
      vertex 67.2261 3.14465 6.2
      vertex 68.0901 1.78754 6.2
      vertex 67.295 3.20502 6.2
    endloop
  endfacet
  facet normal 0 0 1
    outer loop
      vertex 68.0901 1.78754 6.2
      vertex 67.2261 3.14465 6.2
      vertex 67.9476 1.73918 6.2
    endloop
  endfacet
  facet normal 0 0 1
    outer loop
      vertex 67.9476 1.73918 6.2
      vertex 67.2261 3.14465 6.2
      vertex 67.8001 1.70984 6.2
    endloop
  endfacet
  facet normal 0 0 1
    outer loop
      vertex 67.8001 1.70984 6.2
      vertex 67.2261 3.14465 6.2
      vertex 67.65 1.7 6.2
    endloop
  endfacet
  facet normal -0 0 1
    outer loop
      vertex 67.15 3.09378 6.2
      vertex 67.65 1.7 6.2
      vertex 67.2261 3.14465 6.2
    endloop
  endfacet
  facet normal -0 0 1
    outer loop
      vertex 67.0679 3.05328 6.2
      vertex 67.65 1.7 6.2
      vertex 67.15 3.09378 6.2
    endloop
  endfacet
  facet normal -0 0 1
    outer loop
      vertex 66.9812 3.02385 6.2
      vertex 67.65 1.7 6.2
      vertex 67.0679 3.05328 6.2
    endloop
  endfacet
  facet normal -0 0 1
    outer loop
      vertex 66.8914 3.00599 6.2
      vertex 67.65 1.7 6.2
      vertex 66.9812 3.02385 6.2
    endloop
  endfacet
  facet normal -0 0 1
    outer loop
      vertex 66.8 3 6.2
      vertex 67.65 1.7 6.2
      vertex 66.8914 3.00599 6.2
    endloop
  endfacet
  facet normal -0 0 1
    outer loop
      vertex 3.7 3 6.2
      vertex 67.65 1.7 6.2
      vertex 66.8 3 6.2
    endloop
  endfacet
  facet normal 0 0 1
    outer loop
      vertex 3.7 3 6.2
      vertex 2.85 1.7 6.2
      vertex 67.65 1.7 6.2
    endloop
  endfacet
  facet normal 0 0 1
    outer loop
      vertex 3.60863 3.00599 6.2
      vertex 2.85 1.7 6.2
      vertex 3.7 3 6.2
    endloop
  endfacet
  facet normal 0 0 1
    outer loop
      vertex 3.51883 3.02385 6.2
      vertex 2.85 1.7 6.2
      vertex 3.60863 3.00599 6.2
    endloop
  endfacet
  facet normal 0 0 1
    outer loop
      vertex 3.43212 3.05328 6.2
      vertex 2.85 1.7 6.2
      vertex 3.51883 3.02385 6.2
    endloop
  endfacet
  facet normal 0 0 1
    outer loop
      vertex 3.35 3.09378 6.2
      vertex 2.85 1.7 6.2
      vertex 3.43212 3.05328 6.2
    endloop
  endfacet
  facet normal 0 0 1
    outer loop
      vertex 3.27387 3.14465 6.2
      vertex 2.85 1.7 6.2
      vertex 3.35 3.09378 6.2
    endloop
  endfacet
  facet normal 0 0 1
    outer loop
      vertex 2.40991 1.78754 6.2
      vertex 3.27387 3.14465 6.2
      vertex 3.20502 3.20502 6.2
    endloop
  endfacet
  facet normal 0 0 1
    outer loop
      vertex 1.85407 2.275 6.2
      vertex 3.20502 3.20502 6.2
      vertex 3.14465 3.27387 6.2
    endloop
  endfacet
  facet normal 0 0 1
    outer loop
      vertex 1.7 2.85 6.2
      vertex 3.14465 3.27387 6.2
      vertex 3.09378 3.35 6.2
    endloop
  endfacet
  facet normal 0 0 1
    outer loop
      vertex 1.7 2.85 6.2
      vertex 3.09378 3.35 6.2
      vertex 3.05328 3.43212 6.2
    endloop
  endfacet
  facet normal 0 0 1
    outer loop
      vertex 1.7 2.85 6.2
      vertex 3.05328 3.43212 6.2
      vertex 3.02385 3.51883 6.2
    endloop
  endfacet
  facet normal 0 0 1
    outer loop
      vertex 1.7 2.85 6.2
      vertex 3.02385 3.51883 6.2
      vertex 3.00599 3.60863 6.2
    endloop
  endfacet
  facet normal 0 0 1
    outer loop
      vertex 1.7 2.85 6.2
      vertex 3.00599 3.60863 6.2
      vertex 3 3.7 6.2
    endloop
  endfacet
  facet normal 0 0 1
    outer loop
      vertex 3 30.8 6.2
      vertex 1.7 31.65 6.2
      vertex 3 3.7 6.2
    endloop
  endfacet
  facet normal -0 0 1
    outer loop
      vertex 1.85407 32.225 6.2
      vertex 3.20502 31.295 6.2
      vertex 1.93764 32.3501 6.2
    endloop
  endfacet
  facet normal 0 0 1
    outer loop
      vertex 1.7 2.85 6.2
      vertex 3 3.7 6.2
      vertex 1.7 31.65 6.2
    endloop
  endfacet
  facet normal 0 0 1
    outer loop
      vertex 3.20502 31.295 6.2
      vertex 1.85407 32.225 6.2
      vertex 3.14465 31.2261 6.2
    endloop
  endfacet
  facet normal 0 0 1
    outer loop
      vertex 3.14465 3.27387 6.2
      vertex 1.7 2.85 6.2
      vertex 1.70984 2.69989 6.2
    endloop
  endfacet
  facet normal -0 0 1
    outer loop
      vertex 1.78754 32.0901 6.2
      vertex 3.14465 31.2261 6.2
      vertex 1.85407 32.225 6.2
    endloop
  endfacet
  facet normal 0 0 1
    outer loop
      vertex 3.27387 3.14465 6.2
      vertex 2.69989 1.70984 6.2
      vertex 2.85 1.7 6.2
    endloop
  endfacet
  facet normal -0 0 1
    outer loop
      vertex 1.73918 31.9476 6.2
      vertex 3.14465 31.2261 6.2
      vertex 1.78754 32.0901 6.2
    endloop
  endfacet
  facet normal 0 0 1
    outer loop
      vertex 3.27387 3.14465 6.2
      vertex 2.55236 1.73918 6.2
      vertex 2.69989 1.70984 6.2
    endloop
  endfacet
  facet normal -0 0 1
    outer loop
      vertex 1.70984 31.8001 6.2
      vertex 3.14465 31.2261 6.2
      vertex 1.73918 31.9476 6.2
    endloop
  endfacet
  facet normal 0 0 1
    outer loop
      vertex 3.27387 3.14465 6.2
      vertex 2.40991 1.78754 6.2
      vertex 2.55236 1.73918 6.2
    endloop
  endfacet
  facet normal -0 0 1
    outer loop
      vertex 1.7 31.65 6.2
      vertex 3.14465 31.2261 6.2
      vertex 1.70984 31.8001 6.2
    endloop
  endfacet
  facet normal 0 0 1
    outer loop
      vertex 3.20502 3.20502 6.2
      vertex 2.275 1.85407 6.2
      vertex 2.40991 1.78754 6.2
    endloop
  endfacet
  facet normal 0 0 1
    outer loop
      vertex 3.14465 31.2261 6.2
      vertex 1.7 31.65 6.2
      vertex 3.09378 31.15 6.2
    endloop
  endfacet
  facet normal 0 0 1
    outer loop
      vertex 3.20502 3.20502 6.2
      vertex 2.14992 1.93764 6.2
      vertex 2.275 1.85407 6.2
    endloop
  endfacet
  facet normal 0 0 1
    outer loop
      vertex 3.09378 31.15 6.2
      vertex 1.7 31.65 6.2
      vertex 3.05328 31.0679 6.2
    endloop
  endfacet
  facet normal 0 0 1
    outer loop
      vertex 3.20502 3.20502 6.2
      vertex 2.03683 2.03683 6.2
      vertex 2.14992 1.93764 6.2
    endloop
  endfacet
  facet normal 0 0 1
    outer loop
      vertex 3.05328 31.0679 6.2
      vertex 1.7 31.65 6.2
      vertex 3.02385 30.9812 6.2
    endloop
  endfacet
  facet normal 0 0 1
    outer loop
      vertex 3.20502 3.20502 6.2
      vertex 1.93764 2.14992 6.2
      vertex 2.03683 2.03683 6.2
    endloop
  endfacet
  facet normal 0 0 1
    outer loop
      vertex 3.02385 30.9812 6.2
      vertex 1.7 31.65 6.2
      vertex 3.00599 30.8914 6.2
    endloop
  endfacet
  facet normal 0 0 1
    outer loop
      vertex 3.20502 3.20502 6.2
      vertex 1.85407 2.275 6.2
      vertex 1.93764 2.14992 6.2
    endloop
  endfacet
  facet normal 0 0 1
    outer loop
      vertex 3.00599 30.8914 6.2
      vertex 1.7 31.65 6.2
      vertex 3 30.8 6.2
    endloop
  endfacet
  facet normal 0 0 1
    outer loop
      vertex 3.14465 3.27387 6.2
      vertex 1.78754 2.40991 6.2
      vertex 1.85407 2.275 6.2
    endloop
  endfacet
  facet normal 0 0 1
    outer loop
      vertex 3.14465 3.27387 6.2
      vertex 1.73918 2.55236 6.2
      vertex 1.78754 2.40991 6.2
    endloop
  endfacet
  facet normal 0 0 1
    outer loop
      vertex 3.14465 3.27387 6.2
      vertex 1.70984 2.69989 6.2
      vertex 1.73918 2.55236 6.2
    endloop
  endfacet
  facet normal 0.947042 -0.32111 0
    outer loop
      vertex 68.7125 2.40991 6.2
      vertex 68.7608 2.55236 2.2
      vertex 68.7608 2.55236 6.2
    endloop
  endfacet
  facet normal 0.947042 -0.32111 0
    outer loop
      vertex 68.7608 2.55236 2.2
      vertex 68.7125 2.40991 6.2
      vertex 68.7125 2.40991 2.2
    endloop
  endfacet
  facet normal 1 -0 0
    outer loop
      vertex 68.8 2.85 6.2
      vertex 68.8 31.65 2.2
      vertex 68.8 31.65 6.2
    endloop
  endfacet
  facet normal 1 0 0
    outer loop
      vertex 68.8 31.65 2.2
      vertex 68.8 2.85 6.2
      vertex 68.8 2.85 2.2
    endloop
  endfacet
  facet normal 0.0651511 0.997875 -0
    outer loop
      vertex 67.8001 32.7902 2.2
      vertex 67.65 32.8 6.2
      vertex 67.8001 32.7902 6.2
    endloop
  endfacet
  facet normal 0.0651511 0.997875 0
    outer loop
      vertex 67.65 32.8 6.2
      vertex 67.8001 32.7902 2.2
      vertex 67.65 32.8 2.2
    endloop
  endfacet
  facet normal -0.89686 0.442314 0
    outer loop
      vertex 1.78754 32.0901 2.2
      vertex 1.85407 32.225 6.2
      vertex 1.85407 32.225 2.2
    endloop
  endfacet
  facet normal -0.89686 0.442314 0
    outer loop
      vertex 1.85407 32.225 6.2
      vertex 1.78754 32.0901 2.2
      vertex 1.78754 32.0901 6.2
    endloop
  endfacet
  facet normal -0.946921 -0.321468 0
    outer loop
      vertex 1.78754 2.40991 2.2
      vertex 1.73918 2.55236 6.2
      vertex 1.73918 2.55236 2.2
    endloop
  endfacet
  facet normal -0.946921 -0.321468 0
    outer loop
      vertex 1.73918 2.55236 6.2
      vertex 1.78754 2.40991 2.2
      vertex 1.78754 2.40991 6.2
    endloop
  endfacet
  facet normal 0.980716 -0.195439 0
    outer loop
      vertex 68.7608 2.55236 6.2
      vertex 68.7902 2.69989 2.2
      vertex 68.7902 2.69989 6.2
    endloop
  endfacet
  facet normal 0.980716 -0.195439 0
    outer loop
      vertex 68.7902 2.69989 2.2
      vertex 68.7608 2.55236 6.2
      vertex 68.7608 2.55236 2.2
    endloop
  endfacet
  facet normal -0.751798 -0.659394 0
    outer loop
      vertex 2.03683 2.03683 2.2
      vertex 1.93764 2.14992 6.2
      vertex 1.93764 2.14992 2.2
    endloop
  endfacet
  facet normal -0.751798 -0.659394 0
    outer loop
      vertex 1.93764 2.14992 6.2
      vertex 2.03683 2.03683 2.2
      vertex 2.03683 2.03683 6.2
    endloop
  endfacet
  facet normal -0.442287 -0.896873 0
    outer loop
      vertex 2.275 1.85407 2.2
      vertex 2.40991 1.78754 6.2
      vertex 2.275 1.85407 6.2
    endloop
  endfacet
  facet normal -0.442287 -0.896873 -0
    outer loop
      vertex 2.40991 1.78754 6.2
      vertex 2.275 1.85407 2.2
      vertex 2.40991 1.78754 2.2
    endloop
  endfacet
  facet normal 0.321009 0.947076 -0
    outer loop
      vertex 68.0901 32.7125 2.2
      vertex 67.9476 32.7608 6.2
      vertex 68.0901 32.7125 6.2
    endloop
  endfacet
  facet normal 0.321009 0.947076 0
    outer loop
      vertex 67.9476 32.7608 6.2
      vertex 68.0901 32.7125 2.2
      vertex 67.9476 32.7608 2.2
    endloop
  endfacet
  facet normal 0.751794 0.659398 0
    outer loop
      vertex 68.5624 32.3501 6.2
      vertex 68.4632 32.4632 2.2
      vertex 68.4632 32.4632 6.2
    endloop
  endfacet
  facet normal 0.751794 0.659398 0
    outer loop
      vertex 68.4632 32.4632 2.2
      vertex 68.5624 32.3501 6.2
      vertex 68.5624 32.3501 2.2
    endloop
  endfacet
  facet normal -0.751827 0.659361 0
    outer loop
      vertex 1.93764 32.3501 2.2
      vertex 2.03683 32.4632 6.2
      vertex 2.03683 32.4632 2.2
    endloop
  endfacet
  facet normal -0.751827 0.659361 0
    outer loop
      vertex 2.03683 32.4632 6.2
      vertex 1.93764 32.3501 2.2
      vertex 1.93764 32.3501 6.2
    endloop
  endfacet
  facet normal -0.831487 -0.555544 0
    outer loop
      vertex 1.93764 2.14992 2.2
      vertex 1.85407 2.275 6.2
      vertex 1.85407 2.275 2.2
    endloop
  endfacet
  facet normal -0.831487 -0.555544 0
    outer loop
      vertex 1.85407 2.275 6.2
      vertex 1.93764 2.14992 2.2
      vertex 1.93764 2.14992 6.2
    endloop
  endfacet
  facet normal 0.997876 -0.0651468 0
    outer loop
      vertex 68.7902 2.69989 6.2
      vertex 68.8 2.85 2.2
      vertex 68.8 2.85 6.2
    endloop
  endfacet
  facet normal 0.997876 -0.0651468 0
    outer loop
      vertex 68.8 2.85 2.2
      vertex 68.7902 2.69989 6.2
      vertex 68.7902 2.69989 2.2
    endloop
  endfacet
  facet normal -0.659431 0.751765 0
    outer loop
      vertex 2.14992 32.5624 2.2
      vertex 2.03683 32.4632 6.2
      vertex 2.14992 32.5624 6.2
    endloop
  endfacet
  facet normal -0.659431 0.751765 0
    outer loop
      vertex 2.03683 32.4632 6.2
      vertex 2.14992 32.5624 2.2
      vertex 2.03683 32.4632 2.2
    endloop
  endfacet
  facet normal -0.0654115 -0.997858 0
    outer loop
      vertex 2.69989 1.70984 2.2
      vertex 2.85 1.7 6.2
      vertex 2.69989 1.70984 6.2
    endloop
  endfacet
  facet normal -0.0654115 -0.997858 -0
    outer loop
      vertex 2.85 1.7 6.2
      vertex 2.69989 1.70984 2.2
      vertex 2.85 1.7 2.2
    endloop
  endfacet
  facet normal 0.442314 -0.89686 0
    outer loop
      vertex 68.0901 1.78754 2.2
      vertex 68.225 1.85407 6.2
      vertex 68.0901 1.78754 6.2
    endloop
  endfacet
  facet normal 0.442314 -0.89686 0
    outer loop
      vertex 68.225 1.85407 6.2
      vertex 68.0901 1.78754 2.2
      vertex 68.225 1.85407 2.2
    endloop
  endfacet
  facet normal 0.195093 -0.980785 0
    outer loop
      vertex 67.8001 1.70984 2.2
      vertex 67.9476 1.73918 6.2
      vertex 67.8001 1.70984 6.2
    endloop
  endfacet
  facet normal 0.195093 -0.980785 0
    outer loop
      vertex 67.9476 1.73918 6.2
      vertex 67.8001 1.70984 2.2
      vertex 67.9476 1.73918 2.2
    endloop
  endfacet
  facet normal -0.321468 -0.946921 0
    outer loop
      vertex 2.40991 1.78754 2.2
      vertex 2.55236 1.73918 6.2
      vertex 2.40991 1.78754 6.2
    endloop
  endfacet
  facet normal -0.321468 -0.946921 -0
    outer loop
      vertex 2.55236 1.73918 6.2
      vertex 2.40991 1.78754 2.2
      vertex 2.55236 1.73918 2.2
    endloop
  endfacet
  facet normal 0.195477 0.980708 -0
    outer loop
      vertex 67.9476 32.7608 2.2
      vertex 67.8001 32.7902 6.2
      vertex 67.9476 32.7608 6.2
    endloop
  endfacet
  facet normal 0.195477 0.980708 0
    outer loop
      vertex 67.8001 32.7902 6.2
      vertex 67.9476 32.7608 2.2
      vertex 67.8001 32.7902 2.2
    endloop
  endfacet
  facet normal 0.980708 0.195477 0
    outer loop
      vertex 68.7902 31.8001 6.2
      vertex 68.7608 31.9476 2.2
      vertex 68.7608 31.9476 6.2
    endloop
  endfacet
  facet normal 0.980708 0.195477 0
    outer loop
      vertex 68.7608 31.9476 2.2
      vertex 68.7902 31.8001 6.2
      vertex 68.7902 31.8001 2.2
    endloop
  endfacet
  facet normal -0.980792 -0.195055 0
    outer loop
      vertex 1.73918 2.55236 2.2
      vertex 1.70984 2.69989 6.2
      vertex 1.70984 2.69989 2.2
    endloop
  endfacet
  facet normal -0.980792 -0.195055 0
    outer loop
      vertex 1.70984 2.69989 6.2
      vertex 1.73918 2.55236 2.2
      vertex 1.73918 2.55236 6.2
    endloop
  endfacet
  facet normal -0.195055 -0.980792 0
    outer loop
      vertex 2.55236 1.73918 2.2
      vertex 2.69989 1.70984 6.2
      vertex 2.55236 1.73918 6.2
    endloop
  endfacet
  facet normal -0.195055 -0.980792 -0
    outer loop
      vertex 2.69989 1.70984 6.2
      vertex 2.55236 1.73918 2.2
      vertex 2.69989 1.70984 2.2
    endloop
  endfacet
  facet normal 0.947076 0.321009 0
    outer loop
      vertex 68.7608 31.9476 6.2
      vertex 68.7125 32.0901 2.2
      vertex 68.7125 32.0901 6.2
    endloop
  endfacet
  facet normal 0.947076 0.321009 0
    outer loop
      vertex 68.7125 32.0901 2.2
      vertex 68.7608 31.9476 6.2
      vertex 68.7608 31.9476 2.2
    endloop
  endfacet
  facet normal 0.442688 0.896676 -0
    outer loop
      vertex 68.225 32.6459 2.2
      vertex 68.0901 32.7125 6.2
      vertex 68.225 32.6459 6.2
    endloop
  endfacet
  facet normal 0.442688 0.896676 0
    outer loop
      vertex 68.0901 32.7125 6.2
      vertex 68.225 32.6459 2.2
      vertex 68.0901 32.7125 2.2
    endloop
  endfacet
  facet normal -0.997858 -0.0654115 0
    outer loop
      vertex 1.70984 2.69989 2.2
      vertex 1.7 2.85 6.2
      vertex 1.7 2.85 2.2
    endloop
  endfacet
  facet normal -0.997858 -0.0654115 0
    outer loop
      vertex 1.7 2.85 6.2
      vertex 1.70984 2.69989 2.2
      vertex 1.70984 2.69989 6.2
    endloop
  endfacet
  facet normal 0.896689 -0.442662 0
    outer loop
      vertex 68.6459 2.275 6.2
      vertex 68.7125 2.40991 2.2
      vertex 68.7125 2.40991 6.2
    endloop
  endfacet
  facet normal 0.896689 -0.442662 0
    outer loop
      vertex 68.7125 2.40991 2.2
      vertex 68.6459 2.275 6.2
      vertex 68.6459 2.275 2.2
    endloop
  endfacet
  facet normal -0.659394 -0.751798 0
    outer loop
      vertex 2.03683 2.03683 2.2
      vertex 2.14992 1.93764 6.2
      vertex 2.03683 2.03683 6.2
    endloop
  endfacet
  facet normal -0.659394 -0.751798 -0
    outer loop
      vertex 2.14992 1.93764 6.2
      vertex 2.03683 2.03683 2.2
      vertex 2.14992 1.93764 2.2
    endloop
  endfacet
  facet normal 0.659361 -0.751827 0
    outer loop
      vertex 68.3501 1.93764 2.2
      vertex 68.4632 2.03683 6.2
      vertex 68.3501 1.93764 6.2
    endloop
  endfacet
  facet normal 0.659361 -0.751827 0
    outer loop
      vertex 68.4632 2.03683 6.2
      vertex 68.3501 1.93764 2.2
      vertex 68.4632 2.03683 2.2
    endloop
  endfacet
  facet normal -0.980785 0.195093 0
    outer loop
      vertex 1.70984 31.8001 2.2
      vertex 1.73918 31.9476 6.2
      vertex 1.73918 31.9476 2.2
    endloop
  endfacet
  facet normal -0.980785 0.195093 0
    outer loop
      vertex 1.73918 31.9476 6.2
      vertex 1.70984 31.8001 2.2
      vertex 1.70984 31.8001 6.2
    endloop
  endfacet
  facet normal -0.946955 0.321367 0
    outer loop
      vertex 1.73918 31.9476 2.2
      vertex 1.78754 32.0901 6.2
      vertex 1.78754 32.0901 2.2
    endloop
  endfacet
  facet normal -0.946955 0.321367 0
    outer loop
      vertex 1.78754 32.0901 6.2
      vertex 1.73918 31.9476 2.2
      vertex 1.73918 31.9476 6.2
    endloop
  endfacet
  facet normal -0.831528 0.555482 0
    outer loop
      vertex 1.85407 32.225 2.2
      vertex 1.93764 32.3501 6.2
      vertex 1.93764 32.3501 2.2
    endloop
  endfacet
  facet normal -0.831528 0.555482 0
    outer loop
      vertex 1.93764 32.3501 6.2
      vertex 1.85407 32.225 2.2
      vertex 1.85407 32.225 6.2
    endloop
  endfacet
  facet normal 0.896676 0.442688 0
    outer loop
      vertex 68.7125 32.0901 6.2
      vertex 68.6459 32.225 2.2
      vertex 68.6459 32.225 6.2
    endloop
  endfacet
  facet normal 0.896676 0.442688 0
    outer loop
      vertex 68.6459 32.225 2.2
      vertex 68.7125 32.0901 6.2
      vertex 68.7125 32.0901 2.2
    endloop
  endfacet
  facet normal 0.831702 -0.555222 0
    outer loop
      vertex 68.5624 2.14992 6.2
      vertex 68.6459 2.275 2.2
      vertex 68.6459 2.275 6.2
    endloop
  endfacet
  facet normal 0.831702 -0.555222 0
    outer loop
      vertex 68.6459 2.275 2.2
      vertex 68.5624 2.14992 6.2
      vertex 68.5624 2.14992 2.2
    endloop
  endfacet
  facet normal 0.659398 0.751794 -0
    outer loop
      vertex 68.4632 32.4632 2.2
      vertex 68.3501 32.5624 6.2
      vertex 68.4632 32.4632 6.2
    endloop
  endfacet
  facet normal 0.659398 0.751794 0
    outer loop
      vertex 68.3501 32.5624 6.2
      vertex 68.4632 32.4632 2.2
      vertex 68.3501 32.5624 2.2
    endloop
  endfacet
  facet normal 0.0654159 -0.997858 0
    outer loop
      vertex 67.65 1.7 2.2
      vertex 67.8001 1.70984 6.2
      vertex 67.65 1.7 6.2
    endloop
  endfacet
  facet normal 0.0654159 -0.997858 0
    outer loop
      vertex 67.8001 1.70984 6.2
      vertex 67.65 1.7 2.2
      vertex 67.8001 1.70984 2.2
    endloop
  endfacet
  facet normal 0.831743 0.55516 0
    outer loop
      vertex 68.6459 32.225 6.2
      vertex 68.5624 32.3501 2.2
      vertex 68.5624 32.3501 6.2
    endloop
  endfacet
  facet normal 0.831743 0.55516 0
    outer loop
      vertex 68.5624 32.3501 2.2
      vertex 68.6459 32.225 6.2
      vertex 68.6459 32.225 2.2
    endloop
  endfacet
  facet normal -0.555222 0.831702 0
    outer loop
      vertex 2.275 32.6459 2.2
      vertex 2.14992 32.5624 6.2
      vertex 2.275 32.6459 6.2
    endloop
  endfacet
  facet normal -0.555222 0.831702 0
    outer loop
      vertex 2.14992 32.5624 6.2
      vertex 2.275 32.6459 2.2
      vertex 2.14992 32.5624 2.2
    endloop
  endfacet
  facet normal 0.997875 0.0651511 0
    outer loop
      vertex 68.8 31.65 6.2
      vertex 68.7902 31.8001 2.2
      vertex 68.7902 31.8001 6.2
    endloop
  endfacet
  facet normal 0.997875 0.0651511 0
    outer loop
      vertex 68.7902 31.8001 2.2
      vertex 68.8 31.65 6.2
      vertex 68.8 31.65 2.2
    endloop
  endfacet
  facet normal 0.55516 0.831743 -0
    outer loop
      vertex 68.3501 32.5624 2.2
      vertex 68.225 32.6459 6.2
      vertex 68.3501 32.5624 6.2
    endloop
  endfacet
  facet normal 0.55516 0.831743 0
    outer loop
      vertex 68.225 32.6459 6.2
      vertex 68.3501 32.5624 2.2
      vertex 68.225 32.6459 2.2
    endloop
  endfacet
  facet normal -0.997858 0.0654159 0
    outer loop
      vertex 1.7 31.65 2.2
      vertex 1.70984 31.8001 6.2
      vertex 1.70984 31.8001 2.2
    endloop
  endfacet
  facet normal -0.997858 0.0654159 0
    outer loop
      vertex 1.70984 31.8001 6.2
      vertex 1.7 31.65 2.2
      vertex 1.7 31.65 6.2
    endloop
  endfacet
  facet normal -0.997851 0.0655259 0
    outer loop
      vertex 67.494 3.60863 2.2
      vertex 67.5 3.7 6.2
      vertex 67.5 3.7 2.2
    endloop
  endfacet
  facet normal -0.997851 0.0655259 0
    outer loop
      vertex 67.5 3.7 6.2
      vertex 67.494 3.60863 2.2
      vertex 67.494 3.60863 6.2
    endloop
  endfacet
  facet normal -0.0653958 0.997859 0
    outer loop
      vertex 66.8914 3.00599 2.2
      vertex 66.8 3 6.2
      vertex 66.8914 3.00599 6.2
    endloop
  endfacet
  facet normal -0.0653958 0.997859 0
    outer loop
      vertex 66.8 3 6.2
      vertex 66.8914 3.00599 2.2
      vertex 66.8 3 2.2
    endloop
  endfacet
  facet normal -0.997852 -0.0655045 0
    outer loop
      vertex 67.5 30.8 2.2
      vertex 67.494 30.8914 6.2
      vertex 67.494 30.8914 2.2
    endloop
  endfacet
  facet normal -0.997852 -0.0655045 0
    outer loop
      vertex 67.494 30.8914 6.2
      vertex 67.5 30.8 2.2
      vertex 67.5 30.8 6.2
    endloop
  endfacet
  facet normal -0.195486 -0.980706 0
    outer loop
      vertex 66.8914 31.494 2.2
      vertex 66.9812 31.4761 6.2
      vertex 66.8914 31.494 6.2
    endloop
  endfacet
  facet normal -0.195486 -0.980706 -0
    outer loop
      vertex 66.9812 31.4761 6.2
      vertex 66.8914 31.494 2.2
      vertex 66.9812 31.4761 2.2
    endloop
  endfacet
  facet normal -1 0 0
    outer loop
      vertex 67.5 3.7 2.2
      vertex 67.5 30.8 6.2
      vertex 67.5 30.8 2.2
    endloop
  endfacet
  facet normal -1 -0 0
    outer loop
      vertex 67.5 30.8 6.2
      vertex 67.5 3.7 2.2
      vertex 67.5 3.7 6.2
    endloop
  endfacet
  facet normal 0 1 -0
    outer loop
      vertex 66.8 3 2.2
      vertex 3.7 3 6.2
      vertex 66.8 3 6.2
    endloop
  endfacet
  facet normal 0 1 0
    outer loop
      vertex 3.7 3 6.2
      vertex 66.8 3 2.2
      vertex 3.7 3 2.2
    endloop
  endfacet
  facet normal 0.3214 0.946944 -0
    outer loop
      vertex 3.51883 3.02385 2.2
      vertex 3.43212 3.05328 6.2
      vertex 3.51883 3.02385 6.2
    endloop
  endfacet
  facet normal 0.3214 0.946944 0
    outer loop
      vertex 3.43212 3.05328 6.2
      vertex 3.51883 3.02385 2.2
      vertex 3.43212 3.05328 2.2
    endloop
  endfacet
  facet normal 0 -1 0
    outer loop
      vertex 3.7 31.5 2.2
      vertex 66.8 31.5 6.2
      vertex 3.7 31.5 6.2
    endloop
  endfacet
  facet normal 0 -1 -0
    outer loop
      vertex 66.8 31.5 6.2
      vertex 3.7 31.5 2.2
      vertex 66.8 31.5 2.2
    endloop
  endfacet
  facet normal 0.831361 -0.555733 0
    outer loop
      vertex 3.09378 31.15 6.2
      vertex 3.14465 31.2261 2.2
      vertex 3.14465 31.2261 6.2
    endloop
  endfacet
  facet normal 0.831361 -0.555733 0
    outer loop
      vertex 3.14465 31.2261 2.2
      vertex 3.09378 31.15 6.2
      vertex 3.09378 31.15 2.2
    endloop
  endfacet
  facet normal -0.896817 -0.442401 0
    outer loop
      vertex 67.4467 31.0679 2.2
      vertex 67.4062 31.15 6.2
      vertex 67.4062 31.15 2.2
    endloop
  endfacet
  facet normal -0.896817 -0.442401 0
    outer loop
      vertex 67.4062 31.15 6.2
      vertex 67.4467 31.0679 2.2
      vertex 67.4467 31.0679 6.2
    endloop
  endfacet
  facet normal 0.0654172 0.997858 -0
    outer loop
      vertex 3.7 3 2.2
      vertex 3.60863 3.00599 6.2
      vertex 3.7 3 6.2
    endloop
  endfacet
  facet normal 0.0654172 0.997858 0
    outer loop
      vertex 3.60863 3.00599 6.2
      vertex 3.7 3 2.2
      vertex 3.60863 3.00599 2.2
    endloop
  endfacet
  facet normal -0.321139 -0.947032 0
    outer loop
      vertex 66.9812 31.4761 2.2
      vertex 67.0679 31.4467 6.2
      vertex 66.9812 31.4761 6.2
    endloop
  endfacet
  facet normal -0.321139 -0.947032 -0
    outer loop
      vertex 67.0679 31.4467 6.2
      vertex 66.9812 31.4761 2.2
      vertex 67.0679 31.4467 2.2
    endloop
  endfacet
  facet normal -0.83131 0.555808 0
    outer loop
      vertex 67.3553 3.27387 2.2
      vertex 67.4062 3.35 6.2
      vertex 67.4062 3.35 2.2
    endloop
  endfacet
  facet normal -0.83131 0.555808 0
    outer loop
      vertex 67.4062 3.35 6.2
      vertex 67.3553 3.27387 2.2
      vertex 67.3553 3.27387 6.2
    endloop
  endfacet
  facet normal 0.946932 -0.321433 0
    outer loop
      vertex 3.02385 30.9812 6.2
      vertex 3.05328 31.0679 2.2
      vertex 3.05328 31.0679 6.2
    endloop
  endfacet
  facet normal 0.946932 -0.321433 0
    outer loop
      vertex 3.05328 31.0679 2.2
      vertex 3.02385 30.9812 6.2
      vertex 3.02385 30.9812 2.2
    endloop
  endfacet
  facet normal -0.831209 -0.55596 0
    outer loop
      vertex 67.4062 31.15 2.2
      vertex 67.3553 31.2261 6.2
      vertex 67.3553 31.2261 2.2
    endloop
  endfacet
  facet normal -0.831209 -0.55596 0
    outer loop
      vertex 67.3553 31.2261 6.2
      vertex 67.4062 31.15 2.2
      vertex 67.4062 31.15 6.2
    endloop
  endfacet
  facet normal 0.896817 -0.442401 0
    outer loop
      vertex 3.05328 31.0679 6.2
      vertex 3.09378 31.15 2.2
      vertex 3.09378 31.15 6.2
    endloop
  endfacet
  facet normal 0.896817 -0.442401 0
    outer loop
      vertex 3.09378 31.15 2.2
      vertex 3.05328 31.0679 6.2
      vertex 3.05328 31.0679 2.2
    endloop
  endfacet
  facet normal -0.321433 0.946932 0
    outer loop
      vertex 67.0679 3.05328 2.2
      vertex 66.9812 3.02385 6.2
      vertex 67.0679 3.05328 6.2
    endloop
  endfacet
  facet normal -0.321433 0.946932 0
    outer loop
      vertex 66.9812 3.02385 6.2
      vertex 67.0679 3.05328 2.2
      vertex 66.9812 3.02385 2.2
    endloop
  endfacet
  facet normal -0.980915 -0.194435 0
    outer loop
      vertex 67.494 30.8914 2.2
      vertex 67.4762 30.9812 6.2
      vertex 67.4762 30.9812 2.2
    endloop
  endfacet
  facet normal -0.980915 -0.194435 0
    outer loop
      vertex 67.4762 30.9812 6.2
      vertex 67.494 30.8914 2.2
      vertex 67.494 30.8914 6.2
    endloop
  endfacet
  facet normal -0.89686 0.442314 0
    outer loop
      vertex 67.4062 3.35 2.2
      vertex 67.4467 3.43212 6.2
      vertex 67.4467 3.43212 2.2
    endloop
  endfacet
  facet normal -0.89686 0.442314 0
    outer loop
      vertex 67.4467 3.43212 6.2
      vertex 67.4062 3.35 2.2
      vertex 67.4062 3.35 6.2
    endloop
  endfacet
  facet normal 0.321106 -0.947043 0
    outer loop
      vertex 3.43212 31.4467 2.2
      vertex 3.51883 31.4761 6.2
      vertex 3.43212 31.4467 6.2
    endloop
  endfacet
  facet normal 0.321106 -0.947043 0
    outer loop
      vertex 3.51883 31.4761 6.2
      vertex 3.43212 31.4467 2.2
      vertex 3.51883 31.4761 2.2
    endloop
  endfacet
  facet normal 1 -0 0
    outer loop
      vertex 3 3.7 6.2
      vertex 3 30.8 2.2
      vertex 3 30.8 6.2
    endloop
  endfacet
  facet normal 1 0 0
    outer loop
      vertex 3 30.8 2.2
      vertex 3 3.7 6.2
      vertex 3 3.7 2.2
    endloop
  endfacet
  facet normal -0.946711 0.322085 0
    outer loop
      vertex 67.4467 3.43212 2.2
      vertex 67.4762 3.51883 6.2
      vertex 67.4762 3.51883 2.2
    endloop
  endfacet
  facet normal -0.946711 0.322085 0
    outer loop
      vertex 67.4762 3.51883 6.2
      vertex 67.4467 3.43212 2.2
      vertex 67.4467 3.43212 6.2
    endloop
  endfacet
  facet normal -0.659015 0.75213 0
    outer loop
      vertex 67.295 3.20502 2.2
      vertex 67.2261 3.14465 6.2
      vertex 67.295 3.20502 6.2
    endloop
  endfacet
  facet normal -0.659015 0.75213 0
    outer loop
      vertex 67.2261 3.14465 6.2
      vertex 67.295 3.20502 2.2
      vertex 67.2261 3.14465 2.2
    endloop
  endfacet
  facet normal -0.555733 0.831361 0
    outer loop
      vertex 67.2261 3.14465 2.2
      vertex 67.15 3.09378 6.2
      vertex 67.2261 3.14465 6.2
    endloop
  endfacet
  facet normal -0.555733 0.831361 0
    outer loop
      vertex 67.15 3.09378 6.2
      vertex 67.2261 3.14465 2.2
      vertex 67.15 3.09378 2.2
    endloop
  endfacet
  facet normal 0.195066 0.98079 -0
    outer loop
      vertex 3.60863 3.00599 2.2
      vertex 3.51883 3.02385 6.2
      vertex 3.60863 3.00599 6.2
    endloop
  endfacet
  facet normal 0.195066 0.98079 0
    outer loop
      vertex 3.51883 3.02385 6.2
      vertex 3.60863 3.00599 2.2
      vertex 3.51883 3.02385 2.2
    endloop
  endfacet
  facet normal -0.9467 -0.322118 0
    outer loop
      vertex 67.4762 30.9812 2.2
      vertex 67.4467 31.0679 6.2
      vertex 67.4467 31.0679 2.2
    endloop
  endfacet
  facet normal -0.9467 -0.322118 0
    outer loop
      vertex 67.4467 31.0679 6.2
      vertex 67.4762 30.9812 2.2
      vertex 67.4762 30.9812 6.2
    endloop
  endfacet
  facet normal 0.997858 0.0654172 0
    outer loop
      vertex 3.00599 3.60863 6.2
      vertex 3 3.7 2.2
      vertex 3 3.7 6.2
    endloop
  endfacet
  facet normal 0.997858 0.0654172 0
    outer loop
      vertex 3 3.7 2.2
      vertex 3.00599 3.60863 6.2
      vertex 3.00599 3.60863 2.2
    endloop
  endfacet
  facet normal -0.55596 -0.831209 0
    outer loop
      vertex 67.15 31.4062 2.2
      vertex 67.2261 31.3553 6.2
      vertex 67.15 31.4062 6.2
    endloop
  endfacet
  facet normal -0.55596 -0.831209 -0
    outer loop
      vertex 67.2261 31.3553 6.2
      vertex 67.15 31.4062 2.2
      vertex 67.2261 31.3553 2.2
    endloop
  endfacet
  facet normal -0.752509 -0.658582 0
    outer loop
      vertex 67.3553 31.2261 2.2
      vertex 67.295 31.295 6.2
      vertex 67.295 31.295 2.2
    endloop
  endfacet
  facet normal -0.752509 -0.658582 0
    outer loop
      vertex 67.295 31.295 6.2
      vertex 67.3553 31.2261 2.2
      vertex 67.3553 31.2261 6.2
    endloop
  endfacet
  facet normal 0.195486 -0.980706 0
    outer loop
      vertex 3.51883 31.4761 2.2
      vertex 3.60863 31.494 6.2
      vertex 3.51883 31.4761 6.2
    endloop
  endfacet
  facet normal 0.195486 -0.980706 0
    outer loop
      vertex 3.60863 31.494 6.2
      vertex 3.51883 31.4761 2.2
      vertex 3.60863 31.494 2.2
    endloop
  endfacet
  facet normal 0.0655259 -0.997851 0
    outer loop
      vertex 3.60863 31.494 2.2
      vertex 3.7 31.5 6.2
      vertex 3.60863 31.494 6.2
    endloop
  endfacet
  facet normal 0.0655259 -0.997851 0
    outer loop
      vertex 3.7 31.5 6.2
      vertex 3.60863 31.494 2.2
      vertex 3.7 31.5 2.2
    endloop
  endfacet
  facet normal -0.195066 0.98079 0
    outer loop
      vertex 66.9812 3.02385 2.2
      vertex 66.8914 3.00599 6.2
      vertex 66.9812 3.02385 6.2
    endloop
  endfacet
  facet normal -0.195066 0.98079 0
    outer loop
      vertex 66.8914 3.00599 6.2
      vertex 66.9812 3.02385 2.2
      vertex 66.8914 3.00599 2.2
    endloop
  endfacet
  facet normal 0.831462 0.555582 0
    outer loop
      vertex 3.14465 3.27387 6.2
      vertex 3.09378 3.35 2.2
      vertex 3.09378 3.35 6.2
    endloop
  endfacet
  facet normal 0.831462 0.555582 0
    outer loop
      vertex 3.09378 3.35 2.2
      vertex 3.14465 3.27387 6.2
      vertex 3.14465 3.27387 2.2
    endloop
  endfacet
  facet normal -0.0655045 -0.997852 0
    outer loop
      vertex 66.8 31.5 2.2
      vertex 66.8914 31.494 6.2
      vertex 66.8 31.5 6.2
    endloop
  endfacet
  facet normal -0.0655045 -0.997852 -0
    outer loop
      vertex 66.8914 31.494 6.2
      vertex 66.8 31.5 2.2
      vertex 66.8914 31.494 2.2
    endloop
  endfacet
  facet normal -0.442401 -0.896817 0
    outer loop
      vertex 67.0679 31.4467 2.2
      vertex 67.15 31.4062 6.2
      vertex 67.0679 31.4467 6.2
    endloop
  endfacet
  facet normal -0.442401 -0.896817 -0
    outer loop
      vertex 67.15 31.4062 6.2
      vertex 67.0679 31.4467 2.2
      vertex 67.15 31.4062 2.2
    endloop
  endfacet
  facet normal 0.658853 -0.752272 0
    outer loop
      vertex 3.20502 31.295 2.2
      vertex 3.27387 31.3553 6.2
      vertex 3.20502 31.295 6.2
    endloop
  endfacet
  facet normal 0.658853 -0.752272 0
    outer loop
      vertex 3.27387 31.3553 6.2
      vertex 3.20502 31.295 2.2
      vertex 3.27387 31.3553 2.2
    endloop
  endfacet
  facet normal 0.442314 -0.89686 0
    outer loop
      vertex 3.35 31.4062 2.2
      vertex 3.43212 31.4467 6.2
      vertex 3.35 31.4062 6.2
    endloop
  endfacet
  facet normal 0.442314 -0.89686 0
    outer loop
      vertex 3.43212 31.4467 6.2
      vertex 3.35 31.4062 2.2
      vertex 3.43212 31.4467 2.2
    endloop
  endfacet
  facet normal -0.658582 -0.752509 0
    outer loop
      vertex 67.2261 31.3553 2.2
      vertex 67.295 31.295 6.2
      vertex 67.2261 31.3553 6.2
    endloop
  endfacet
  facet normal -0.658582 -0.752509 -0
    outer loop
      vertex 67.295 31.295 6.2
      vertex 67.2261 31.3553 2.2
      vertex 67.295 31.295 2.2
    endloop
  endfacet
  facet normal 0.442314 0.89686 -0
    outer loop
      vertex 3.43212 3.05328 2.2
      vertex 3.35 3.09378 6.2
      vertex 3.43212 3.05328 6.2
    endloop
  endfacet
  facet normal 0.442314 0.89686 0
    outer loop
      vertex 3.35 3.09378 6.2
      vertex 3.43212 3.05328 2.2
      vertex 3.35 3.09378 2.2
    endloop
  endfacet
  facet normal -0.980915 0.194435 0
    outer loop
      vertex 67.4762 3.51883 2.2
      vertex 67.494 3.60863 6.2
      vertex 67.494 3.60863 2.2
    endloop
  endfacet
  facet normal -0.980915 0.194435 0
    outer loop
      vertex 67.494 3.60863 6.2
      vertex 67.4762 3.51883 2.2
      vertex 67.4762 3.51883 6.2
    endloop
  endfacet
  facet normal 0.946944 0.3214 0
    outer loop
      vertex 3.05328 3.43212 6.2
      vertex 3.02385 3.51883 2.2
      vertex 3.02385 3.51883 6.2
    endloop
  endfacet
  facet normal 0.946944 0.3214 0
    outer loop
      vertex 3.02385 3.51883 2.2
      vertex 3.05328 3.43212 6.2
      vertex 3.05328 3.43212 2.2
    endloop
  endfacet
  facet normal 0.75213 -0.659015 0
    outer loop
      vertex 3.14465 31.2261 6.2
      vertex 3.20502 31.295 2.2
      vertex 3.20502 31.295 6.2
    endloop
  endfacet
  facet normal 0.75213 -0.659015 0
    outer loop
      vertex 3.20502 31.295 2.2
      vertex 3.14465 31.2261 6.2
      vertex 3.14465 31.2261 2.2
    endloop
  endfacet
  facet normal -0.442401 0.896817 0
    outer loop
      vertex 67.15 3.09378 2.2
      vertex 67.0679 3.05328 6.2
      vertex 67.15 3.09378 6.2
    endloop
  endfacet
  facet normal -0.442401 0.896817 0
    outer loop
      vertex 67.0679 3.05328 6.2
      vertex 67.15 3.09378 2.2
      vertex 67.0679 3.05328 2.2
    endloop
  endfacet
  facet normal -0.752272 0.658853 0
    outer loop
      vertex 67.295 3.20502 2.2
      vertex 67.3553 3.27387 6.2
      vertex 67.3553 3.27387 2.2
    endloop
  endfacet
  facet normal -0.752272 0.658853 0
    outer loop
      vertex 67.3553 3.27387 6.2
      vertex 67.295 3.20502 2.2
      vertex 67.295 3.20502 6.2
    endloop
  endfacet
  facet normal 0.555808 -0.83131 0
    outer loop
      vertex 3.27387 31.3553 2.2
      vertex 3.35 31.4062 6.2
      vertex 3.27387 31.3553 6.2
    endloop
  endfacet
  facet normal 0.555808 -0.83131 0
    outer loop
      vertex 3.35 31.4062 6.2
      vertex 3.27387 31.3553 2.2
      vertex 3.35 31.4062 2.2
    endloop
  endfacet
  facet normal 0.659285 0.751893 -0
    outer loop
      vertex 3.27387 3.14465 2.2
      vertex 3.20502 3.20502 6.2
      vertex 3.27387 3.14465 6.2
    endloop
  endfacet
  facet normal 0.659285 0.751893 0
    outer loop
      vertex 3.20502 3.20502 6.2
      vertex 3.27387 3.14465 2.2
      vertex 3.20502 3.20502 2.2
    endloop
  endfacet
  facet normal 0.98079 0.195066 0
    outer loop
      vertex 3.02385 3.51883 6.2
      vertex 3.00599 3.60863 2.2
      vertex 3.00599 3.60863 6.2
    endloop
  endfacet
  facet normal 0.98079 0.195066 0
    outer loop
      vertex 3.00599 3.60863 2.2
      vertex 3.02385 3.51883 6.2
      vertex 3.02385 3.51883 2.2
    endloop
  endfacet
  facet normal 0.89686 0.442314 0
    outer loop
      vertex 3.09378 3.35 6.2
      vertex 3.05328 3.43212 2.2
      vertex 3.05328 3.43212 6.2
    endloop
  endfacet
  facet normal 0.89686 0.442314 0
    outer loop
      vertex 3.05328 3.43212 2.2
      vertex 3.09378 3.35 6.2
      vertex 3.09378 3.35 2.2
    endloop
  endfacet
  facet normal 0.98079 -0.195066 0
    outer loop
      vertex 3.00599 30.8914 6.2
      vertex 3.02385 30.9812 2.2
      vertex 3.02385 30.9812 6.2
    endloop
  endfacet
  facet normal 0.98079 -0.195066 0
    outer loop
      vertex 3.02385 30.9812 2.2
      vertex 3.00599 30.8914 6.2
      vertex 3.00599 30.8914 2.2
    endloop
  endfacet
  facet normal 0.997859 -0.0653958 0
    outer loop
      vertex 3 30.8 6.2
      vertex 3.00599 30.8914 2.2
      vertex 3.00599 30.8914 6.2
    endloop
  endfacet
  facet normal 0.997859 -0.0653958 0
    outer loop
      vertex 3.00599 30.8914 2.2
      vertex 3 30.8 6.2
      vertex 3 30.8 2.2
    endloop
  endfacet
  facet normal 0.555582 0.831462 -0
    outer loop
      vertex 3.35 3.09378 2.2
      vertex 3.27387 3.14465 6.2
      vertex 3.35 3.09378 6.2
    endloop
  endfacet
  facet normal 0.555582 0.831462 0
    outer loop
      vertex 3.27387 3.14465 6.2
      vertex 3.35 3.09378 2.2
      vertex 3.27387 3.14465 2.2
    endloop
  endfacet
  facet normal 0.751893 0.659285 0
    outer loop
      vertex 3.20502 3.20502 6.2
      vertex 3.14465 3.27387 2.2
      vertex 3.14465 3.27387 6.2
    endloop
  endfacet
  facet normal 0.751893 0.659285 0
    outer loop
      vertex 3.14465 3.27387 2.2
      vertex 3.20502 3.20502 6.2
      vertex 3.20502 3.20502 2.2
    endloop
  endfacet
  facet normal 1 -0 0
    outer loop
      vertex 23.455 1.28 4.2
      vertex 23.455 1.7 3.35
      vertex 23.455 1.7 4.2
    endloop
  endfacet
  facet normal 1 0 0
    outer loop
      vertex 23.455 1.7 3.35
      vertex 23.455 1.28 4.2
      vertex 23.455 1.28 3.35
    endloop
  endfacet
  facet normal -0 0 1
    outer loop
      vertex 20.255 1.7 4.2
      vertex 23.455 1.28 4.2
      vertex 23.455 1.7 4.2
    endloop
  endfacet
  facet normal 0 0 1
    outer loop
      vertex 23.455 1.28 4.2
      vertex 20.255 1.7 4.2
      vertex 20.255 1.28 4.2
    endloop
  endfacet
  facet normal 0 0 -1
    outer loop
      vertex 20.255 1.28 3.35
      vertex 23.455 1.7 3.35
      vertex 23.455 1.28 3.35
    endloop
  endfacet
  facet normal -0 0 -1
    outer loop
      vertex 23.455 1.7 3.35
      vertex 20.255 1.28 3.35
      vertex 20.255 1.7 3.35
    endloop
  endfacet
  facet normal -1 0 0
    outer loop
      vertex 20.255 1.28 3.35
      vertex 20.255 1.7 4.2
      vertex 20.255 1.7 3.35
    endloop
  endfacet
  facet normal -1 -0 0
    outer loop
      vertex 20.255 1.7 4.2
      vertex 20.255 1.28 3.35
      vertex 20.255 1.28 4.2
    endloop
  endfacet
  facet normal 0 -1 0
    outer loop
      vertex 20.255 1.28 3.35
      vertex 23.455 1.28 4.2
      vertex 20.255 1.28 4.2
    endloop
  endfacet
  facet normal 0 -1 -0
    outer loop
      vertex 23.455 1.28 4.2
      vertex 20.255 1.28 3.35
      vertex 23.455 1.28 3.35
    endloop
  endfacet
  facet normal 1 -0 0
    outer loop
      vertex 23.455 32.8 4.2
      vertex 23.455 33.22 3.35
      vertex 23.455 33.22 4.2
    endloop
  endfacet
  facet normal 1 0 0
    outer loop
      vertex 23.455 33.22 3.35
      vertex 23.455 32.8 4.2
      vertex 23.455 32.8 3.35
    endloop
  endfacet
  facet normal -0 0 1
    outer loop
      vertex 20.255 33.22 4.2
      vertex 23.455 32.8 4.2
      vertex 23.455 33.22 4.2
    endloop
  endfacet
  facet normal 0 0 1
    outer loop
      vertex 23.455 32.8 4.2
      vertex 20.255 33.22 4.2
      vertex 20.255 32.8 4.2
    endloop
  endfacet
  facet normal 0 0 -1
    outer loop
      vertex 20.255 32.8 3.35
      vertex 23.455 33.22 3.35
      vertex 23.455 32.8 3.35
    endloop
  endfacet
  facet normal -0 0 -1
    outer loop
      vertex 23.455 33.22 3.35
      vertex 20.255 32.8 3.35
      vertex 20.255 33.22 3.35
    endloop
  endfacet
  facet normal -1 0 0
    outer loop
      vertex 20.255 32.8 3.35
      vertex 20.255 33.22 4.2
      vertex 20.255 33.22 3.35
    endloop
  endfacet
  facet normal -1 -0 0
    outer loop
      vertex 20.255 33.22 4.2
      vertex 20.255 32.8 3.35
      vertex 20.255 32.8 4.2
    endloop
  endfacet
  facet normal 0 1 -0
    outer loop
      vertex 23.455 33.22 3.35
      vertex 20.255 33.22 4.2
      vertex 23.455 33.22 4.2
    endloop
  endfacet
  facet normal 0 1 0
    outer loop
      vertex 20.255 33.22 4.2
      vertex 23.455 33.22 3.35
      vertex 20.255 33.22 3.35
    endloop
  endfacet
  facet normal 1 -0 0
    outer loop
      vertex 50.245 1.28 4.2
      vertex 50.245 1.7 3.35
      vertex 50.245 1.7 4.2
    endloop
  endfacet
  facet normal 1 0 0
    outer loop
      vertex 50.245 1.7 3.35
      vertex 50.245 1.28 4.2
      vertex 50.245 1.28 3.35
    endloop
  endfacet
  facet normal -0 0 1
    outer loop
      vertex 47.045 1.7 4.2
      vertex 50.245 1.28 4.2
      vertex 50.245 1.7 4.2
    endloop
  endfacet
  facet normal 0 0 1
    outer loop
      vertex 50.245 1.28 4.2
      vertex 47.045 1.7 4.2
      vertex 47.045 1.28 4.2
    endloop
  endfacet
  facet normal 0 0 -1
    outer loop
      vertex 47.045 1.28 3.35
      vertex 50.245 1.7 3.35
      vertex 50.245 1.28 3.35
    endloop
  endfacet
  facet normal -0 0 -1
    outer loop
      vertex 50.245 1.7 3.35
      vertex 47.045 1.28 3.35
      vertex 47.045 1.7 3.35
    endloop
  endfacet
  facet normal -1 0 0
    outer loop
      vertex 47.045 1.28 3.35
      vertex 47.045 1.7 4.2
      vertex 47.045 1.7 3.35
    endloop
  endfacet
  facet normal -1 -0 0
    outer loop
      vertex 47.045 1.7 4.2
      vertex 47.045 1.28 3.35
      vertex 47.045 1.28 4.2
    endloop
  endfacet
  facet normal 0 -1 0
    outer loop
      vertex 47.045 1.28 3.35
      vertex 50.245 1.28 4.2
      vertex 47.045 1.28 4.2
    endloop
  endfacet
  facet normal 0 -1 -0
    outer loop
      vertex 50.245 1.28 4.2
      vertex 47.045 1.28 3.35
      vertex 50.245 1.28 3.35
    endloop
  endfacet
  facet normal 1 -0 0
    outer loop
      vertex 50.245 32.8 4.2
      vertex 50.245 33.22 3.35
      vertex 50.245 33.22 4.2
    endloop
  endfacet
  facet normal 1 0 0
    outer loop
      vertex 50.245 33.22 3.35
      vertex 50.245 32.8 4.2
      vertex 50.245 32.8 3.35
    endloop
  endfacet
  facet normal -0 0 1
    outer loop
      vertex 47.045 33.22 4.2
      vertex 50.245 32.8 4.2
      vertex 50.245 33.22 4.2
    endloop
  endfacet
  facet normal 0 0 1
    outer loop
      vertex 50.245 32.8 4.2
      vertex 47.045 33.22 4.2
      vertex 47.045 32.8 4.2
    endloop
  endfacet
  facet normal 0 0 -1
    outer loop
      vertex 47.045 32.8 3.35
      vertex 50.245 33.22 3.35
      vertex 50.245 32.8 3.35
    endloop
  endfacet
  facet normal -0 0 -1
    outer loop
      vertex 50.245 33.22 3.35
      vertex 47.045 32.8 3.35
      vertex 47.045 33.22 3.35
    endloop
  endfacet
  facet normal -1 0 0
    outer loop
      vertex 47.045 32.8 3.35
      vertex 47.045 33.22 4.2
      vertex 47.045 33.22 3.35
    endloop
  endfacet
  facet normal -1 -0 0
    outer loop
      vertex 47.045 33.22 4.2
      vertex 47.045 32.8 3.35
      vertex 47.045 32.8 4.2
    endloop
  endfacet
  facet normal 0 1 -0
    outer loop
      vertex 50.245 33.22 3.35
      vertex 47.045 33.22 4.2
      vertex 50.245 33.22 4.2
    endloop
  endfacet
  facet normal 0 1 0
    outer loop
      vertex 47.045 33.22 4.2
      vertex 50.245 33.22 3.35
      vertex 47.045 33.22 3.35
    endloop
  endfacet
  facet normal -0.997859 0.0653957 0
    outer loop
      vertex 0 31.7 0
      vertex 0.0239534 32.0655 2.2
      vertex 0.0239534 32.0655 0
    endloop
  endfacet
  facet normal -0.997859 0.0653957 0
    outer loop
      vertex 0.0239534 32.0655 2.2
      vertex 0 31.7 0
      vertex 0 31.7 2.2
    endloop
  endfacet
  facet normal -0.442303 0.896866 0
    outer loop
      vertex 1.72849 34.2869 0
      vertex 1.4 34.1249 2.2
      vertex 1.72849 34.2869 2.2
    endloop
  endfacet
  facet normal -0.442303 0.896866 0
    outer loop
      vertex 1.4 34.1249 2.2
      vertex 1.72849 34.2869 0
      vertex 1.4 34.1249 0
    endloop
  endfacet
  facet normal 0.980813 -0.19495 0
    outer loop
      vertex 70.4046 2.07531 2.2
      vertex 70.476 2.43453 0
      vertex 70.476 2.43453 2.2
    endloop
  endfacet
  facet normal 0.980813 -0.19495 0
    outer loop
      vertex 70.476 2.43453 0
      vertex 70.4046 2.07531 2.2
      vertex 70.4046 2.07531 0
    endloop
  endfacet
  facet normal 0.442292 0.896871 -0
    outer loop
      vertex 69.1 34.1249 0
      vertex 68.7715 34.2869 2.2
      vertex 69.1 34.1249 2.2
    endloop
  endfacet
  facet normal 0.442292 0.896871 0
    outer loop
      vertex 68.7715 34.2869 2.2
      vertex 69.1 34.1249 0
      vertex 68.7715 34.2869 0
    endloop
  endfacet
  facet normal -0.946925 0.321456 0
    outer loop
      vertex 0.0954075 32.4247 0
      vertex 0.213137 32.7715 2.2
      vertex 0.213137 32.7715 0
    endloop
  endfacet
  facet normal -0.946925 0.321456 0
    outer loop
      vertex 0.213137 32.7715 2.2
      vertex 0.0954075 32.4247 0
      vertex 0.0954075 32.4247 2.2
    endloop
  endfacet
  facet normal -1 0 0
    outer loop
      vertex 0 2.8 0
      vertex 0 31.7 2.2
      vertex 0 31.7 0
    endloop
  endfacet
  facet normal -1 -0 0
    outer loop
      vertex 0 31.7 2.2
      vertex 0 2.8 0
      vertex 0 2.8 2.2
    endloop
  endfacet
  facet normal 0.659302 -0.751878 0
    outer loop
      vertex 69.4045 0.57861 0
      vertex 69.6799 0.820101 2.2
      vertex 69.4045 0.57861 2.2
    endloop
  endfacet
  facet normal 0.659302 -0.751878 0
    outer loop
      vertex 69.6799 0.820101 2.2
      vertex 69.4045 0.57861 0
      vertex 69.6799 0.820101 0
    endloop
  endfacet
  facet normal -0.659358 0.751829 0
    outer loop
      vertex 1.09547 33.9214 0
      vertex 0.820101 33.6799 2.2
      vertex 1.09547 33.9214 2.2
    endloop
  endfacet
  facet normal -0.659358 0.751829 0
    outer loop
      vertex 0.820101 33.6799 2.2
      vertex 1.09547 33.9214 0
      vertex 0.820101 33.6799 0
    endloop
  endfacet
  facet normal 0.83142 0.555645 0
    outer loop
      vertex 70.1249 33.1 2.2
      vertex 69.9214 33.4045 0
      vertex 69.9214 33.4045 2.2
    endloop
  endfacet
  facet normal 0.83142 0.555645 0
    outer loop
      vertex 69.9214 33.4045 0
      vertex 70.1249 33.1 2.2
      vertex 70.1249 33.1 0
    endloop
  endfacet
  facet normal 0 1 -0
    outer loop
      vertex 67.7 34.5 0
      vertex 2.8 34.5 2.2
      vertex 67.7 34.5 2.2
    endloop
  endfacet
  facet normal 0 1 0
    outer loop
      vertex 2.8 34.5 2.2
      vertex 67.7 34.5 0
      vertex 2.8 34.5 0
    endloop
  endfacet
  facet normal 0.555609 -0.831444 0
    outer loop
      vertex 69.1 0.375129 0
      vertex 69.4045 0.57861 2.2
      vertex 69.1 0.375129 2.2
    endloop
  endfacet
  facet normal 0.555609 -0.831444 0
    outer loop
      vertex 69.4045 0.57861 2.2
      vertex 69.1 0.375129 0
      vertex 69.4045 0.57861 0
    endloop
  endfacet
  facet normal -0.980783 0.195103 0
    outer loop
      vertex 0.0239534 32.0655 0
      vertex 0.0954075 32.4247 2.2
      vertex 0.0954075 32.4247 0
    endloop
  endfacet
  facet normal -0.980783 0.195103 0
    outer loop
      vertex 0.0954075 32.4247 2.2
      vertex 0.0239534 32.0655 0
      vertex 0.0239534 32.0655 2.2
    endloop
  endfacet
  facet normal 1 -0 0
    outer loop
      vertex 70.5 2.8 2.2
      vertex 70.5 31.7 0
      vertex 70.5 31.7 2.2
    endloop
  endfacet
  facet normal 1 0 0
    outer loop
      vertex 70.5 31.7 0
      vertex 70.5 2.8 2.2
      vertex 70.5 2.8 0
    endloop
  endfacet
  facet normal 0.896866 -0.442303 0
    outer loop
      vertex 70.1249 1.4 2.2
      vertex 70.2869 1.72849 0
      vertex 70.2869 1.72849 2.2
    endloop
  endfacet
  facet normal 0.896866 -0.442303 0
    outer loop
      vertex 70.2869 1.72849 0
      vertex 70.1249 1.4 2.2
      vertex 70.1249 1.4 0
    endloop
  endfacet
  facet normal -0.831444 0.555609 0
    outer loop
      vertex 0.375129 33.1 0
      vertex 0.57861 33.4045 2.2
      vertex 0.57861 33.4045 0
    endloop
  endfacet
  facet normal -0.831444 0.555609 0
    outer loop
      vertex 0.57861 33.4045 2.2
      vertex 0.375129 33.1 0
      vertex 0.375129 33.1 2.2
    endloop
  endfacet
  facet normal 0.321384 0.946949 -0
    outer loop
      vertex 68.7715 34.2869 0
      vertex 68.4247 34.4046 2.2
      vertex 68.7715 34.2869 2.2
    endloop
  endfacet
  facet normal 0.321384 0.946949 0
    outer loop
      vertex 68.4247 34.4046 2.2
      vertex 68.7715 34.2869 0
      vertex 68.4247 34.4046 0
    endloop
  endfacet
  facet normal -0.896874 -0.442286 0
    outer loop
      vertex 0.375129 1.4 0
      vertex 0.213137 1.72849 2.2
      vertex 0.213137 1.72849 0
    endloop
  endfacet
  facet normal -0.896874 -0.442286 0
    outer loop
      vertex 0.213137 1.72849 2.2
      vertex 0.375129 1.4 0
      vertex 0.375129 1.4 2.2
    endloop
  endfacet
  facet normal -0.751878 0.659302 0
    outer loop
      vertex 0.57861 33.4045 0
      vertex 0.820101 33.6799 2.2
      vertex 0.820101 33.6799 0
    endloop
  endfacet
  facet normal -0.751878 0.659302 0
    outer loop
      vertex 0.820101 33.6799 2.2
      vertex 0.57861 33.4045 0
      vertex 0.57861 33.4045 2.2
    endloop
  endfacet
  facet normal 0.751829 -0.659358 0
    outer loop
      vertex 69.6799 0.820101 2.2
      vertex 69.9214 1.09547 0
      vertex 69.9214 1.09547 2.2
    endloop
  endfacet
  facet normal 0.751829 -0.659358 0
    outer loop
      vertex 69.9214 1.09547 0
      vertex 69.6799 0.820101 2.2
      vertex 69.6799 0.820101 0
    endloop
  endfacet
  facet normal -0.0655277 0.997851 0
    outer loop
      vertex 2.8 34.5 0
      vertex 2.43453 34.476 2.2
      vertex 2.8 34.5 2.2
    endloop
  endfacet
  facet normal -0.0655277 0.997851 0
    outer loop
      vertex 2.43453 34.476 2.2
      vertex 2.8 34.5 0
      vertex 2.43453 34.476 0
    endloop
  endfacet
  facet normal 0 -1 0
    outer loop
      vertex 2.8 0 0
      vertex 67.7 0 2.2
      vertex 2.8 0 2.2
    endloop
  endfacet
  facet normal 0 -1 -0
    outer loop
      vertex 67.7 0 2.2
      vertex 2.8 0 0
      vertex 67.7 0 0
    endloop
  endfacet
  facet normal 0.751866 0.659316 0
    outer loop
      vertex 69.9214 33.4045 2.2
      vertex 69.6799 33.6799 0
      vertex 69.6799 33.6799 2.2
    endloop
  endfacet
  facet normal 0.751866 0.659316 0
    outer loop
      vertex 69.6799 33.6799 0
      vertex 69.9214 33.4045 2.2
      vertex 69.9214 33.4045 0
    endloop
  endfacet
  facet normal 0.659316 0.751866 -0
    outer loop
      vertex 69.6799 33.6799 0
      vertex 69.4045 33.9214 2.2
      vertex 69.6799 33.6799 2.2
    endloop
  endfacet
  facet normal 0.659316 0.751866 0
    outer loop
      vertex 69.4045 33.9214 2.2
      vertex 69.6799 33.6799 0
      vertex 69.4045 33.9214 0
    endloop
  endfacet
  facet normal -0.065401 -0.997859 0
    outer loop
      vertex 2.43453 0.0239534 0
      vertex 2.8 0 2.2
      vertex 2.43453 0.0239534 2.2
    endloop
  endfacet
  facet normal -0.065401 -0.997859 -0
    outer loop
      vertex 2.8 0 2.2
      vertex 2.43453 0.0239534 0
      vertex 2.8 0 0
    endloop
  endfacet
  facet normal 0.0653957 -0.997859 0
    outer loop
      vertex 67.7 0 0
      vertex 68.0655 0.0239534 2.2
      vertex 67.7 0 2.2
    endloop
  endfacet
  facet normal 0.0653957 -0.997859 0
    outer loop
      vertex 68.0655 0.0239534 2.2
      vertex 67.7 0 0
      vertex 68.0655 0.0239534 0
    endloop
  endfacet
  facet normal 0.980811 0.194961 0
    outer loop
      vertex 70.476 32.0655 2.2
      vertex 70.4046 32.4247 0
      vertex 70.4046 32.4247 2.2
    endloop
  endfacet
  facet normal 0.980811 0.194961 0
    outer loop
      vertex 70.4046 32.4247 0
      vertex 70.476 32.0655 2.2
      vertex 70.476 32.0655 0
    endloop
  endfacet
  facet normal -0.980785 -0.195092 0
    outer loop
      vertex 0.0954075 2.07531 0
      vertex 0.0239534 2.43453 2.2
      vertex 0.0239534 2.43453 0
    endloop
  endfacet
  facet normal -0.980785 -0.195092 0
    outer loop
      vertex 0.0239534 2.43453 2.2
      vertex 0.0954075 2.07531 0
      vertex 0.0954075 2.07531 2.2
    endloop
  endfacet
  facet normal -0.195092 -0.980785 0
    outer loop
      vertex 2.07531 0.0954075 0
      vertex 2.43453 0.0239534 2.2
      vertex 2.07531 0.0954075 2.2
    endloop
  endfacet
  facet normal -0.195092 -0.980785 -0
    outer loop
      vertex 2.43453 0.0239534 2.2
      vertex 2.07531 0.0954075 0
      vertex 2.43453 0.0239534 0
    endloop
  endfacet
  facet normal 0.997851 -0.0655277 0
    outer loop
      vertex 70.476 2.43453 2.2
      vertex 70.5 2.8 0
      vertex 70.5 2.8 2.2
    endloop
  endfacet
  facet normal 0.997851 -0.0655277 0
    outer loop
      vertex 70.5 2.8 0
      vertex 70.476 2.43453 2.2
      vertex 70.476 2.43453 0
    endloop
  endfacet
  facet normal -0.94693 -0.321439 0
    outer loop
      vertex 0.213137 1.72849 0
      vertex 0.0954075 2.07531 2.2
      vertex 0.0954075 2.07531 0
    endloop
  endfacet
  facet normal -0.94693 -0.321439 0
    outer loop
      vertex 0.0954075 2.07531 2.2
      vertex 0.213137 1.72849 0
      vertex 0.213137 1.72849 2.2
    endloop
  endfacet
  facet normal 0.896871 0.442292 0
    outer loop
      vertex 70.2869 32.7715 2.2
      vertex 70.1249 33.1 0
      vertex 70.1249 33.1 2.2
    endloop
  endfacet
  facet normal 0.896871 0.442292 0
    outer loop
      vertex 70.1249 33.1 0
      vertex 70.2869 32.7715 2.2
      vertex 70.2869 32.7715 0
    endloop
  endfacet
  facet normal 0.946955 -0.321367 0
    outer loop
      vertex 70.2869 1.72849 2.2
      vertex 70.4046 2.07531 0
      vertex 70.4046 2.07531 2.2
    endloop
  endfacet
  facet normal 0.946955 -0.321367 0
    outer loop
      vertex 70.4046 2.07531 0
      vertex 70.2869 1.72849 2.2
      vertex 70.2869 1.72849 0
    endloop
  endfacet
  facet normal 0.555645 0.83142 -0
    outer loop
      vertex 69.4045 33.9214 0
      vertex 69.1 34.1249 2.2
      vertex 69.4045 33.9214 2.2
    endloop
  endfacet
  facet normal 0.555645 0.83142 0
    outer loop
      vertex 69.1 34.1249 2.2
      vertex 69.4045 33.9214 0
      vertex 69.1 34.1249 0
    endloop
  endfacet
  facet normal -0.831469 -0.555571 0
    outer loop
      vertex 0.57861 1.09547 0
      vertex 0.375129 1.4 2.2
      vertex 0.375129 1.4 0
    endloop
  endfacet
  facet normal -0.831469 -0.555571 0
    outer loop
      vertex 0.375129 1.4 2.2
      vertex 0.57861 1.09547 0
      vertex 0.57861 1.09547 2.2
    endloop
  endfacet
  facet normal -0.997859 -0.065401 0
    outer loop
      vertex 0.0239534 2.43453 0
      vertex 0 2.8 2.2
      vertex 0 2.8 0
    endloop
  endfacet
  facet normal -0.997859 -0.065401 0
    outer loop
      vertex 0 2.8 2.2
      vertex 0.0239534 2.43453 0
      vertex 0.0239534 2.43453 2.2
    endloop
  endfacet
  facet normal -0.751841 -0.659344 0
    outer loop
      vertex 0.820101 0.820101 0
      vertex 0.57861 1.09547 2.2
      vertex 0.57861 1.09547 0
    endloop
  endfacet
  facet normal -0.751841 -0.659344 0
    outer loop
      vertex 0.57861 1.09547 2.2
      vertex 0.820101 0.820101 0
      vertex 0.820101 0.820101 2.2
    endloop
  endfacet
  facet normal 0.0655224 0.997851 -0
    outer loop
      vertex 68.0655 34.476 0
      vertex 67.7 34.5 2.2
      vertex 68.0655 34.476 2.2
    endloop
  endfacet
  facet normal 0.0655224 0.997851 0
    outer loop
      vertex 67.7 34.5 2.2
      vertex 68.0655 34.476 0
      vertex 67.7 34.5 0
    endloop
  endfacet
  facet normal 0.946949 0.321384 0
    outer loop
      vertex 70.4046 32.4247 2.2
      vertex 70.2869 32.7715 0
      vertex 70.2869 32.7715 2.2
    endloop
  endfacet
  facet normal 0.946949 0.321384 0
    outer loop
      vertex 70.2869 32.7715 0
      vertex 70.4046 32.4247 2.2
      vertex 70.4046 32.4247 0
    endloop
  endfacet
  facet normal -0.321439 -0.94693 0
    outer loop
      vertex 1.72849 0.213137 0
      vertex 2.07531 0.0954075 2.2
      vertex 1.72849 0.213137 2.2
    endloop
  endfacet
  facet normal -0.321439 -0.94693 -0
    outer loop
      vertex 2.07531 0.0954075 2.2
      vertex 1.72849 0.213137 0
      vertex 2.07531 0.0954075 0
    endloop
  endfacet
  facet normal -0.89688 0.442275 0
    outer loop
      vertex 0.213137 32.7715 0
      vertex 0.375129 33.1 2.2
      vertex 0.375129 33.1 0
    endloop
  endfacet
  facet normal -0.89688 0.442275 0
    outer loop
      vertex 0.375129 33.1 2.2
      vertex 0.213137 32.7715 0
      vertex 0.213137 32.7715 2.2
    endloop
  endfacet
  facet normal 0.321456 -0.946925 0
    outer loop
      vertex 68.4247 0.0954075 0
      vertex 68.7715 0.213137 2.2
      vertex 68.4247 0.0954075 2.2
    endloop
  endfacet
  facet normal 0.321456 -0.946925 0
    outer loop
      vertex 68.7715 0.213137 2.2
      vertex 68.4247 0.0954075 0
      vertex 68.7715 0.213137 0
    endloop
  endfacet
  facet normal 0 0 1
    outer loop
      vertex 67.7 34.5 2.2
      vertex 70.5 31.7 2.2
      vertex 70.476 32.0655 2.2
    endloop
  endfacet
  facet normal 0 0 1
    outer loop
      vertex 70.5 31.7 2.2
      vertex 59.05 23.65 2.2
      vertex 70.5 2.8 2.2
    endloop
  endfacet
  facet normal 0 0 1
    outer loop
      vertex 67.7 34.5 2.2
      vertex 70.476 32.0655 2.2
      vertex 70.4046 32.4247 2.2
    endloop
  endfacet
  facet normal -0 0 1
    outer loop
      vertex 59.05 10.85 2.2
      vertex 70.5 2.8 2.2
      vertex 59.05 23.65 2.2
    endloop
  endfacet
  facet normal 0 0 1
    outer loop
      vertex 67.7 34.5 2.2
      vertex 70.4046 32.4247 2.2
      vertex 70.2869 32.7715 2.2
    endloop
  endfacet
  facet normal -0 0 1
    outer loop
      vertex 59.0449 10.7717 2.2
      vertex 70.5 2.8 2.2
      vertex 59.05 10.85 2.2
    endloop
  endfacet
  facet normal 0 0 1
    outer loop
      vertex 67.7 34.5 2.2
      vertex 70.2869 32.7715 2.2
      vertex 70.1249 33.1 2.2
    endloop
  endfacet
  facet normal -0 0 1
    outer loop
      vertex 59.0296 10.6947 2.2
      vertex 70.5 2.8 2.2
      vertex 59.0449 10.7717 2.2
    endloop
  endfacet
  facet normal 0 0 1
    outer loop
      vertex 67.7 34.5 2.2
      vertex 70.1249 33.1 2.2
      vertex 69.9214 33.4045 2.2
    endloop
  endfacet
  facet normal -0 0 1
    outer loop
      vertex 59.0043 10.6204 2.2
      vertex 70.5 2.8 2.2
      vertex 59.0296 10.6947 2.2
    endloop
  endfacet
  facet normal 0 0 1
    outer loop
      vertex 67.7 34.5 2.2
      vertex 69.9214 33.4045 2.2
      vertex 69.6799 33.6799 2.2
    endloop
  endfacet
  facet normal -0 0 1
    outer loop
      vertex 58.9696 10.55 2.2
      vertex 70.5 2.8 2.2
      vertex 59.0043 10.6204 2.2
    endloop
  endfacet
  facet normal 0 0 1
    outer loop
      vertex 67.7 34.5 2.2
      vertex 69.6799 33.6799 2.2
      vertex 69.4045 33.9214 2.2
    endloop
  endfacet
  facet normal -0 0 1
    outer loop
      vertex 58.926 10.4847 2.2
      vertex 70.5 2.8 2.2
      vertex 58.9696 10.55 2.2
    endloop
  endfacet
  facet normal 0 0 1
    outer loop
      vertex 67.7 34.5 2.2
      vertex 69.4045 33.9214 2.2
      vertex 69.1 34.1249 2.2
    endloop
  endfacet
  facet normal 0 -0 1
    outer loop
      vertex 67.7 0 2.2
      vertex 70.5 2.8 2.2
      vertex 58.926 10.4847 2.2
    endloop
  endfacet
  facet normal 0 0 1
    outer loop
      vertex 67.7 34.5 2.2
      vertex 69.1 34.1249 2.2
      vertex 68.7715 34.2869 2.2
    endloop
  endfacet
  facet normal 0 0 1
    outer loop
      vertex 70.476 2.43453 2.2
      vertex 67.7 0 2.2
      vertex 70.4046 2.07531 2.2
    endloop
  endfacet
  facet normal 0 0 1
    outer loop
      vertex 67.7 34.5 2.2
      vertex 68.7715 34.2869 2.2
      vertex 68.4247 34.4046 2.2
    endloop
  endfacet
  facet normal 0 0 1
    outer loop
      vertex 70.4046 2.07531 2.2
      vertex 67.7 0 2.2
      vertex 70.2869 1.72849 2.2
    endloop
  endfacet
  facet normal 0 0 1
    outer loop
      vertex 67.7 34.5 2.2
      vertex 68.4247 34.4046 2.2
      vertex 68.0655 34.476 2.2
    endloop
  endfacet
  facet normal 0 0 1
    outer loop
      vertex 70.2869 1.72849 2.2
      vertex 67.7 0 2.2
      vertex 70.1249 1.4 2.2
    endloop
  endfacet
  facet normal 0 0 1
    outer loop
      vertex 70.5 31.7 2.2
      vertex 67.7 34.5 2.2
      vertex 58.926 24.0153 2.2
    endloop
  endfacet
  facet normal 0 0 1
    outer loop
      vertex 69.9214 1.09547 2.2
      vertex 67.7 0 2.2
      vertex 69.6799 0.820101 2.2
    endloop
  endfacet
  facet normal 0 0 1
    outer loop
      vertex 69.6799 0.820101 2.2
      vertex 67.7 0 2.2
      vertex 69.4045 0.57861 2.2
    endloop
  endfacet
  facet normal 0 0 1
    outer loop
      vertex 70.5 31.7 2.2
      vertex 59.0449 23.7283 2.2
      vertex 59.05 23.65 2.2
    endloop
  endfacet
  facet normal 0 0 1
    outer loop
      vertex 70.5 31.7 2.2
      vertex 59.0296 23.8053 2.2
      vertex 59.0449 23.7283 2.2
    endloop
  endfacet
  facet normal 0 0 1
    outer loop
      vertex 70.5 31.7 2.2
      vertex 59.0043 23.8796 2.2
      vertex 59.0296 23.8053 2.2
    endloop
  endfacet
  facet normal 0 0 1
    outer loop
      vertex 70.5 31.7 2.2
      vertex 58.9696 23.95 2.2
      vertex 59.0043 23.8796 2.2
    endloop
  endfacet
  facet normal 0 0 1
    outer loop
      vertex 70.5 31.7 2.2
      vertex 58.926 24.0153 2.2
      vertex 58.9696 23.95 2.2
    endloop
  endfacet
  facet normal 0 0 1
    outer loop
      vertex 67.7 34.5 2.2
      vertex 58.8743 24.0743 2.2
      vertex 58.926 24.0153 2.2
    endloop
  endfacet
  facet normal 0 0 1
    outer loop
      vertex 67.7 34.5 2.2
      vertex 58.8153 24.126 2.2
      vertex 58.8743 24.0743 2.2
    endloop
  endfacet
  facet normal 0 0 1
    outer loop
      vertex 67.7 34.5 2.2
      vertex 58.75 24.1696 2.2
      vertex 58.8153 24.126 2.2
    endloop
  endfacet
  facet normal 0 0 1
    outer loop
      vertex 67.7 34.5 2.2
      vertex 58.6796 24.2043 2.2
      vertex 58.75 24.1696 2.2
    endloop
  endfacet
  facet normal 0 0 1
    outer loop
      vertex 67.7 34.5 2.2
      vertex 58.6053 24.2296 2.2
      vertex 58.6796 24.2043 2.2
    endloop
  endfacet
  facet normal 0 0 1
    outer loop
      vertex 67.7 34.5 2.2
      vertex 58.5283 24.2449 2.2
      vertex 58.6053 24.2296 2.2
    endloop
  endfacet
  facet normal 0 0 1
    outer loop
      vertex 67.7 34.5 2.2
      vertex 58.45 24.25 2.2
      vertex 58.5283 24.2449 2.2
    endloop
  endfacet
  facet normal 0 0 1
    outer loop
      vertex 67.7 34.5 2.2
      vertex 58.1 24.25 2.2
      vertex 58.45 24.25 2.2
    endloop
  endfacet
  facet normal 0 0 1
    outer loop
      vertex 67.7 34.5 2.2
      vertex 58.0217 24.2449 2.2
      vertex 58.1 24.25 2.2
    endloop
  endfacet
  facet normal 0 0 1
    outer loop
      vertex 55.1283 24.2449 2.2
      vertex 58.0217 24.2449 2.2
      vertex 67.7 34.5 2.2
    endloop
  endfacet
  facet normal 0 0 1
    outer loop
      vertex 58.0217 24.2449 2.2
      vertex 55.1283 24.2449 2.2
      vertex 57.9447 24.2296 2.2
    endloop
  endfacet
  facet normal 0 -0 1
    outer loop
      vertex 55.2053 24.2296 2.2
      vertex 57.9447 24.2296 2.2
      vertex 55.1283 24.2449 2.2
    endloop
  endfacet
  facet normal 0 0 1
    outer loop
      vertex 57.9447 24.2296 2.2
      vertex 55.2053 24.2296 2.2
      vertex 57.8704 24.2043 2.2
    endloop
  endfacet
  facet normal 0 -0 1
    outer loop
      vertex 55.2796 24.2043 2.2
      vertex 57.8704 24.2043 2.2
      vertex 55.2053 24.2296 2.2
    endloop
  endfacet
  facet normal 0 0 1
    outer loop
      vertex 57.5 23.65 2.2
      vertex 55.65 23.65 2.2
      vertex 57.5 10.85 2.2
    endloop
  endfacet
  facet normal 0 0 1
    outer loop
      vertex 57.5051 23.7283 2.2
      vertex 55.65 23.65 2.2
      vertex 57.5 23.65 2.2
    endloop
  endfacet
  facet normal 0 0 1
    outer loop
      vertex 55.6449 23.7283 2.2
      vertex 57.5051 23.7283 2.2
      vertex 57.5204 23.8053 2.2
    endloop
  endfacet
  facet normal 0 0 1
    outer loop
      vertex 55.6296 23.8053 2.2
      vertex 57.5204 23.8053 2.2
      vertex 57.5457 23.8796 2.2
    endloop
  endfacet
  facet normal 0 0 1
    outer loop
      vertex 55.6043 23.8796 2.2
      vertex 57.5457 23.8796 2.2
      vertex 57.5804 23.95 2.2
    endloop
  endfacet
  facet normal 0 0 1
    outer loop
      vertex 55.5696 23.95 2.2
      vertex 57.5804 23.95 2.2
      vertex 57.624 24.0153 2.2
    endloop
  endfacet
  facet normal 0 0 1
    outer loop
      vertex 55.526 24.0153 2.2
      vertex 57.624 24.0153 2.2
      vertex 57.6757 24.0743 2.2
    endloop
  endfacet
  facet normal 0 0 1
    outer loop
      vertex 57.8704 24.2043 2.2
      vertex 55.2796 24.2043 2.2
      vertex 57.8 24.1696 2.2
    endloop
  endfacet
  facet normal 0 0 1
    outer loop
      vertex 57.5051 23.7283 2.2
      vertex 55.6449 23.7283 2.2
      vertex 55.65 23.65 2.2
    endloop
  endfacet
  facet normal 0 0 1
    outer loop
      vertex 57.5204 23.8053 2.2
      vertex 55.6296 23.8053 2.2
      vertex 55.6449 23.7283 2.2
    endloop
  endfacet
  facet normal 0 0 1
    outer loop
      vertex 57.5457 23.8796 2.2
      vertex 55.6043 23.8796 2.2
      vertex 55.6296 23.8053 2.2
    endloop
  endfacet
  facet normal 0 0 1
    outer loop
      vertex 57.5804 23.95 2.2
      vertex 55.5696 23.95 2.2
      vertex 55.6043 23.8796 2.2
    endloop
  endfacet
  facet normal 0 0 1
    outer loop
      vertex 57.624 24.0153 2.2
      vertex 55.526 24.0153 2.2
      vertex 55.5696 23.95 2.2
    endloop
  endfacet
  facet normal 0 0 1
    outer loop
      vertex 57.6757 24.0743 2.2
      vertex 55.4743 24.0743 2.2
      vertex 55.526 24.0153 2.2
    endloop
  endfacet
  facet normal 0 0 1
    outer loop
      vertex 57.6757 24.0743 2.2
      vertex 55.4153 24.126 2.2
      vertex 55.4743 24.0743 2.2
    endloop
  endfacet
  facet normal 0 0 1
    outer loop
      vertex 57.7347 24.126 2.2
      vertex 55.4153 24.126 2.2
      vertex 57.6757 24.0743 2.2
    endloop
  endfacet
  facet normal 0 -0 1
    outer loop
      vertex 55.4153 24.126 2.2
      vertex 57.7347 24.126 2.2
      vertex 55.35 24.1696 2.2
    endloop
  endfacet
  facet normal 0 0 1
    outer loop
      vertex 57.8 24.1696 2.2
      vertex 55.35 24.1696 2.2
      vertex 57.7347 24.126 2.2
    endloop
  endfacet
  facet normal 0 -0 1
    outer loop
      vertex 55.35 24.1696 2.2
      vertex 57.8 24.1696 2.2
      vertex 55.2796 24.2043 2.2
    endloop
  endfacet
  facet normal 0 0 1
    outer loop
      vertex 67.7 34.5 2.2
      vertex 55.05 24.25 2.2
      vertex 55.1283 24.2449 2.2
    endloop
  endfacet
  facet normal 0 0 1
    outer loop
      vertex 67.7 34.5 2.2
      vertex 54.7 24.25 2.2
      vertex 55.05 24.25 2.2
    endloop
  endfacet
  facet normal 0 0 1
    outer loop
      vertex 67.7 34.5 2.2
      vertex 54.6217 24.2449 2.2
      vertex 54.7 24.25 2.2
    endloop
  endfacet
  facet normal 0 0 1
    outer loop
      vertex 51.7283 24.2449 2.2
      vertex 54.6217 24.2449 2.2
      vertex 67.7 34.5 2.2
    endloop
  endfacet
  facet normal 0 0 1
    outer loop
      vertex 54.6217 24.2449 2.2
      vertex 51.7283 24.2449 2.2
      vertex 54.5447 24.2296 2.2
    endloop
  endfacet
  facet normal 0 -0 1
    outer loop
      vertex 51.8053 24.2296 2.2
      vertex 54.5447 24.2296 2.2
      vertex 51.7283 24.2449 2.2
    endloop
  endfacet
  facet normal 0 0 1
    outer loop
      vertex 54.5447 24.2296 2.2
      vertex 51.8053 24.2296 2.2
      vertex 54.4704 24.2043 2.2
    endloop
  endfacet
  facet normal 0 0 1
    outer loop
      vertex 54.1 23.65 2.2
      vertex 52.25 23.65 2.2
      vertex 54.1 10.85 2.2
    endloop
  endfacet
  facet normal 0 0 1
    outer loop
      vertex 54.1051 23.7283 2.2
      vertex 52.25 23.65 2.2
      vertex 54.1 23.65 2.2
    endloop
  endfacet
  facet normal 0 0 1
    outer loop
      vertex 52.2449 23.7283 2.2
      vertex 54.1051 23.7283 2.2
      vertex 54.1204 23.8053 2.2
    endloop
  endfacet
  facet normal 0 0 1
    outer loop
      vertex 52.2296 23.8053 2.2
      vertex 54.1204 23.8053 2.2
      vertex 54.1457 23.8796 2.2
    endloop
  endfacet
  facet normal 0 0 1
    outer loop
      vertex 52.2043 23.8796 2.2
      vertex 54.1457 23.8796 2.2
      vertex 54.1804 23.95 2.2
    endloop
  endfacet
  facet normal 0 0 1
    outer loop
      vertex 52.1696 23.95 2.2
      vertex 54.1804 23.95 2.2
      vertex 54.224 24.0153 2.2
    endloop
  endfacet
  facet normal 0 0 1
    outer loop
      vertex 52.126 24.0153 2.2
      vertex 54.224 24.0153 2.2
      vertex 54.2757 24.0743 2.2
    endloop
  endfacet
  facet normal 0 0 1
    outer loop
      vertex 52.0743 24.0743 2.2
      vertex 54.2757 24.0743 2.2
      vertex 54.3347 24.126 2.2
    endloop
  endfacet
  facet normal 0 -0 1
    outer loop
      vertex 51.8796 24.2043 2.2
      vertex 54.4704 24.2043 2.2
      vertex 51.8053 24.2296 2.2
    endloop
  endfacet
  facet normal 0 0 1
    outer loop
      vertex 54.1051 23.7283 2.2
      vertex 52.2449 23.7283 2.2
      vertex 52.25 23.65 2.2
    endloop
  endfacet
  facet normal 0 0 1
    outer loop
      vertex 54.1204 23.8053 2.2
      vertex 52.2296 23.8053 2.2
      vertex 52.2449 23.7283 2.2
    endloop
  endfacet
  facet normal 0 0 1
    outer loop
      vertex 54.1457 23.8796 2.2
      vertex 52.2043 23.8796 2.2
      vertex 52.2296 23.8053 2.2
    endloop
  endfacet
  facet normal 0 0 1
    outer loop
      vertex 54.1804 23.95 2.2
      vertex 52.1696 23.95 2.2
      vertex 52.2043 23.8796 2.2
    endloop
  endfacet
  facet normal 0 0 1
    outer loop
      vertex 54.224 24.0153 2.2
      vertex 52.126 24.0153 2.2
      vertex 52.1696 23.95 2.2
    endloop
  endfacet
  facet normal 0 0 1
    outer loop
      vertex 54.2757 24.0743 2.2
      vertex 52.0743 24.0743 2.2
      vertex 52.126 24.0153 2.2
    endloop
  endfacet
  facet normal 0 0 1
    outer loop
      vertex 54.3347 24.126 2.2
      vertex 52.0153 24.126 2.2
      vertex 52.0743 24.0743 2.2
    endloop
  endfacet
  facet normal 0 0 1
    outer loop
      vertex 54.3347 24.126 2.2
      vertex 51.95 24.1696 2.2
      vertex 52.0153 24.126 2.2
    endloop
  endfacet
  facet normal 0 0 1
    outer loop
      vertex 54.4 24.1696 2.2
      vertex 51.95 24.1696 2.2
      vertex 54.3347 24.126 2.2
    endloop
  endfacet
  facet normal 0 -0 1
    outer loop
      vertex 51.95 24.1696 2.2
      vertex 54.4 24.1696 2.2
      vertex 51.8796 24.2043 2.2
    endloop
  endfacet
  facet normal 0 0 1
    outer loop
      vertex 54.4704 24.2043 2.2
      vertex 51.8796 24.2043 2.2
      vertex 54.4 24.1696 2.2
    endloop
  endfacet
  facet normal 0 0 1
    outer loop
      vertex 67.7 34.5 2.2
      vertex 51.65 24.25 2.2
      vertex 51.7283 24.2449 2.2
    endloop
  endfacet
  facet normal 0 0 1
    outer loop
      vertex 67.7 34.5 2.2
      vertex 51.3 24.25 2.2
      vertex 51.65 24.25 2.2
    endloop
  endfacet
  facet normal 0 0 1
    outer loop
      vertex 67.7 34.5 2.2
      vertex 51.2217 24.2449 2.2
      vertex 51.3 24.25 2.2
    endloop
  endfacet
  facet normal 0 0 1
    outer loop
      vertex 48.3283 24.2449 2.2
      vertex 51.2217 24.2449 2.2
      vertex 67.7 34.5 2.2
    endloop
  endfacet
  facet normal 0 0 1
    outer loop
      vertex 51.2217 24.2449 2.2
      vertex 48.3283 24.2449 2.2
      vertex 51.1447 24.2296 2.2
    endloop
  endfacet
  facet normal 0 -0 1
    outer loop
      vertex 48.4053 24.2296 2.2
      vertex 51.1447 24.2296 2.2
      vertex 48.3283 24.2449 2.2
    endloop
  endfacet
  facet normal 0 0 1
    outer loop
      vertex 50.7 23.65 2.2
      vertex 48.85 23.65 2.2
      vertex 50.7 10.85 2.2
    endloop
  endfacet
  facet normal 0 0 1
    outer loop
      vertex 50.7051 23.7283 2.2
      vertex 48.85 23.65 2.2
      vertex 50.7 23.65 2.2
    endloop
  endfacet
  facet normal 0 0 1
    outer loop
      vertex 48.8449 23.7283 2.2
      vertex 50.7051 23.7283 2.2
      vertex 50.7204 23.8053 2.2
    endloop
  endfacet
  facet normal 0 0 1
    outer loop
      vertex 48.8296 23.8053 2.2
      vertex 50.7204 23.8053 2.2
      vertex 50.7457 23.8796 2.2
    endloop
  endfacet
  facet normal 0 0 1
    outer loop
      vertex 48.8043 23.8796 2.2
      vertex 50.7457 23.8796 2.2
      vertex 50.7804 23.95 2.2
    endloop
  endfacet
  facet normal 0 0 1
    outer loop
      vertex 48.7696 23.95 2.2
      vertex 50.7804 23.95 2.2
      vertex 50.824 24.0153 2.2
    endloop
  endfacet
  facet normal 0 0 1
    outer loop
      vertex 48.726 24.0153 2.2
      vertex 50.824 24.0153 2.2
      vertex 50.8757 24.0743 2.2
    endloop
  endfacet
  facet normal 0 0 1
    outer loop
      vertex 48.6743 24.0743 2.2
      vertex 50.8757 24.0743 2.2
      vertex 50.9347 24.126 2.2
    endloop
  endfacet
  facet normal 0 0 1
    outer loop
      vertex 48.6153 24.126 2.2
      vertex 50.9347 24.126 2.2
      vertex 51 24.1696 2.2
    endloop
  endfacet
  facet normal 0 0 1
    outer loop
      vertex 51.1447 24.2296 2.2
      vertex 48.4053 24.2296 2.2
      vertex 51.0704 24.2043 2.2
    endloop
  endfacet
  facet normal 0 0 1
    outer loop
      vertex 50.7051 23.7283 2.2
      vertex 48.8449 23.7283 2.2
      vertex 48.85 23.65 2.2
    endloop
  endfacet
  facet normal 0 0 1
    outer loop
      vertex 50.7204 23.8053 2.2
      vertex 48.8296 23.8053 2.2
      vertex 48.8449 23.7283 2.2
    endloop
  endfacet
  facet normal 0 0 1
    outer loop
      vertex 50.7457 23.8796 2.2
      vertex 48.8043 23.8796 2.2
      vertex 48.8296 23.8053 2.2
    endloop
  endfacet
  facet normal 0 0 1
    outer loop
      vertex 50.7804 23.95 2.2
      vertex 48.7696 23.95 2.2
      vertex 48.8043 23.8796 2.2
    endloop
  endfacet
  facet normal 0 0 1
    outer loop
      vertex 50.824 24.0153 2.2
      vertex 48.726 24.0153 2.2
      vertex 48.7696 23.95 2.2
    endloop
  endfacet
  facet normal 0 0 1
    outer loop
      vertex 50.8757 24.0743 2.2
      vertex 48.6743 24.0743 2.2
      vertex 48.726 24.0153 2.2
    endloop
  endfacet
  facet normal 0 0 1
    outer loop
      vertex 50.9347 24.126 2.2
      vertex 48.6153 24.126 2.2
      vertex 48.6743 24.0743 2.2
    endloop
  endfacet
  facet normal 0 0 1
    outer loop
      vertex 51 24.1696 2.2
      vertex 48.55 24.1696 2.2
      vertex 48.6153 24.126 2.2
    endloop
  endfacet
  facet normal 0 0 1
    outer loop
      vertex 51 24.1696 2.2
      vertex 48.4796 24.2043 2.2
      vertex 48.55 24.1696 2.2
    endloop
  endfacet
  facet normal 0 0 1
    outer loop
      vertex 51.0704 24.2043 2.2
      vertex 48.4796 24.2043 2.2
      vertex 51 24.1696 2.2
    endloop
  endfacet
  facet normal 0 -0 1
    outer loop
      vertex 48.4796 24.2043 2.2
      vertex 51.0704 24.2043 2.2
      vertex 48.4053 24.2296 2.2
    endloop
  endfacet
  facet normal 0 0 1
    outer loop
      vertex 67.7 34.5 2.2
      vertex 48.25 24.25 2.2
      vertex 48.3283 24.2449 2.2
    endloop
  endfacet
  facet normal 0 0 1
    outer loop
      vertex 67.7 34.5 2.2
      vertex 47.9 24.25 2.2
      vertex 48.25 24.25 2.2
    endloop
  endfacet
  facet normal 0 0 1
    outer loop
      vertex 44.85 24.25 2.2
      vertex 47.9 24.25 2.2
      vertex 67.7 34.5 2.2
    endloop
  endfacet
  facet normal 0 0 1
    outer loop
      vertex 47.9 24.25 2.2
      vertex 44.85 24.25 2.2
      vertex 47.8217 24.2449 2.2
    endloop
  endfacet
  facet normal 0 0 1
    outer loop
      vertex 47.8217 24.2449 2.2
      vertex 44.9283 24.2449 2.2
      vertex 47.7447 24.2296 2.2
    endloop
  endfacet
  facet normal 0 -0 1
    outer loop
      vertex 45.0053 24.2296 2.2
      vertex 47.7447 24.2296 2.2
      vertex 44.9283 24.2449 2.2
    endloop
  endfacet
  facet normal 0 0 1
    outer loop
      vertex 47.3 23.65 2.2
      vertex 45.45 23.65 2.2
      vertex 47.3 10.85 2.2
    endloop
  endfacet
  facet normal 0 0 1
    outer loop
      vertex 47.3051 23.7283 2.2
      vertex 45.45 23.65 2.2
      vertex 47.3 23.65 2.2
    endloop
  endfacet
  facet normal 0 0 1
    outer loop
      vertex 45.4449 23.7283 2.2
      vertex 47.3051 23.7283 2.2
      vertex 47.3204 23.8053 2.2
    endloop
  endfacet
  facet normal 0 0 1
    outer loop
      vertex 45.4296 23.8053 2.2
      vertex 47.3204 23.8053 2.2
      vertex 47.3457 23.8796 2.2
    endloop
  endfacet
  facet normal 0 0 1
    outer loop
      vertex 45.4043 23.8796 2.2
      vertex 47.3457 23.8796 2.2
      vertex 47.3804 23.95 2.2
    endloop
  endfacet
  facet normal 0 0 1
    outer loop
      vertex 45.3696 23.95 2.2
      vertex 47.3804 23.95 2.2
      vertex 47.424 24.0153 2.2
    endloop
  endfacet
  facet normal 0 0 1
    outer loop
      vertex 45.326 24.0153 2.2
      vertex 47.424 24.0153 2.2
      vertex 47.4757 24.0743 2.2
    endloop
  endfacet
  facet normal 0 0 1
    outer loop
      vertex 45.2743 24.0743 2.2
      vertex 47.4757 24.0743 2.2
      vertex 47.5347 24.126 2.2
    endloop
  endfacet
  facet normal 0 0 1
    outer loop
      vertex 45.2153 24.126 2.2
      vertex 47.5347 24.126 2.2
      vertex 47.6 24.1696 2.2
    endloop
  endfacet
  facet normal 0 0 1
    outer loop
      vertex 47.7447 24.2296 2.2
      vertex 45.0053 24.2296 2.2
      vertex 47.6704 24.2043 2.2
    endloop
  endfacet
  facet normal 0 0 1
    outer loop
      vertex 47.3051 23.7283 2.2
      vertex 45.4449 23.7283 2.2
      vertex 45.45 23.65 2.2
    endloop
  endfacet
  facet normal 0 0 1
    outer loop
      vertex 47.3204 23.8053 2.2
      vertex 45.4296 23.8053 2.2
      vertex 45.4449 23.7283 2.2
    endloop
  endfacet
  facet normal 0 0 1
    outer loop
      vertex 47.3457 23.8796 2.2
      vertex 45.4043 23.8796 2.2
      vertex 45.4296 23.8053 2.2
    endloop
  endfacet
  facet normal 0 0 1
    outer loop
      vertex 47.3804 23.95 2.2
      vertex 45.3696 23.95 2.2
      vertex 45.4043 23.8796 2.2
    endloop
  endfacet
  facet normal 0 0 1
    outer loop
      vertex 47.424 24.0153 2.2
      vertex 45.326 24.0153 2.2
      vertex 45.3696 23.95 2.2
    endloop
  endfacet
  facet normal 0 0 1
    outer loop
      vertex 47.4757 24.0743 2.2
      vertex 45.2743 24.0743 2.2
      vertex 45.326 24.0153 2.2
    endloop
  endfacet
  facet normal 0 0 1
    outer loop
      vertex 47.5347 24.126 2.2
      vertex 45.2153 24.126 2.2
      vertex 45.2743 24.0743 2.2
    endloop
  endfacet
  facet normal 0 0 1
    outer loop
      vertex 47.6 24.1696 2.2
      vertex 45.15 24.1696 2.2
      vertex 45.2153 24.126 2.2
    endloop
  endfacet
  facet normal 0 0 1
    outer loop
      vertex 47.6 24.1696 2.2
      vertex 45.0796 24.2043 2.2
      vertex 45.15 24.1696 2.2
    endloop
  endfacet
  facet normal 0 0 1
    outer loop
      vertex 47.6704 24.2043 2.2
      vertex 45.0796 24.2043 2.2
      vertex 47.6 24.1696 2.2
    endloop
  endfacet
  facet normal 0 -0 1
    outer loop
      vertex 45.0796 24.2043 2.2
      vertex 47.6704 24.2043 2.2
      vertex 45.0053 24.2296 2.2
    endloop
  endfacet
  facet normal 0 0 1
    outer loop
      vertex 47.8217 24.2449 2.2
      vertex 44.85 24.25 2.2
      vertex 44.9283 24.2449 2.2
    endloop
  endfacet
  facet normal 0 0 1
    outer loop
      vertex 67.7 34.5 2.2
      vertex 44.5 24.25 2.2
      vertex 44.85 24.25 2.2
    endloop
  endfacet
  facet normal 0 0 1
    outer loop
      vertex 41.45 24.25 2.2
      vertex 44.5 24.25 2.2
      vertex 67.7 34.5 2.2
    endloop
  endfacet
  facet normal 0 0 1
    outer loop
      vertex 44.5 24.25 2.2
      vertex 41.45 24.25 2.2
      vertex 44.4217 24.2449 2.2
    endloop
  endfacet
  facet normal 0 -0 1
    outer loop
      vertex 41.5283 24.2449 2.2
      vertex 44.4217 24.2449 2.2
      vertex 41.45 24.25 2.2
    endloop
  endfacet
  facet normal 0 0 1
    outer loop
      vertex 43.9 23.65 2.2
      vertex 42.05 23.65 2.2
      vertex 43.9 10.85 2.2
    endloop
  endfacet
  facet normal 0 0 1
    outer loop
      vertex 43.9051 23.7283 2.2
      vertex 42.05 23.65 2.2
      vertex 43.9 23.65 2.2
    endloop
  endfacet
  facet normal 0 0 1
    outer loop
      vertex 42.0449 23.7283 2.2
      vertex 43.9051 23.7283 2.2
      vertex 43.9204 23.8053 2.2
    endloop
  endfacet
  facet normal 0 0 1
    outer loop
      vertex 42.0296 23.8053 2.2
      vertex 43.9204 23.8053 2.2
      vertex 43.9457 23.8796 2.2
    endloop
  endfacet
  facet normal 0 0 1
    outer loop
      vertex 42.0043 23.8796 2.2
      vertex 43.9457 23.8796 2.2
      vertex 43.9804 23.95 2.2
    endloop
  endfacet
  facet normal 0 0 1
    outer loop
      vertex 41.9696 23.95 2.2
      vertex 43.9804 23.95 2.2
      vertex 44.024 24.0153 2.2
    endloop
  endfacet
  facet normal 0 0 1
    outer loop
      vertex 41.926 24.0153 2.2
      vertex 44.024 24.0153 2.2
      vertex 44.0757 24.0743 2.2
    endloop
  endfacet
  facet normal 0 0 1
    outer loop
      vertex 41.8743 24.0743 2.2
      vertex 44.0757 24.0743 2.2
      vertex 44.1347 24.126 2.2
    endloop
  endfacet
  facet normal 0 0 1
    outer loop
      vertex 41.8153 24.126 2.2
      vertex 44.1347 24.126 2.2
      vertex 44.2 24.1696 2.2
    endloop
  endfacet
  facet normal 0 0 1
    outer loop
      vertex 41.75 24.1696 2.2
      vertex 44.2 24.1696 2.2
      vertex 44.2704 24.2043 2.2
    endloop
  endfacet
  facet normal 0 -0 1
    outer loop
      vertex 41.6053 24.2296 2.2
      vertex 44.3447 24.2296 2.2
      vertex 41.5283 24.2449 2.2
    endloop
  endfacet
  facet normal 0 0 1
    outer loop
      vertex 43.9051 23.7283 2.2
      vertex 42.0449 23.7283 2.2
      vertex 42.05 23.65 2.2
    endloop
  endfacet
  facet normal 0 0 1
    outer loop
      vertex 43.9204 23.8053 2.2
      vertex 42.0296 23.8053 2.2
      vertex 42.0449 23.7283 2.2
    endloop
  endfacet
  facet normal 0 0 1
    outer loop
      vertex 43.9457 23.8796 2.2
      vertex 42.0043 23.8796 2.2
      vertex 42.0296 23.8053 2.2
    endloop
  endfacet
  facet normal 0 0 1
    outer loop
      vertex 43.9804 23.95 2.2
      vertex 41.9696 23.95 2.2
      vertex 42.0043 23.8796 2.2
    endloop
  endfacet
  facet normal 0 0 1
    outer loop
      vertex 44.024 24.0153 2.2
      vertex 41.926 24.0153 2.2
      vertex 41.9696 23.95 2.2
    endloop
  endfacet
  facet normal 0 0 1
    outer loop
      vertex 44.0757 24.0743 2.2
      vertex 41.8743 24.0743 2.2
      vertex 41.926 24.0153 2.2
    endloop
  endfacet
  facet normal 0 0 1
    outer loop
      vertex 44.1347 24.126 2.2
      vertex 41.8153 24.126 2.2
      vertex 41.8743 24.0743 2.2
    endloop
  endfacet
  facet normal 0 0 1
    outer loop
      vertex 44.2 24.1696 2.2
      vertex 41.75 24.1696 2.2
      vertex 41.8153 24.126 2.2
    endloop
  endfacet
  facet normal 0 0 1
    outer loop
      vertex 44.2704 24.2043 2.2
      vertex 41.6796 24.2043 2.2
      vertex 41.75 24.1696 2.2
    endloop
  endfacet
  facet normal 0 0 1
    outer loop
      vertex 44.2704 24.2043 2.2
      vertex 41.6053 24.2296 2.2
      vertex 41.6796 24.2043 2.2
    endloop
  endfacet
  facet normal 0 0 1
    outer loop
      vertex 44.3447 24.2296 2.2
      vertex 41.6053 24.2296 2.2
      vertex 44.2704 24.2043 2.2
    endloop
  endfacet
  facet normal 0 0 1
    outer loop
      vertex 44.4217 24.2449 2.2
      vertex 41.5283 24.2449 2.2
      vertex 44.3447 24.2296 2.2
    endloop
  endfacet
  facet normal 0 0 1
    outer loop
      vertex 67.7 34.5 2.2
      vertex 41.1 24.25 2.2
      vertex 41.45 24.25 2.2
    endloop
  endfacet
  facet normal 0 0 1
    outer loop
      vertex 67.7 34.5 2.2
      vertex 41.0217 24.2449 2.2
      vertex 41.1 24.25 2.2
    endloop
  endfacet
  facet normal -0 0 1
    outer loop
      vertex 2.8 34.5 2.2
      vertex 41.0217 24.2449 2.2
      vertex 67.7 34.5 2.2
    endloop
  endfacet
  facet normal 0 0 1
    outer loop
      vertex 41.0217 24.2449 2.2
      vertex 2.8 34.5 2.2
      vertex 40.9447 24.2296 2.2
    endloop
  endfacet
  facet normal 0 0 1
    outer loop
      vertex 40.5 23.65 2.2
      vertex 2.8 34.5 2.2
      vertex 40.5 10.85 2.2
    endloop
  endfacet
  facet normal 0 0 1
    outer loop
      vertex 40.5051 23.7283 2.2
      vertex 2.8 34.5 2.2
      vertex 40.5 23.65 2.2
    endloop
  endfacet
  facet normal 0 0 1
    outer loop
      vertex 40.5204 23.8053 2.2
      vertex 2.8 34.5 2.2
      vertex 40.5051 23.7283 2.2
    endloop
  endfacet
  facet normal 0 0 1
    outer loop
      vertex 40.5457 23.8796 2.2
      vertex 2.8 34.5 2.2
      vertex 40.5204 23.8053 2.2
    endloop
  endfacet
  facet normal 0 0 1
    outer loop
      vertex 40.5804 23.95 2.2
      vertex 2.8 34.5 2.2
      vertex 40.5457 23.8796 2.2
    endloop
  endfacet
  facet normal 0 0 1
    outer loop
      vertex 40.624 24.0153 2.2
      vertex 2.8 34.5 2.2
      vertex 40.5804 23.95 2.2
    endloop
  endfacet
  facet normal 0 0 1
    outer loop
      vertex 40.6757 24.0743 2.2
      vertex 2.8 34.5 2.2
      vertex 40.624 24.0153 2.2
    endloop
  endfacet
  facet normal 0 0 1
    outer loop
      vertex 40.7347 24.126 2.2
      vertex 2.8 34.5 2.2
      vertex 40.6757 24.0743 2.2
    endloop
  endfacet
  facet normal 0 0 1
    outer loop
      vertex 40.8 24.1696 2.2
      vertex 2.8 34.5 2.2
      vertex 40.7347 24.126 2.2
    endloop
  endfacet
  facet normal 0 0 1
    outer loop
      vertex 40.8704 24.2043 2.2
      vertex 2.8 34.5 2.2
      vertex 40.8 24.1696 2.2
    endloop
  endfacet
  facet normal 0 0 1
    outer loop
      vertex 40.9447 24.2296 2.2
      vertex 2.8 34.5 2.2
      vertex 40.8704 24.2043 2.2
    endloop
  endfacet
  facet normal 0 0 1
    outer loop
      vertex 69.1 0.375129 2.2
      vertex 67.7 0 2.2
      vertex 68.7715 0.213137 2.2
    endloop
  endfacet
  facet normal 0 0 1
    outer loop
      vertex 68.7715 0.213137 2.2
      vertex 67.7 0 2.2
      vertex 68.4247 0.0954075 2.2
    endloop
  endfacet
  facet normal 0 0 1
    outer loop
      vertex 68.4247 0.0954075 2.2
      vertex 67.7 0 2.2
      vertex 68.0655 0.0239534 2.2
    endloop
  endfacet
  facet normal 0 0 1
    outer loop
      vertex 69.4045 0.57861 2.2
      vertex 67.7 0 2.2
      vertex 69.1 0.375129 2.2
    endloop
  endfacet
  facet normal 0 0 1
    outer loop
      vertex 70.1249 1.4 2.2
      vertex 67.7 0 2.2
      vertex 69.9214 1.09547 2.2
    endloop
  endfacet
  facet normal 0 0 1
    outer loop
      vertex 70.5 2.8 2.2
      vertex 67.7 0 2.2
      vertex 70.476 2.43453 2.2
    endloop
  endfacet
  facet normal -0 0 1
    outer loop
      vertex 58.8743 10.4257 2.2
      vertex 67.7 0 2.2
      vertex 58.926 10.4847 2.2
    endloop
  endfacet
  facet normal -0 0 1
    outer loop
      vertex 58.8153 10.374 2.2
      vertex 67.7 0 2.2
      vertex 58.8743 10.4257 2.2
    endloop
  endfacet
  facet normal -0 0 1
    outer loop
      vertex 58.75 10.3304 2.2
      vertex 67.7 0 2.2
      vertex 58.8153 10.374 2.2
    endloop
  endfacet
  facet normal -0 0 1
    outer loop
      vertex 58.6796 10.2957 2.2
      vertex 67.7 0 2.2
      vertex 58.75 10.3304 2.2
    endloop
  endfacet
  facet normal -0 0 1
    outer loop
      vertex 58.6053 10.2704 2.2
      vertex 67.7 0 2.2
      vertex 58.6796 10.2957 2.2
    endloop
  endfacet
  facet normal -0 0 1
    outer loop
      vertex 58.5283 10.2551 2.2
      vertex 67.7 0 2.2
      vertex 58.6053 10.2704 2.2
    endloop
  endfacet
  facet normal -0 0 1
    outer loop
      vertex 58.45 10.25 2.2
      vertex 67.7 0 2.2
      vertex 58.5283 10.2551 2.2
    endloop
  endfacet
  facet normal -0 0 1
    outer loop
      vertex 58.1 10.25 2.2
      vertex 67.7 0 2.2
      vertex 58.45 10.25 2.2
    endloop
  endfacet
  facet normal 0 0 1
    outer loop
      vertex 58.0217 10.2551 2.2
      vertex 67.7 0 2.2
      vertex 58.1 10.25 2.2
    endloop
  endfacet
  facet normal 0 0 1
    outer loop
      vertex 55.1283 10.2551 2.2
      vertex 58.0217 10.2551 2.2
      vertex 57.9447 10.2704 2.2
    endloop
  endfacet
  facet normal 0 0 1
    outer loop
      vertex 55.2053 10.2704 2.2
      vertex 57.9447 10.2704 2.2
      vertex 57.8704 10.2957 2.2
    endloop
  endfacet
  facet normal 0 0 1
    outer loop
      vertex 55.2796 10.2957 2.2
      vertex 57.8704 10.2957 2.2
      vertex 57.8 10.3304 2.2
    endloop
  endfacet
  facet normal 0 0 1
    outer loop
      vertex 55.35 10.3304 2.2
      vertex 57.8 10.3304 2.2
      vertex 57.7347 10.374 2.2
    endloop
  endfacet
  facet normal 0 0 1
    outer loop
      vertex 55.4153 10.374 2.2
      vertex 57.7347 10.374 2.2
      vertex 57.6757 10.4257 2.2
    endloop
  endfacet
  facet normal 0 0 1
    outer loop
      vertex 55.65 10.85 2.2
      vertex 57.5 10.85 2.2
      vertex 55.65 23.65 2.2
    endloop
  endfacet
  facet normal 0 0 1
    outer loop
      vertex 57.5 10.85 2.2
      vertex 55.65 10.85 2.2
      vertex 57.5051 10.7717 2.2
    endloop
  endfacet
  facet normal 0 0 1
    outer loop
      vertex 55.6449 10.7717 2.2
      vertex 57.5051 10.7717 2.2
      vertex 55.65 10.85 2.2
    endloop
  endfacet
  facet normal 0 0 1
    outer loop
      vertex 57.5051 10.7717 2.2
      vertex 55.6449 10.7717 2.2
      vertex 57.5204 10.6947 2.2
    endloop
  endfacet
  facet normal 0 0 1
    outer loop
      vertex 55.6296 10.6947 2.2
      vertex 57.5204 10.6947 2.2
      vertex 55.6449 10.7717 2.2
    endloop
  endfacet
  facet normal 0 0 1
    outer loop
      vertex 57.5204 10.6947 2.2
      vertex 55.6296 10.6947 2.2
      vertex 57.5457 10.6204 2.2
    endloop
  endfacet
  facet normal 0 0 1
    outer loop
      vertex 55.6043 10.6204 2.2
      vertex 57.5457 10.6204 2.2
      vertex 55.6296 10.6947 2.2
    endloop
  endfacet
  facet normal 0 0 1
    outer loop
      vertex 57.5457 10.6204 2.2
      vertex 55.6043 10.6204 2.2
      vertex 57.5804 10.55 2.2
    endloop
  endfacet
  facet normal 0 0 1
    outer loop
      vertex 55.5696 10.55 2.2
      vertex 57.5804 10.55 2.2
      vertex 55.6043 10.6204 2.2
    endloop
  endfacet
  facet normal 0 0 1
    outer loop
      vertex 57.5804 10.55 2.2
      vertex 55.5696 10.55 2.2
      vertex 57.624 10.4847 2.2
    endloop
  endfacet
  facet normal 0 0 1
    outer loop
      vertex 55.526 10.4847 2.2
      vertex 57.624 10.4847 2.2
      vertex 55.5696 10.55 2.2
    endloop
  endfacet
  facet normal 0 0 1
    outer loop
      vertex 57.624 10.4847 2.2
      vertex 55.526 10.4847 2.2
      vertex 57.6757 10.4257 2.2
    endloop
  endfacet
  facet normal 0 0 1
    outer loop
      vertex 55.4743 10.4257 2.2
      vertex 57.6757 10.4257 2.2
      vertex 55.526 10.4847 2.2
    endloop
  endfacet
  facet normal 0 0 1
    outer loop
      vertex 55.4153 10.374 2.2
      vertex 57.6757 10.4257 2.2
      vertex 55.4743 10.4257 2.2
    endloop
  endfacet
  facet normal 0 0 1
    outer loop
      vertex 57.7347 10.374 2.2
      vertex 55.4153 10.374 2.2
      vertex 55.35 10.3304 2.2
    endloop
  endfacet
  facet normal 0 0 1
    outer loop
      vertex 57.8 10.3304 2.2
      vertex 55.35 10.3304 2.2
      vertex 55.2796 10.2957 2.2
    endloop
  endfacet
  facet normal 0 0 1
    outer loop
      vertex 57.8704 10.2957 2.2
      vertex 55.2796 10.2957 2.2
      vertex 55.2053 10.2704 2.2
    endloop
  endfacet
  facet normal 0 0 1
    outer loop
      vertex 57.9447 10.2704 2.2
      vertex 55.2053 10.2704 2.2
      vertex 55.1283 10.2551 2.2
    endloop
  endfacet
  facet normal 0 0 1
    outer loop
      vertex 58.0217 10.2551 2.2
      vertex 55.1283 10.2551 2.2
      vertex 67.7 0 2.2
    endloop
  endfacet
  facet normal -0 0 1
    outer loop
      vertex 55.05 10.25 2.2
      vertex 67.7 0 2.2
      vertex 55.1283 10.2551 2.2
    endloop
  endfacet
  facet normal -0 0 1
    outer loop
      vertex 54.7 10.25 2.2
      vertex 67.7 0 2.2
      vertex 55.05 10.25 2.2
    endloop
  endfacet
  facet normal 0 0 1
    outer loop
      vertex 54.6217 10.2551 2.2
      vertex 67.7 0 2.2
      vertex 54.7 10.25 2.2
    endloop
  endfacet
  facet normal 0 0 1
    outer loop
      vertex 51.7283 10.2551 2.2
      vertex 54.6217 10.2551 2.2
      vertex 54.5447 10.2704 2.2
    endloop
  endfacet
  facet normal 0 0 1
    outer loop
      vertex 51.8053 10.2704 2.2
      vertex 54.5447 10.2704 2.2
      vertex 54.4704 10.2957 2.2
    endloop
  endfacet
  facet normal 0 0 1
    outer loop
      vertex 51.8796 10.2957 2.2
      vertex 54.4704 10.2957 2.2
      vertex 54.4 10.3304 2.2
    endloop
  endfacet
  facet normal 0 0 1
    outer loop
      vertex 51.95 10.3304 2.2
      vertex 54.4 10.3304 2.2
      vertex 54.3347 10.374 2.2
    endloop
  endfacet
  facet normal 0 0 1
    outer loop
      vertex 52.25 10.85 2.2
      vertex 54.1 10.85 2.2
      vertex 52.25 23.65 2.2
    endloop
  endfacet
  facet normal 0 0 1
    outer loop
      vertex 54.1 10.85 2.2
      vertex 52.25 10.85 2.2
      vertex 54.1051 10.7717 2.2
    endloop
  endfacet
  facet normal 0 0 1
    outer loop
      vertex 52.2449 10.7717 2.2
      vertex 54.1051 10.7717 2.2
      vertex 52.25 10.85 2.2
    endloop
  endfacet
  facet normal 0 0 1
    outer loop
      vertex 54.1051 10.7717 2.2
      vertex 52.2449 10.7717 2.2
      vertex 54.1204 10.6947 2.2
    endloop
  endfacet
  facet normal 0 0 1
    outer loop
      vertex 52.2296 10.6947 2.2
      vertex 54.1204 10.6947 2.2
      vertex 52.2449 10.7717 2.2
    endloop
  endfacet
  facet normal 0 0 1
    outer loop
      vertex 54.1204 10.6947 2.2
      vertex 52.2296 10.6947 2.2
      vertex 54.1457 10.6204 2.2
    endloop
  endfacet
  facet normal 0 0 1
    outer loop
      vertex 52.2043 10.6204 2.2
      vertex 54.1457 10.6204 2.2
      vertex 52.2296 10.6947 2.2
    endloop
  endfacet
  facet normal 0 0 1
    outer loop
      vertex 54.1457 10.6204 2.2
      vertex 52.2043 10.6204 2.2
      vertex 54.1804 10.55 2.2
    endloop
  endfacet
  facet normal 0 0 1
    outer loop
      vertex 52.1696 10.55 2.2
      vertex 54.1804 10.55 2.2
      vertex 52.2043 10.6204 2.2
    endloop
  endfacet
  facet normal 0 0 1
    outer loop
      vertex 54.1804 10.55 2.2
      vertex 52.1696 10.55 2.2
      vertex 54.224 10.4847 2.2
    endloop
  endfacet
  facet normal 0 0 1
    outer loop
      vertex 52.126 10.4847 2.2
      vertex 54.224 10.4847 2.2
      vertex 52.1696 10.55 2.2
    endloop
  endfacet
  facet normal 0 0 1
    outer loop
      vertex 54.224 10.4847 2.2
      vertex 52.126 10.4847 2.2
      vertex 54.2757 10.4257 2.2
    endloop
  endfacet
  facet normal 0 0 1
    outer loop
      vertex 52.0743 10.4257 2.2
      vertex 54.2757 10.4257 2.2
      vertex 52.126 10.4847 2.2
    endloop
  endfacet
  facet normal 0 0 1
    outer loop
      vertex 54.2757 10.4257 2.2
      vertex 52.0743 10.4257 2.2
      vertex 54.3347 10.374 2.2
    endloop
  endfacet
  facet normal 0 0 1
    outer loop
      vertex 52.0153 10.374 2.2
      vertex 54.3347 10.374 2.2
      vertex 52.0743 10.4257 2.2
    endloop
  endfacet
  facet normal 0 0 1
    outer loop
      vertex 51.95 10.3304 2.2
      vertex 54.3347 10.374 2.2
      vertex 52.0153 10.374 2.2
    endloop
  endfacet
  facet normal 0 0 1
    outer loop
      vertex 54.4 10.3304 2.2
      vertex 51.95 10.3304 2.2
      vertex 51.8796 10.2957 2.2
    endloop
  endfacet
  facet normal 0 0 1
    outer loop
      vertex 54.4704 10.2957 2.2
      vertex 51.8796 10.2957 2.2
      vertex 51.8053 10.2704 2.2
    endloop
  endfacet
  facet normal 0 0 1
    outer loop
      vertex 54.5447 10.2704 2.2
      vertex 51.8053 10.2704 2.2
      vertex 51.7283 10.2551 2.2
    endloop
  endfacet
  facet normal 0 0 1
    outer loop
      vertex 54.6217 10.2551 2.2
      vertex 51.7283 10.2551 2.2
      vertex 67.7 0 2.2
    endloop
  endfacet
  facet normal -0 0 1
    outer loop
      vertex 51.65 10.25 2.2
      vertex 67.7 0 2.2
      vertex 51.7283 10.2551 2.2
    endloop
  endfacet
  facet normal -0 0 1
    outer loop
      vertex 51.3 10.25 2.2
      vertex 67.7 0 2.2
      vertex 51.65 10.25 2.2
    endloop
  endfacet
  facet normal 0 0 1
    outer loop
      vertex 51.2217 10.2551 2.2
      vertex 67.7 0 2.2
      vertex 51.3 10.25 2.2
    endloop
  endfacet
  facet normal 0 0 1
    outer loop
      vertex 48.3283 10.2551 2.2
      vertex 51.2217 10.2551 2.2
      vertex 51.1447 10.2704 2.2
    endloop
  endfacet
  facet normal 0 0 1
    outer loop
      vertex 48.4053 10.2704 2.2
      vertex 51.1447 10.2704 2.2
      vertex 51.0704 10.2957 2.2
    endloop
  endfacet
  facet normal 0 0 1
    outer loop
      vertex 48.4796 10.2957 2.2
      vertex 51.0704 10.2957 2.2
      vertex 51 10.3304 2.2
    endloop
  endfacet
  facet normal 0 0 1
    outer loop
      vertex 48.85 10.85 2.2
      vertex 50.7 10.85 2.2
      vertex 48.85 23.65 2.2
    endloop
  endfacet
  facet normal 0 0 1
    outer loop
      vertex 50.7 10.85 2.2
      vertex 48.85 10.85 2.2
      vertex 50.7051 10.7717 2.2
    endloop
  endfacet
  facet normal 0 0 1
    outer loop
      vertex 48.8449 10.7717 2.2
      vertex 50.7051 10.7717 2.2
      vertex 48.85 10.85 2.2
    endloop
  endfacet
  facet normal 0 0 1
    outer loop
      vertex 50.7051 10.7717 2.2
      vertex 48.8449 10.7717 2.2
      vertex 50.7204 10.6947 2.2
    endloop
  endfacet
  facet normal 0 0 1
    outer loop
      vertex 48.8296 10.6947 2.2
      vertex 50.7204 10.6947 2.2
      vertex 48.8449 10.7717 2.2
    endloop
  endfacet
  facet normal 0 0 1
    outer loop
      vertex 50.7204 10.6947 2.2
      vertex 48.8296 10.6947 2.2
      vertex 50.7457 10.6204 2.2
    endloop
  endfacet
  facet normal 0 0 1
    outer loop
      vertex 48.8043 10.6204 2.2
      vertex 50.7457 10.6204 2.2
      vertex 48.8296 10.6947 2.2
    endloop
  endfacet
  facet normal 0 0 1
    outer loop
      vertex 50.7457 10.6204 2.2
      vertex 48.8043 10.6204 2.2
      vertex 50.7804 10.55 2.2
    endloop
  endfacet
  facet normal 0 0 1
    outer loop
      vertex 48.7696 10.55 2.2
      vertex 50.7804 10.55 2.2
      vertex 48.8043 10.6204 2.2
    endloop
  endfacet
  facet normal 0 0 1
    outer loop
      vertex 50.7804 10.55 2.2
      vertex 48.7696 10.55 2.2
      vertex 50.824 10.4847 2.2
    endloop
  endfacet
  facet normal 0 0 1
    outer loop
      vertex 48.726 10.4847 2.2
      vertex 50.824 10.4847 2.2
      vertex 48.7696 10.55 2.2
    endloop
  endfacet
  facet normal 0 0 1
    outer loop
      vertex 50.824 10.4847 2.2
      vertex 48.726 10.4847 2.2
      vertex 50.8757 10.4257 2.2
    endloop
  endfacet
  facet normal 0 0 1
    outer loop
      vertex 48.6743 10.4257 2.2
      vertex 50.8757 10.4257 2.2
      vertex 48.726 10.4847 2.2
    endloop
  endfacet
  facet normal 0 0 1
    outer loop
      vertex 50.8757 10.4257 2.2
      vertex 48.6743 10.4257 2.2
      vertex 50.9347 10.374 2.2
    endloop
  endfacet
  facet normal 0 0 1
    outer loop
      vertex 48.6153 10.374 2.2
      vertex 50.9347 10.374 2.2
      vertex 48.6743 10.4257 2.2
    endloop
  endfacet
  facet normal 0 0 1
    outer loop
      vertex 50.9347 10.374 2.2
      vertex 48.6153 10.374 2.2
      vertex 51 10.3304 2.2
    endloop
  endfacet
  facet normal 0 0 1
    outer loop
      vertex 48.55 10.3304 2.2
      vertex 51 10.3304 2.2
      vertex 48.6153 10.374 2.2
    endloop
  endfacet
  facet normal 0 0 1
    outer loop
      vertex 48.4796 10.2957 2.2
      vertex 51 10.3304 2.2
      vertex 48.55 10.3304 2.2
    endloop
  endfacet
  facet normal 0 0 1
    outer loop
      vertex 51.0704 10.2957 2.2
      vertex 48.4796 10.2957 2.2
      vertex 48.4053 10.2704 2.2
    endloop
  endfacet
  facet normal 0 0 1
    outer loop
      vertex 51.1447 10.2704 2.2
      vertex 48.4053 10.2704 2.2
      vertex 48.3283 10.2551 2.2
    endloop
  endfacet
  facet normal 0 0 1
    outer loop
      vertex 51.2217 10.2551 2.2
      vertex 48.3283 10.2551 2.2
      vertex 67.7 0 2.2
    endloop
  endfacet
  facet normal -0 0 1
    outer loop
      vertex 48.25 10.25 2.2
      vertex 67.7 0 2.2
      vertex 48.3283 10.2551 2.2
    endloop
  endfacet
  facet normal -0 0 1
    outer loop
      vertex 47.9 10.25 2.2
      vertex 67.7 0 2.2
      vertex 48.25 10.25 2.2
    endloop
  endfacet
  facet normal 0 0 1
    outer loop
      vertex 44.85 10.25 2.2
      vertex 47.9 10.25 2.2
      vertex 47.8217 10.2551 2.2
    endloop
  endfacet
  facet normal 0 0 1
    outer loop
      vertex 44.9283 10.2551 2.2
      vertex 47.8217 10.2551 2.2
      vertex 47.7447 10.2704 2.2
    endloop
  endfacet
  facet normal 0 0 1
    outer loop
      vertex 45.0053 10.2704 2.2
      vertex 47.7447 10.2704 2.2
      vertex 47.6704 10.2957 2.2
    endloop
  endfacet
  facet normal 0 0 1
    outer loop
      vertex 45.0796 10.2957 2.2
      vertex 47.6704 10.2957 2.2
      vertex 47.6 10.3304 2.2
    endloop
  endfacet
  facet normal 0 0 1
    outer loop
      vertex 45.45 10.85 2.2
      vertex 47.3 10.85 2.2
      vertex 45.45 23.65 2.2
    endloop
  endfacet
  facet normal 0 0 1
    outer loop
      vertex 47.3 10.85 2.2
      vertex 45.45 10.85 2.2
      vertex 47.3051 10.7717 2.2
    endloop
  endfacet
  facet normal 0 0 1
    outer loop
      vertex 45.4449 10.7717 2.2
      vertex 47.3051 10.7717 2.2
      vertex 45.45 10.85 2.2
    endloop
  endfacet
  facet normal 0 0 1
    outer loop
      vertex 47.3051 10.7717 2.2
      vertex 45.4449 10.7717 2.2
      vertex 47.3204 10.6947 2.2
    endloop
  endfacet
  facet normal 0 0 1
    outer loop
      vertex 45.4296 10.6947 2.2
      vertex 47.3204 10.6947 2.2
      vertex 45.4449 10.7717 2.2
    endloop
  endfacet
  facet normal 0 0 1
    outer loop
      vertex 47.3204 10.6947 2.2
      vertex 45.4296 10.6947 2.2
      vertex 47.3457 10.6204 2.2
    endloop
  endfacet
  facet normal 0 0 1
    outer loop
      vertex 45.4043 10.6204 2.2
      vertex 47.3457 10.6204 2.2
      vertex 45.4296 10.6947 2.2
    endloop
  endfacet
  facet normal 0 0 1
    outer loop
      vertex 47.3457 10.6204 2.2
      vertex 45.4043 10.6204 2.2
      vertex 47.3804 10.55 2.2
    endloop
  endfacet
  facet normal 0 0 1
    outer loop
      vertex 45.3696 10.55 2.2
      vertex 47.3804 10.55 2.2
      vertex 45.4043 10.6204 2.2
    endloop
  endfacet
  facet normal 0 0 1
    outer loop
      vertex 47.3804 10.55 2.2
      vertex 45.3696 10.55 2.2
      vertex 47.424 10.4847 2.2
    endloop
  endfacet
  facet normal 0 0 1
    outer loop
      vertex 45.326 10.4847 2.2
      vertex 47.424 10.4847 2.2
      vertex 45.3696 10.55 2.2
    endloop
  endfacet
  facet normal 0 0 1
    outer loop
      vertex 47.424 10.4847 2.2
      vertex 45.326 10.4847 2.2
      vertex 47.4757 10.4257 2.2
    endloop
  endfacet
  facet normal 0 0 1
    outer loop
      vertex 45.2743 10.4257 2.2
      vertex 47.4757 10.4257 2.2
      vertex 45.326 10.4847 2.2
    endloop
  endfacet
  facet normal 0 0 1
    outer loop
      vertex 47.4757 10.4257 2.2
      vertex 45.2743 10.4257 2.2
      vertex 47.5347 10.374 2.2
    endloop
  endfacet
  facet normal 0 0 1
    outer loop
      vertex 45.2153 10.374 2.2
      vertex 47.5347 10.374 2.2
      vertex 45.2743 10.4257 2.2
    endloop
  endfacet
  facet normal 0 0 1
    outer loop
      vertex 47.5347 10.374 2.2
      vertex 45.2153 10.374 2.2
      vertex 47.6 10.3304 2.2
    endloop
  endfacet
  facet normal 0 0 1
    outer loop
      vertex 45.15 10.3304 2.2
      vertex 47.6 10.3304 2.2
      vertex 45.2153 10.374 2.2
    endloop
  endfacet
  facet normal 0 0 1
    outer loop
      vertex 45.0796 10.2957 2.2
      vertex 47.6 10.3304 2.2
      vertex 45.15 10.3304 2.2
    endloop
  endfacet
  facet normal 0 0 1
    outer loop
      vertex 47.6704 10.2957 2.2
      vertex 45.0796 10.2957 2.2
      vertex 45.0053 10.2704 2.2
    endloop
  endfacet
  facet normal 0 0 1
    outer loop
      vertex 47.7447 10.2704 2.2
      vertex 45.0053 10.2704 2.2
      vertex 44.9283 10.2551 2.2
    endloop
  endfacet
  facet normal 0 0 1
    outer loop
      vertex 44.85 10.25 2.2
      vertex 47.8217 10.2551 2.2
      vertex 44.9283 10.2551 2.2
    endloop
  endfacet
  facet normal 0 0 1
    outer loop
      vertex 47.9 10.25 2.2
      vertex 44.85 10.25 2.2
      vertex 67.7 0 2.2
    endloop
  endfacet
  facet normal -0 0 1
    outer loop
      vertex 44.5 10.25 2.2
      vertex 67.7 0 2.2
      vertex 44.85 10.25 2.2
    endloop
  endfacet
  facet normal 0 0 1
    outer loop
      vertex 41.45 10.25 2.2
      vertex 44.5 10.25 2.2
      vertex 44.4217 10.2551 2.2
    endloop
  endfacet
  facet normal 0 0 1
    outer loop
      vertex 41.5283 10.2551 2.2
      vertex 44.4217 10.2551 2.2
      vertex 44.3447 10.2704 2.2
    endloop
  endfacet
  facet normal 0 0 1
    outer loop
      vertex 41.6053 10.2704 2.2
      vertex 44.3447 10.2704 2.2
      vertex 44.2704 10.2957 2.2
    endloop
  endfacet
  facet normal 0 0 1
    outer loop
      vertex 42.05 10.85 2.2
      vertex 43.9 10.85 2.2
      vertex 42.05 23.65 2.2
    endloop
  endfacet
  facet normal 0 0 1
    outer loop
      vertex 43.9 10.85 2.2
      vertex 42.05 10.85 2.2
      vertex 43.9051 10.7717 2.2
    endloop
  endfacet
  facet normal 0 0 1
    outer loop
      vertex 42.0449 10.7717 2.2
      vertex 43.9051 10.7717 2.2
      vertex 42.05 10.85 2.2
    endloop
  endfacet
  facet normal 0 0 1
    outer loop
      vertex 43.9051 10.7717 2.2
      vertex 42.0449 10.7717 2.2
      vertex 43.9204 10.6947 2.2
    endloop
  endfacet
  facet normal 0 0 1
    outer loop
      vertex 42.0296 10.6947 2.2
      vertex 43.9204 10.6947 2.2
      vertex 42.0449 10.7717 2.2
    endloop
  endfacet
  facet normal 0 0 1
    outer loop
      vertex 43.9204 10.6947 2.2
      vertex 42.0296 10.6947 2.2
      vertex 43.9457 10.6204 2.2
    endloop
  endfacet
  facet normal 0 0 1
    outer loop
      vertex 42.0043 10.6204 2.2
      vertex 43.9457 10.6204 2.2
      vertex 42.0296 10.6947 2.2
    endloop
  endfacet
  facet normal 0 0 1
    outer loop
      vertex 43.9457 10.6204 2.2
      vertex 42.0043 10.6204 2.2
      vertex 43.9804 10.55 2.2
    endloop
  endfacet
  facet normal 0 0 1
    outer loop
      vertex 41.9696 10.55 2.2
      vertex 43.9804 10.55 2.2
      vertex 42.0043 10.6204 2.2
    endloop
  endfacet
  facet normal 0 0 1
    outer loop
      vertex 43.9804 10.55 2.2
      vertex 41.9696 10.55 2.2
      vertex 44.024 10.4847 2.2
    endloop
  endfacet
  facet normal 0 0 1
    outer loop
      vertex 41.926 10.4847 2.2
      vertex 44.024 10.4847 2.2
      vertex 41.9696 10.55 2.2
    endloop
  endfacet
  facet normal 0 0 1
    outer loop
      vertex 44.024 10.4847 2.2
      vertex 41.926 10.4847 2.2
      vertex 44.0757 10.4257 2.2
    endloop
  endfacet
  facet normal 0 0 1
    outer loop
      vertex 41.8743 10.4257 2.2
      vertex 44.0757 10.4257 2.2
      vertex 41.926 10.4847 2.2
    endloop
  endfacet
  facet normal 0 0 1
    outer loop
      vertex 44.0757 10.4257 2.2
      vertex 41.8743 10.4257 2.2
      vertex 44.1347 10.374 2.2
    endloop
  endfacet
  facet normal 0 0 1
    outer loop
      vertex 41.8153 10.374 2.2
      vertex 44.1347 10.374 2.2
      vertex 41.8743 10.4257 2.2
    endloop
  endfacet
  facet normal 0 0 1
    outer loop
      vertex 44.1347 10.374 2.2
      vertex 41.8153 10.374 2.2
      vertex 44.2 10.3304 2.2
    endloop
  endfacet
  facet normal 0 0 1
    outer loop
      vertex 41.75 10.3304 2.2
      vertex 44.2 10.3304 2.2
      vertex 41.8153 10.374 2.2
    endloop
  endfacet
  facet normal 0 0 1
    outer loop
      vertex 44.2 10.3304 2.2
      vertex 41.75 10.3304 2.2
      vertex 44.2704 10.2957 2.2
    endloop
  endfacet
  facet normal 0 0 1
    outer loop
      vertex 41.6796 10.2957 2.2
      vertex 44.2704 10.2957 2.2
      vertex 41.75 10.3304 2.2
    endloop
  endfacet
  facet normal 0 0 1
    outer loop
      vertex 41.6053 10.2704 2.2
      vertex 44.2704 10.2957 2.2
      vertex 41.6796 10.2957 2.2
    endloop
  endfacet
  facet normal 0 0 1
    outer loop
      vertex 44.3447 10.2704 2.2
      vertex 41.6053 10.2704 2.2
      vertex 41.5283 10.2551 2.2
    endloop
  endfacet
  facet normal 0 0 1
    outer loop
      vertex 44.4217 10.2551 2.2
      vertex 41.5283 10.2551 2.2
      vertex 41.45 10.25 2.2
    endloop
  endfacet
  facet normal 0 0 1
    outer loop
      vertex 44.5 10.25 2.2
      vertex 41.45 10.25 2.2
      vertex 67.7 0 2.2
    endloop
  endfacet
  facet normal -0 0 1
    outer loop
      vertex 41.1 10.25 2.2
      vertex 67.7 0 2.2
      vertex 41.45 10.25 2.2
    endloop
  endfacet
  facet normal 0 0 1
    outer loop
      vertex 41.0217 10.2551 2.2
      vertex 67.7 0 2.2
      vertex 41.1 10.25 2.2
    endloop
  endfacet
  facet normal 0 0 1
    outer loop
      vertex 2.8 0 2.2
      vertex 41.0217 10.2551 2.2
      vertex 40.9447 10.2704 2.2
    endloop
  endfacet
  facet normal 0 0 1
    outer loop
      vertex 2.8 0 2.2
      vertex 40.9447 10.2704 2.2
      vertex 40.8704 10.2957 2.2
    endloop
  endfacet
  facet normal 0 0 1
    outer loop
      vertex 2.8 0 2.2
      vertex 40.5 10.85 2.2
      vertex 2.8 34.5 2.2
    endloop
  endfacet
  facet normal 0 0 1
    outer loop
      vertex 40.5 10.85 2.2
      vertex 2.8 0 2.2
      vertex 40.5051 10.7717 2.2
    endloop
  endfacet
  facet normal 0 0 1
    outer loop
      vertex 40.5051 10.7717 2.2
      vertex 2.8 0 2.2
      vertex 40.5204 10.6947 2.2
    endloop
  endfacet
  facet normal 0 0 1
    outer loop
      vertex 40.5204 10.6947 2.2
      vertex 2.8 0 2.2
      vertex 40.5457 10.6204 2.2
    endloop
  endfacet
  facet normal 0 0 1
    outer loop
      vertex 40.5457 10.6204 2.2
      vertex 2.8 0 2.2
      vertex 40.5804 10.55 2.2
    endloop
  endfacet
  facet normal 0 0 1
    outer loop
      vertex 40.5804 10.55 2.2
      vertex 2.8 0 2.2
      vertex 40.624 10.4847 2.2
    endloop
  endfacet
  facet normal 0 0 1
    outer loop
      vertex 40.624 10.4847 2.2
      vertex 2.8 0 2.2
      vertex 40.6757 10.4257 2.2
    endloop
  endfacet
  facet normal 0 0 1
    outer loop
      vertex 40.6757 10.4257 2.2
      vertex 2.8 0 2.2
      vertex 40.7347 10.374 2.2
    endloop
  endfacet
  facet normal 0 0 1
    outer loop
      vertex 41.0217 10.2551 2.2
      vertex 2.8 0 2.2
      vertex 67.7 0 2.2
    endloop
  endfacet
  facet normal 0 0 1
    outer loop
      vertex 40.8 10.3304 2.2
      vertex 2.8 0 2.2
      vertex 40.8704 10.2957 2.2
    endloop
  endfacet
  facet normal 0 0 1
    outer loop
      vertex 40.7347 10.374 2.2
      vertex 2.8 0 2.2
      vertex 40.8 10.3304 2.2
    endloop
  endfacet
  facet normal 0 0 1
    outer loop
      vertex 0 31.7 2.2
      vertex 2.8 34.5 2.2
      vertex 2.43453 34.476 2.2
    endloop
  endfacet
  facet normal 0 0 1
    outer loop
      vertex 2.8 34.5 2.2
      vertex 0 31.7 2.2
      vertex 2.8 0 2.2
    endloop
  endfacet
  facet normal 0 0 1
    outer loop
      vertex 0 31.7 2.2
      vertex 2.43453 34.476 2.2
      vertex 2.07531 34.4046 2.2
    endloop
  endfacet
  facet normal -0 0 1
    outer loop
      vertex 0 2.8 2.2
      vertex 2.8 0 2.2
      vertex 0 31.7 2.2
    endloop
  endfacet
  facet normal 0 0 1
    outer loop
      vertex 0 31.7 2.2
      vertex 2.07531 34.4046 2.2
      vertex 1.72849 34.2869 2.2
    endloop
  endfacet
  facet normal 0 0 1
    outer loop
      vertex 2.8 0 2.2
      vertex 0 2.8 2.2
      vertex 2.43453 0.0239534 2.2
    endloop
  endfacet
  facet normal 0 0 1
    outer loop
      vertex 0 31.7 2.2
      vertex 1.72849 34.2869 2.2
      vertex 1.4 34.1249 2.2
    endloop
  endfacet
  facet normal 0 0 1
    outer loop
      vertex 2.43453 0.0239534 2.2
      vertex 0 2.8 2.2
      vertex 2.07531 0.0954075 2.2
    endloop
  endfacet
  facet normal 0 0 1
    outer loop
      vertex 0 31.7 2.2
      vertex 1.4 34.1249 2.2
      vertex 1.09547 33.9214 2.2
    endloop
  endfacet
  facet normal 0 0 1
    outer loop
      vertex 2.07531 0.0954075 2.2
      vertex 0 2.8 2.2
      vertex 1.72849 0.213137 2.2
    endloop
  endfacet
  facet normal 0 0 1
    outer loop
      vertex 0 31.7 2.2
      vertex 1.09547 33.9214 2.2
      vertex 0.820101 33.6799 2.2
    endloop
  endfacet
  facet normal 0 0 1
    outer loop
      vertex 1.72849 0.213137 2.2
      vertex 0 2.8 2.2
      vertex 1.4 0.375129 2.2
    endloop
  endfacet
  facet normal 0 0 1
    outer loop
      vertex 0 31.7 2.2
      vertex 0.820101 33.6799 2.2
      vertex 0.57861 33.4045 2.2
    endloop
  endfacet
  facet normal 0 0 1
    outer loop
      vertex 1.4 0.375129 2.2
      vertex 0 2.8 2.2
      vertex 1.09547 0.57861 2.2
    endloop
  endfacet
  facet normal 0 0 1
    outer loop
      vertex 0 31.7 2.2
      vertex 0.57861 33.4045 2.2
      vertex 0.375129 33.1 2.2
    endloop
  endfacet
  facet normal 0 0 1
    outer loop
      vertex 1.09547 0.57861 2.2
      vertex 0 2.8 2.2
      vertex 0.820101 0.820101 2.2
    endloop
  endfacet
  facet normal 0 0 1
    outer loop
      vertex 0 31.7 2.2
      vertex 0.375129 33.1 2.2
      vertex 0.213137 32.7715 2.2
    endloop
  endfacet
  facet normal 0 0 1
    outer loop
      vertex 0.820101 0.820101 2.2
      vertex 0 2.8 2.2
      vertex 0.57861 1.09547 2.2
    endloop
  endfacet
  facet normal 0 0 1
    outer loop
      vertex 0 31.7 2.2
      vertex 0.213137 32.7715 2.2
      vertex 0.0954075 32.4247 2.2
    endloop
  endfacet
  facet normal 0 0 1
    outer loop
      vertex 0.57861 1.09547 2.2
      vertex 0 2.8 2.2
      vertex 0.375129 1.4 2.2
    endloop
  endfacet
  facet normal 0 0 1
    outer loop
      vertex 0 31.7 2.2
      vertex 0.0954075 32.4247 2.2
      vertex 0.0239534 32.0655 2.2
    endloop
  endfacet
  facet normal 0 0 1
    outer loop
      vertex 0.375129 1.4 2.2
      vertex 0 2.8 2.2
      vertex 0.213137 1.72849 2.2
    endloop
  endfacet
  facet normal 0 0 1
    outer loop
      vertex 0.213137 1.72849 2.2
      vertex 0 2.8 2.2
      vertex 0.0954075 2.07531 2.2
    endloop
  endfacet
  facet normal 0 0 1
    outer loop
      vertex 0.0954075 2.07531 2.2
      vertex 0 2.8 2.2
      vertex 0.0239534 2.43453 2.2
    endloop
  endfacet
  facet normal -0.555607 0.831445 0
    outer loop
      vertex 1.4 34.1249 0
      vertex 1.09547 33.9214 2.2
      vertex 1.4 34.1249 2.2
    endloop
  endfacet
  facet normal -0.555607 0.831445 0
    outer loop
      vertex 1.09547 33.9214 2.2
      vertex 1.4 34.1249 0
      vertex 1.09547 33.9214 0
    endloop
  endfacet
  facet normal -0.659344 -0.751841 0
    outer loop
      vertex 0.820101 0.820101 0
      vertex 1.09547 0.57861 2.2
      vertex 0.820101 0.820101 2.2
    endloop
  endfacet
  facet normal -0.659344 -0.751841 -0
    outer loop
      vertex 1.09547 0.57861 2.2
      vertex 0.820101 0.820101 0
      vertex 1.09547 0.57861 0
    endloop
  endfacet
  facet normal -0.555571 -0.831469 0
    outer loop
      vertex 1.09547 0.57861 0
      vertex 1.4 0.375129 2.2
      vertex 1.09547 0.57861 2.2
    endloop
  endfacet
  facet normal -0.555571 -0.831469 -0
    outer loop
      vertex 1.4 0.375129 2.2
      vertex 1.09547 0.57861 0
      vertex 1.4 0.375129 0
    endloop
  endfacet
  facet normal -0.321367 0.946955 0
    outer loop
      vertex 2.07531 34.4046 0
      vertex 1.72849 34.2869 2.2
      vertex 2.07531 34.4046 2.2
    endloop
  endfacet
  facet normal -0.321367 0.946955 0
    outer loop
      vertex 1.72849 34.2869 2.2
      vertex 2.07531 34.4046 0
      vertex 1.72849 34.2869 0
    endloop
  endfacet
  facet normal -0.442286 -0.896874 0
    outer loop
      vertex 1.4 0.375129 0
      vertex 1.72849 0.213137 2.2
      vertex 1.4 0.375129 2.2
    endloop
  endfacet
  facet normal -0.442286 -0.896874 -0
    outer loop
      vertex 1.72849 0.213137 2.2
      vertex 1.4 0.375129 0
      vertex 1.72849 0.213137 0
    endloop
  endfacet
  facet normal -0.19495 0.980813 0
    outer loop
      vertex 2.43453 34.476 0
      vertex 2.07531 34.4046 2.2
      vertex 2.43453 34.476 2.2
    endloop
  endfacet
  facet normal -0.19495 0.980813 0
    outer loop
      vertex 2.07531 34.4046 2.2
      vertex 2.43453 34.476 0
      vertex 2.07531 34.4046 0
    endloop
  endfacet
  facet normal -0 0 -1
    outer loop
      vertex 12.9019 17.4621 0
      vertex 9.998 14.5838 0
      vertex 10.269 20.0511 0
    endloop
  endfacet
  facet normal 0 0 -1
    outer loop
      vertex 13.9382 18.0553 0
      vertex 11.9058 20.0511 0
      vertex 13.9382 20.0511 0
    endloop
  endfacet
  facet normal 0 0 -1
    outer loop
      vertex 27.4601 15.6482 0
      vertex 24.9846 15.6482 0
      vertex 27.4601 20.0511 0
    endloop
  endfacet
  facet normal 0 0 -1
    outer loop
      vertex 35.352 18.1795 0
      vertex 35.5669 18.5566 0
      vertex 35.5636 18.4957 0
    endloop
  endfacet
  facet normal 0 0 -1
    outer loop
      vertex 35.404 18.2139 0
      vertex 35.5636 18.4957 0
      vertex 35.5536 18.4389 0
    endloop
  endfacet
  facet normal -0 0 -1
    outer loop
      vertex 35.5669 18.5566 0
      vertex 35.352 18.1795 0
      vertex 35.562 18.6372 0
    endloop
  endfacet
  facet normal 0 0 -1
    outer loop
      vertex 35.404 18.2139 0
      vertex 35.5536 18.4389 0
      vertex 35.537 18.3859 0
    endloop
  endfacet
  facet normal 0 0 -1
    outer loop
      vertex 35.2892 18.1466 0
      vertex 35.562 18.6372 0
      vertex 35.352 18.1795 0
    endloop
  endfacet
  facet normal 0 0 -1
    outer loop
      vertex 35.4472 18.251 0
      vertex 35.537 18.3859 0
      vertex 35.5137 18.337 0
    endloop
  endfacet
  facet normal 0 0 -1
    outer loop
      vertex 35.5636 18.4957 0
      vertex 35.404 18.2139 0
      vertex 35.352 18.1795 0
    endloop
  endfacet
  facet normal 0 0 -1
    outer loop
      vertex 35.4472 18.251 0
      vertex 35.5137 18.337 0
      vertex 35.4838 18.292 0
    endloop
  endfacet
  facet normal 0 0 -1
    outer loop
      vertex 35.537 18.3859 0
      vertex 35.4472 18.251 0
      vertex 35.404 18.2139 0
    endloop
  endfacet
  facet normal 0 -0 -1
    outer loop
      vertex 35.3894 18.9461 0
      vertex 35.562 18.6372 0
      vertex 35.2892 18.1466 0
    endloop
  endfacet
  facet normal 0 0 -1
    outer loop
      vertex 35.562 18.6372 0
      vertex 35.3894 18.9461 0
      vertex 35.5472 18.7116 0
    endloop
  endfacet
  facet normal 0 0 -1
    outer loop
      vertex 35.5225 18.7796 0
      vertex 35.4436 18.8969 0
      vertex 35.488 18.8414 0
    endloop
  endfacet
  facet normal 0 0 -1
    outer loop
      vertex 35.5225 18.7796 0
      vertex 35.3894 18.9461 0
      vertex 35.4436 18.8969 0
    endloop
  endfacet
  facet normal 0 0 -1
    outer loop
      vertex 35.5472 18.7116 0
      vertex 35.3894 18.9461 0
      vertex 35.5225 18.7796 0
    endloop
  endfacet
  facet normal -0 0 -1
    outer loop
      vertex 35.3894 18.9461 0
      vertex 35.2892 18.1466 0
      vertex 35.3253 18.9891 0
    endloop
  endfacet
  facet normal 0 0 -1
    outer loop
      vertex 35.2892 18.1466 0
      vertex 35.2508 19.026 0
      vertex 35.3253 18.9891 0
    endloop
  endfacet
  facet normal 0 0 -1
    outer loop
      vertex 35.2156 18.115 0
      vertex 35.2508 19.026 0
      vertex 35.2892 18.1466 0
    endloop
  endfacet
  facet normal 0 0 -1
    outer loop
      vertex 35.2156 18.115 0
      vertex 35.1656 19.0573 0
      vertex 35.2508 19.026 0
    endloop
  endfacet
  facet normal 0 0 -1
    outer loop
      vertex 35.1311 18.0849 0
      vertex 35.1656 19.0573 0
      vertex 35.2156 18.115 0
    endloop
  endfacet
  facet normal 0 0 -1
    outer loop
      vertex 35.1311 18.0849 0
      vertex 35.0697 19.0829 0
      vertex 35.1656 19.0573 0
    endloop
  endfacet
  facet normal 0 0 -1
    outer loop
      vertex 35.0358 18.0562 0
      vertex 35.0697 19.0829 0
      vertex 35.1311 18.0849 0
    endloop
  endfacet
  facet normal 0 0 -1
    outer loop
      vertex 35.0358 18.0562 0
      vertex 34.963 19.1028 0
      vertex 35.0697 19.0829 0
    endloop
  endfacet
  facet normal 0 0 -1
    outer loop
      vertex 34.9296 18.029 0
      vertex 34.963 19.1028 0
      vertex 35.0358 18.0562 0
    endloop
  endfacet
  facet normal 0 0 -1
    outer loop
      vertex 34.9296 18.029 0
      vertex 34.8455 19.117 0
      vertex 34.963 19.1028 0
    endloop
  endfacet
  facet normal 0 0 -1
    outer loop
      vertex 34.8126 18.0031 0
      vertex 34.8455 19.117 0
      vertex 34.9296 18.029 0
    endloop
  endfacet
  facet normal 0 0 -1
    outer loop
      vertex 34.8126 18.0031 0
      vertex 34.7172 19.1255 0
      vertex 34.8455 19.117 0
    endloop
  endfacet
  facet normal 0 0 -1
    outer loop
      vertex 34.8126 18.0031 0
      vertex 34.5782 19.1284 0
      vertex 34.7172 19.1255 0
    endloop
  endfacet
  facet normal 0 0 -1
    outer loop
      vertex 34.8126 18.0031 0
      vertex 34.4685 19.1263 0
      vertex 34.5782 19.1284 0
    endloop
  endfacet
  facet normal 0 0 -1
    outer loop
      vertex 34.8126 18.0031 0
      vertex 34.3567 19.12 0
      vertex 34.4685 19.1263 0
    endloop
  endfacet
  facet normal 0 0 -1
    outer loop
      vertex 34.212 17.8823 0
      vertex 34.3567 19.12 0
      vertex 34.8126 18.0031 0
    endloop
  endfacet
  facet normal 0 0 -1
    outer loop
      vertex 34.3567 19.12 0
      vertex 34.212 17.8823 0
      vertex 34.2431 19.1095 0
    endloop
  endfacet
  facet normal 0 0 -1
    outer loop
      vertex 34.212 17.8823 0
      vertex 34.1274 19.0948 0
      vertex 34.2431 19.1095 0
    endloop
  endfacet
  facet normal 0 0 -1
    outer loop
      vertex 34.212 17.8823 0
      vertex 34.0099 19.0759 0
      vertex 34.1274 19.0948 0
    endloop
  endfacet
  facet normal 0 0 -1
    outer loop
      vertex 33.769 19.0255 0
      vertex 34.212 17.8823 0
      vertex 33.9623 17.8261 0
    endloop
  endfacet
  facet normal 0 0 -1
    outer loop
      vertex 34.212 17.8823 0
      vertex 33.8904 19.0528 0
      vertex 34.0099 19.0759 0
    endloop
  endfacet
  facet normal 0 0 -1
    outer loop
      vertex 34.212 17.8823 0
      vertex 33.769 19.0255 0
      vertex 33.8904 19.0528 0
    endloop
  endfacet
  facet normal 0 0 -1
    outer loop
      vertex 33.5223 18.9586 0
      vertex 33.9623 17.8261 0
      vertex 33.734 17.7621 0
    endloop
  endfacet
  facet normal 0 0 -1
    outer loop
      vertex 33.9623 17.8261 0
      vertex 33.6461 18.9941 0
      vertex 33.769 19.0255 0
    endloop
  endfacet
  facet normal 0 0 -1
    outer loop
      vertex 33.2721 18.8755 0
      vertex 33.734 17.7621 0
      vertex 33.5273 17.6904 0
    endloop
  endfacet
  facet normal 0 0 -1
    outer loop
      vertex 33.9623 17.8261 0
      vertex 33.5223 18.9586 0
      vertex 33.6461 18.9941 0
    endloop
  endfacet
  facet normal 0 0 -1
    outer loop
      vertex 33.734 17.7621 0
      vertex 33.3977 18.9191 0
      vertex 33.5223 18.9586 0
    endloop
  endfacet
  facet normal 0 0 -1
    outer loop
      vertex 33.0183 18.7763 0
      vertex 33.5273 17.6904 0
      vertex 33.3421 17.6109 0
    endloop
  endfacet
  facet normal 0 0 -1
    outer loop
      vertex 33.734 17.7621 0
      vertex 33.2721 18.8755 0
      vertex 33.3977 18.9191 0
    endloop
  endfacet
  facet normal 0 0 -1
    outer loop
      vertex 32.8901 18.7206 0
      vertex 33.3421 17.6109 0
      vertex 33.1785 17.5236 0
    endloop
  endfacet
  facet normal 0 0 -1
    outer loop
      vertex 33.5273 17.6904 0
      vertex 33.1457 18.8279 0
      vertex 33.2721 18.8755 0
    endloop
  endfacet
  facet normal 0 0 -1
    outer loop
      vertex 32.8901 18.7206 0
      vertex 33.1785 17.5236 0
      vertex 33.0364 17.4285 0
    endloop
  endfacet
  facet normal 0 0 -1
    outer loop
      vertex 33.5273 17.6904 0
      vertex 33.0183 18.7763 0
      vertex 33.1457 18.8279 0
    endloop
  endfacet
  facet normal 0 0 -1
    outer loop
      vertex 32.8901 18.7206 0
      vertex 33.0364 17.4285 0
      vertex 32.9157 17.3257 0
    endloop
  endfacet
  facet normal 0 0 -1
    outer loop
      vertex 33.3421 17.6109 0
      vertex 32.8901 18.7206 0
      vertex 33.0183 18.7763 0
    endloop
  endfacet
  facet normal 0 0 -1
    outer loop
      vertex 32.7274 17.0866 0
      vertex 32.8901 18.7206 0
      vertex 32.8137 17.2126 0
    endloop
  endfacet
  facet normal 0 0 -1
    outer loop
      vertex 32.8137 17.2126 0
      vertex 32.8901 18.7206 0
      vertex 32.9157 17.3257 0
    endloop
  endfacet
  facet normal 0 0 -1
    outer loop
      vertex 36.4659 17.418 0
      vertex 37.9293 16.7733 0
      vertex 36.7973 16.0595 0
    endloop
  endfacet
  facet normal 0 0 -1
    outer loop
      vertex 37.9293 16.7733 0
      vertex 36.7753 17.945 0
      vertex 36.814 18.1041 0
    endloop
  endfacet
  facet normal 0 0 -1
    outer loop
      vertex 37.9293 16.7733 0
      vertex 36.7212 17.7969 0
      vertex 36.7753 17.945 0
    endloop
  endfacet
  facet normal 0 0 -1
    outer loop
      vertex 37.9293 16.7733 0
      vertex 36.6516 17.6597 0
      vertex 36.7212 17.7969 0
    endloop
  endfacet
  facet normal 0 0 -1
    outer loop
      vertex 36.06 17.1266 0
      vertex 36.7973 16.0595 0
      vertex 36.6484 15.9828 0
    endloop
  endfacet
  facet normal 0 0 -1
    outer loop
      vertex 37.9293 16.7733 0
      vertex 36.5665 17.5334 0
      vertex 36.6516 17.6597 0
    endloop
  endfacet
  facet normal 0 0 -1
    outer loop
      vertex 36.06 17.1266 0
      vertex 36.6484 15.9828 0
      vertex 36.5009 15.9118 0
    endloop
  endfacet
  facet normal 0 0 -1
    outer loop
      vertex 37.9293 16.7733 0
      vertex 36.4659 17.418 0
      vertex 36.5665 17.5334 0
    endloop
  endfacet
  facet normal 0 0 -1
    outer loop
      vertex 35.8887 17.0465 0
      vertex 36.5009 15.9118 0
      vertex 36.3549 15.8463 0
    endloop
  endfacet
  facet normal 0 0 -1
    outer loop
      vertex 36.7973 16.0595 0
      vertex 36.3486 17.3123 0
      vertex 36.4659 17.418 0
    endloop
  endfacet
  facet normal 0 0 -1
    outer loop
      vertex 36.7973 16.0595 0
      vertex 36.2133 17.2152 0
      vertex 36.3486 17.3123 0
    endloop
  endfacet
  facet normal 0 0 -1
    outer loop
      vertex 35.8887 17.0465 0
      vertex 36.3549 15.8463 0
      vertex 36.2102 15.7865 0
    endloop
  endfacet
  facet normal 0 0 -1
    outer loop
      vertex 35.6993 16.975 0
      vertex 36.2102 15.7865 0
      vertex 36.067 15.7322 0
    endloop
  endfacet
  facet normal 0 0 -1
    outer loop
      vertex 36.7973 16.0595 0
      vertex 36.06 17.1266 0
      vertex 36.2133 17.2152 0
    endloop
  endfacet
  facet normal 0 0 -1
    outer loop
      vertex 35.6993 16.975 0
      vertex 36.067 15.7322 0
      vertex 35.9252 15.6835 0
    endloop
  endfacet
  facet normal 0 0 -1
    outer loop
      vertex 36.5009 15.9118 0
      vertex 35.8887 17.0465 0
      vertex 36.06 17.1266 0
    endloop
  endfacet
  facet normal 0 0 -1
    outer loop
      vertex 35.492 16.9119 0
      vertex 35.9252 15.6835 0
      vertex 35.7848 15.6405 0
    endloop
  endfacet
  facet normal 0 0 -1
    outer loop
      vertex 36.2102 15.7865 0
      vertex 35.6993 16.975 0
      vertex 35.8887 17.0465 0
    endloop
  endfacet
  facet normal 0 0 -1
    outer loop
      vertex 35.492 16.9119 0
      vertex 35.7848 15.6405 0
      vertex 35.6458 15.6031 0
    endloop
  endfacet
  facet normal 0 0 -1
    outer loop
      vertex 35.2666 16.8574 0
      vertex 35.6458 15.6031 0
      vertex 35.5083 15.5715 0
    endloop
  endfacet
  facet normal 0 0 -1
    outer loop
      vertex 35.9252 15.6835 0
      vertex 35.492 16.9119 0
      vertex 35.6993 16.975 0
    endloop
  endfacet
  facet normal 0 0 -1
    outer loop
      vertex 35.2666 16.8574 0
      vertex 35.5083 15.5715 0
      vertex 35.3722 15.5456 0
    endloop
  endfacet
  facet normal 0 0 -1
    outer loop
      vertex 35.6458 15.6031 0
      vertex 35.2666 16.8574 0
      vertex 35.492 16.9119 0
    endloop
  endfacet
  facet normal 0 0 -1
    outer loop
      vertex 35.2375 15.5255 0
      vertex 35.2666 16.8574 0
      vertex 35.3722 15.5456 0
    endloop
  endfacet
  facet normal 0 0 -1
    outer loop
      vertex 34.721 16.7366 0
      vertex 35.2375 15.5255 0
      vertex 35.1042 15.5111 0
    endloop
  endfacet
  facet normal 0 0 -1
    outer loop
      vertex 34.721 16.7366 0
      vertex 35.1042 15.5111 0
      vertex 34.9723 15.5025 0
    endloop
  endfacet
  facet normal 0 0 -1
    outer loop
      vertex 34.721 16.7366 0
      vertex 34.9723 15.5025 0
      vertex 34.8419 15.4996 0
    endloop
  endfacet
  facet normal 0 0 -1
    outer loop
      vertex 35.2375 15.5255 0
      vertex 34.721 16.7366 0
      vertex 35.2666 16.8574 0
    endloop
  endfacet
  facet normal 0 0 -1
    outer loop
      vertex 34.7145 15.5027 0
      vertex 34.721 16.7366 0
      vertex 34.8419 15.4996 0
    endloop
  endfacet
  facet normal 0 0 -1
    outer loop
      vertex 34.5855 16.7047 0
      vertex 34.7145 15.5027 0
      vertex 34.5959 15.5121 0
    endloop
  endfacet
  facet normal 0 0 -1
    outer loop
      vertex 34.7145 15.5027 0
      vertex 34.5855 16.7047 0
      vertex 34.721 16.7366 0
    endloop
  endfacet
  facet normal 0 0 -1
    outer loop
      vertex 34.4635 16.6715 0
      vertex 34.5959 15.5121 0
      vertex 34.4861 15.5278 0
    endloop
  endfacet
  facet normal 0 0 -1
    outer loop
      vertex 34.5959 15.5121 0
      vertex 34.4635 16.6715 0
      vertex 34.5855 16.7047 0
    endloop
  endfacet
  facet normal 0 0 -1
    outer loop
      vertex 34.355 16.6371 0
      vertex 34.4861 15.5278 0
      vertex 34.3851 15.5498 0
    endloop
  endfacet
  facet normal 0 0 -1
    outer loop
      vertex 34.4861 15.5278 0
      vertex 34.355 16.6371 0
      vertex 34.4635 16.6715 0
    endloop
  endfacet
  facet normal 0 0 -1
    outer loop
      vertex 34.293 15.578 0
      vertex 34.355 16.6371 0
      vertex 34.3851 15.5498 0
    endloop
  endfacet
  facet normal 0 0 -1
    outer loop
      vertex 34.293 15.578 0
      vertex 34.2601 16.6016 0
      vertex 34.355 16.6371 0
    endloop
  endfacet
  facet normal 0 0 -1
    outer loop
      vertex 34.2097 15.6125 0
      vertex 34.2601 16.6016 0
      vertex 34.293 15.578 0
    endloop
  endfacet
  facet normal 0 0 -1
    outer loop
      vertex 34.2097 15.6125 0
      vertex 34.1787 16.5648 0
      vertex 34.2601 16.6016 0
    endloop
  endfacet
  facet normal 0 0 -1
    outer loop
      vertex 34.1352 15.6533 0
      vertex 34.1787 16.5648 0
      vertex 34.2097 15.6125 0
    endloop
  endfacet
  facet normal 0 0 -1
    outer loop
      vertex 33.8898 16.0925 0
      vertex 34.1787 16.5648 0
      vertex 34.1352 15.6533 0
    endloop
  endfacet
  facet normal 0 0 -1
    outer loop
      vertex 33.8898 16.0925 0
      vertex 34.1352 15.6533 0
      vertex 34.0701 15.6999 0
    endloop
  endfacet
  facet normal 0 -0 -1
    outer loop
      vertex 33.8932 16.1633 0
      vertex 34.1787 16.5648 0
      vertex 33.8898 16.0925 0
    endloop
  endfacet
  facet normal 0 0 -1
    outer loop
      vertex 33.8948 16.0136 0
      vertex 34.0701 15.6999 0
      vertex 34.015 15.7519 0
    endloop
  endfacet
  facet normal 0 -0 -1
    outer loop
      vertex 33.9034 16.2293 0
      vertex 34.1108 16.5269 0
      vertex 33.8932 16.1633 0
    endloop
  endfacet
  facet normal 0 0 -1
    outer loop
      vertex 34.1108 16.5269 0
      vertex 33.9034 16.2293 0
      vertex 34.0564 16.4877 0
    endloop
  endfacet
  facet normal 0 0 -1
    outer loop
      vertex 33.8948 16.0136 0
      vertex 34.015 15.7519 0
      vertex 33.9699 15.8093 0
    endloop
  endfacet
  facet normal 0 0 -1
    outer loop
      vertex 34.0564 16.4877 0
      vertex 33.9034 16.2293 0
      vertex 34.0122 16.4456 0
    endloop
  endfacet
  facet normal 0 0 -1
    outer loop
      vertex 33.8948 16.0136 0
      vertex 33.9699 15.8093 0
      vertex 33.9349 15.872 0
    endloop
  endfacet
  facet normal 0 0 -1
    outer loop
      vertex 34.0122 16.4456 0
      vertex 33.9034 16.2293 0
      vertex 33.9748 16.3987 0
    endloop
  endfacet
  facet normal 0 0 -1
    outer loop
      vertex 33.8948 16.0136 0
      vertex 33.9349 15.872 0
      vertex 33.9098 15.9401 0
    endloop
  endfacet
  facet normal 0 0 -1
    outer loop
      vertex 33.9748 16.3987 0
      vertex 33.9034 16.2293 0
      vertex 33.9442 16.347 0
    endloop
  endfacet
  facet normal 0 0 -1
    outer loop
      vertex 34.0701 15.6999 0
      vertex 33.8948 16.0136 0
      vertex 33.8898 16.0925 0
    endloop
  endfacet
  facet normal 0 0 -1
    outer loop
      vertex 33.9442 16.347 0
      vertex 33.9034 16.2293 0
      vertex 33.9204 16.2906 0
    endloop
  endfacet
  facet normal 0 0 -1
    outer loop
      vertex 34.1787 16.5648 0
      vertex 33.8932 16.1633 0
      vertex 34.1108 16.5269 0
    endloop
  endfacet
  facet normal 0 0 -1
    outer loop
      vertex 39.3572 16.4177 0
      vertex 40.5 15.5299 0
      vertex 40.4252 15.5194 0
    endloop
  endfacet
  facet normal 0 0 -1
    outer loop
      vertex 43.8723 14.5838 0
      vertex 42.05 15.036 0
      vertex 42.0599 15.0444 0
    endloop
  endfacet
  facet normal 0 0 -1
    outer loop
      vertex 43.9 20.0511 0
      vertex 43.8723 20.0511 0
      vertex 43.9 23.65 0
    endloop
  endfacet
  facet normal 0 0 -1
    outer loop
      vertex 47.3 20.0511 0
      vertex 47.1973 20.0511 0
      vertex 47.3 23.65 0
    endloop
  endfacet
  facet normal 0 0 -1
    outer loop
      vertex 47.3 10.85 0
      vertex 45.45 14.5896 0
      vertex 47.3 18.0785 0
    endloop
  endfacet
  facet normal 0 0 -1
    outer loop
      vertex 50.7 20.0511 0
      vertex 49.2601 20.0511 0
      vertex 50.7 23.65 0
    endloop
  endfacet
  facet normal 0 0 -1
    outer loop
      vertex 54.1 20.0511 0
      vertex 53.2955 20.0511 0
      vertex 54.1 23.65 0
    endloop
  endfacet
  facet normal 0 0 -1
    outer loop
      vertex 57.5 20.0939 0
      vertex 57.1818 20.1358 0
      vertex 57.5 23.65 0
    endloop
  endfacet
  facet normal 0 0 -1
    outer loop
      vertex 67.7 0 0
      vertex 70.5 2.8 0
      vertex 70.476 2.43453 0
    endloop
  endfacet
  facet normal 0 0 -1
    outer loop
      vertex 70.5 2.8 0
      vertex 59.7656 17.3121 0
      vertex 70.5 31.7 0
    endloop
  endfacet
  facet normal 0 0 -1
    outer loop
      vertex 67.7 0 0
      vertex 70.476 2.43453 0
      vertex 70.4046 2.07531 0
    endloop
  endfacet
  facet normal 0 0 -1
    outer loop
      vertex 59.7493 17.6757 0
      vertex 70.5 31.7 0
      vertex 59.7656 17.3121 0
    endloop
  endfacet
  facet normal 0 0 -1
    outer loop
      vertex 67.7 0 0
      vertex 70.4046 2.07531 0
      vertex 70.2869 1.72849 0
    endloop
  endfacet
  facet normal 0 0 -1
    outer loop
      vertex 59.7004 18.0169 0
      vertex 70.5 31.7 0
      vertex 59.7493 17.6757 0
    endloop
  endfacet
  facet normal 0 0 -1
    outer loop
      vertex 67.7 0 0
      vertex 70.2869 1.72849 0
      vertex 70.1249 1.4 0
    endloop
  endfacet
  facet normal 0 0 -1
    outer loop
      vertex 59.6189 18.3357 0
      vertex 70.5 31.7 0
      vertex 59.7004 18.0169 0
    endloop
  endfacet
  facet normal 0 0 -1
    outer loop
      vertex 67.7 0 0
      vertex 70.1249 1.4 0
      vertex 69.9214 1.09547 0
    endloop
  endfacet
  facet normal 0 0 -1
    outer loop
      vertex 59.05 23.65 0
      vertex 70.5 31.7 0
      vertex 59.6189 18.3357 0
    endloop
  endfacet
  facet normal 0 0 -1
    outer loop
      vertex 67.7 0 0
      vertex 69.9214 1.09547 0
      vertex 69.6799 0.820101 0
    endloop
  endfacet
  facet normal 0 0 -1
    outer loop
      vertex 59.0449 23.7283 0
      vertex 70.5 31.7 0
      vertex 59.05 23.65 0
    endloop
  endfacet
  facet normal 0 0 -1
    outer loop
      vertex 67.7 0 0
      vertex 69.6799 0.820101 0
      vertex 69.4045 0.57861 0
    endloop
  endfacet
  facet normal 0 0 -1
    outer loop
      vertex 59.0296 23.8053 0
      vertex 70.5 31.7 0
      vertex 59.0449 23.7283 0
    endloop
  endfacet
  facet normal 0 0 -1
    outer loop
      vertex 67.7 0 0
      vertex 69.4045 0.57861 0
      vertex 69.1 0.375129 0
    endloop
  endfacet
  facet normal 0 0 -1
    outer loop
      vertex 59.0043 23.8796 0
      vertex 70.5 31.7 0
      vertex 59.0296 23.8053 0
    endloop
  endfacet
  facet normal 0 0 -1
    outer loop
      vertex 67.7 0 0
      vertex 69.1 0.375129 0
      vertex 68.7715 0.213137 0
    endloop
  endfacet
  facet normal 0 0 -1
    outer loop
      vertex 58.9696 23.95 0
      vertex 70.5 31.7 0
      vertex 59.0043 23.8796 0
    endloop
  endfacet
  facet normal 0 0 -1
    outer loop
      vertex 67.7 0 0
      vertex 68.7715 0.213137 0
      vertex 68.4247 0.0954075 0
    endloop
  endfacet
  facet normal 0 0 -1
    outer loop
      vertex 58.926 24.0153 0
      vertex 70.5 31.7 0
      vertex 58.9696 23.95 0
    endloop
  endfacet
  facet normal 0 0 -1
    outer loop
      vertex 67.7 0 0
      vertex 68.4247 0.0954075 0
      vertex 68.0655 0.0239534 0
    endloop
  endfacet
  facet normal 0 -0 -1
    outer loop
      vertex 67.7 34.5 0
      vertex 70.5 31.7 0
      vertex 58.926 24.0153 0
    endloop
  endfacet
  facet normal -0 0 -1
    outer loop
      vertex 70.5 2.8 0
      vertex 67.7 0 0
      vertex 58.926 10.4847 0
    endloop
  endfacet
  facet normal 0 0 -1
    outer loop
      vertex 70.476 32.0655 0
      vertex 67.7 34.5 0
      vertex 70.4046 32.4247 0
    endloop
  endfacet
  facet normal 0 0 -1
    outer loop
      vertex 70.4046 32.4247 0
      vertex 67.7 34.5 0
      vertex 70.2869 32.7715 0
    endloop
  endfacet
  facet normal 0 0 -1
    outer loop
      vertex 70.5 2.8 0
      vertex 59.7493 16.9496 0
      vertex 59.7656 17.3121 0
    endloop
  endfacet
  facet normal 0 0 -1
    outer loop
      vertex 70.5 2.8 0
      vertex 59.7004 16.6092 0
      vertex 59.7493 16.9496 0
    endloop
  endfacet
  facet normal 0 0 -1
    outer loop
      vertex 70.5 2.8 0
      vertex 59.6189 16.291 0
      vertex 59.7004 16.6092 0
    endloop
  endfacet
  facet normal 0 0 -1
    outer loop
      vertex 70.5 2.8 0
      vertex 59.05 10.85 0
      vertex 59.6189 16.291 0
    endloop
  endfacet
  facet normal 0 0 -1
    outer loop
      vertex 59.6189 16.291 0
      vertex 59.05 10.85 0
      vertex 59.5049 15.9951 0
    endloop
  endfacet
  facet normal 0 0 -1
    outer loop
      vertex 59.5049 15.9951 0
      vertex 59.05 10.85 0
      vertex 59.3583 15.7213 0
    endloop
  endfacet
  facet normal 0 0 -1
    outer loop
      vertex 59.3583 15.7213 0
      vertex 59.05 10.85 0
      vertex 59.1791 15.4698 0
    endloop
  endfacet
  facet normal 0 0 -1
    outer loop
      vertex 70.5 2.8 0
      vertex 59.0449 10.7717 0
      vertex 59.05 10.85 0
    endloop
  endfacet
  facet normal 0 0 -1
    outer loop
      vertex 70.5 2.8 0
      vertex 59.0296 10.6947 0
      vertex 59.0449 10.7717 0
    endloop
  endfacet
  facet normal 0 0 -1
    outer loop
      vertex 70.5 2.8 0
      vertex 59.0043 10.6204 0
      vertex 59.0296 10.6947 0
    endloop
  endfacet
  facet normal 0 0 -1
    outer loop
      vertex 70.5 2.8 0
      vertex 58.9696 10.55 0
      vertex 59.0043 10.6204 0
    endloop
  endfacet
  facet normal 0 0 -1
    outer loop
      vertex 70.5 2.8 0
      vertex 58.926 10.4847 0
      vertex 58.9696 10.55 0
    endloop
  endfacet
  facet normal 0 0 -1
    outer loop
      vertex 67.7 0 0
      vertex 58.8743 10.4257 0
      vertex 58.926 10.4847 0
    endloop
  endfacet
  facet normal 0 0 -1
    outer loop
      vertex 67.7 0 0
      vertex 58.8153 10.374 0
      vertex 58.8743 10.4257 0
    endloop
  endfacet
  facet normal 0 0 -1
    outer loop
      vertex 67.7 0 0
      vertex 58.75 10.3304 0
      vertex 58.8153 10.374 0
    endloop
  endfacet
  facet normal 0 0 -1
    outer loop
      vertex 67.7 0 0
      vertex 58.6796 10.2957 0
      vertex 58.75 10.3304 0
    endloop
  endfacet
  facet normal 0 0 -1
    outer loop
      vertex 67.7 0 0
      vertex 58.6053 10.2704 0
      vertex 58.6796 10.2957 0
    endloop
  endfacet
  facet normal 0 0 -1
    outer loop
      vertex 67.7 0 0
      vertex 58.5283 10.2551 0
      vertex 58.6053 10.2704 0
    endloop
  endfacet
  facet normal 0 0 -1
    outer loop
      vertex 67.7 0 0
      vertex 58.45 10.25 0
      vertex 58.5283 10.2551 0
    endloop
  endfacet
  facet normal 0 0 -1
    outer loop
      vertex 67.7 0 0
      vertex 58.1 10.25 0
      vertex 58.45 10.25 0
    endloop
  endfacet
  facet normal 0 0 -1
    outer loop
      vertex 67.7 0 0
      vertex 58.0217 10.2551 0
      vertex 58.1 10.25 0
    endloop
  endfacet
  facet normal 0 0 -1
    outer loop
      vertex 55.1283 10.2551 0
      vertex 58.0217 10.2551 0
      vertex 67.7 0 0
    endloop
  endfacet
  facet normal 0 0 -1
    outer loop
      vertex 58.0217 10.2551 0
      vertex 55.1283 10.2551 0
      vertex 57.9447 10.2704 0
    endloop
  endfacet
  facet normal 0 -0 -1
    outer loop
      vertex 55.2053 10.2704 0
      vertex 57.9447 10.2704 0
      vertex 55.1283 10.2551 0
    endloop
  endfacet
  facet normal 0 0 -1
    outer loop
      vertex 57.9447 10.2704 0
      vertex 55.2053 10.2704 0
      vertex 57.8704 10.2957 0
    endloop
  endfacet
  facet normal 0 -0 -1
    outer loop
      vertex 55.2796 10.2957 0
      vertex 57.8704 10.2957 0
      vertex 55.2053 10.2704 0
    endloop
  endfacet
  facet normal 0 0 -1
    outer loop
      vertex 57.5 10.85 0
      vertex 57.1818 14.4922 0
      vertex 57.5 14.5341 0
    endloop
  endfacet
  facet normal 0 0 -1
    outer loop
      vertex 55.65 10.85 0
      vertex 57.5 10.85 0
      vertex 57.5051 10.7717 0
    endloop
  endfacet
  facet normal 0 0 -1
    outer loop
      vertex 57.5 10.85 0
      vertex 56.8031 14.4766 0
      vertex 57.1818 14.4922 0
    endloop
  endfacet
  facet normal 0 0 -1
    outer loop
      vertex 57.5 10.85 0
      vertex 56.6731 14.4787 0
      vertex 56.8031 14.4766 0
    endloop
  endfacet
  facet normal 0 0 -1
    outer loop
      vertex 55.6449 10.7717 0
      vertex 57.5051 10.7717 0
      vertex 57.5204 10.6947 0
    endloop
  endfacet
  facet normal 0 0 -1
    outer loop
      vertex 57.5 10.85 0
      vertex 55.65 10.85 0
      vertex 56.6731 14.4787 0
    endloop
  endfacet
  facet normal -0 0 -1
    outer loop
      vertex 56.6731 14.4787 0
      vertex 55.65 10.85 0
      vertex 56.5445 14.485 0
    endloop
  endfacet
  facet normal -0 0 -1
    outer loop
      vertex 56.5445 14.485 0
      vertex 55.65 10.85 0
      vertex 56.4175 14.4955 0
    endloop
  endfacet
  facet normal -0 0 -1
    outer loop
      vertex 56.4175 14.4955 0
      vertex 55.65 10.85 0
      vertex 56.2919 14.5101 0
    endloop
  endfacet
  facet normal 0 0 -1
    outer loop
      vertex 55.6296 10.6947 0
      vertex 57.5204 10.6947 0
      vertex 57.5457 10.6204 0
    endloop
  endfacet
  facet normal -0 0 -1
    outer loop
      vertex 56.2919 14.5101 0
      vertex 55.65 10.85 0
      vertex 56.1679 14.529 0
    endloop
  endfacet
  facet normal -0 0 -1
    outer loop
      vertex 56.1679 14.529 0
      vertex 55.65 10.85 0
      vertex 56.0453 14.552 0
    endloop
  endfacet
  facet normal -0 0 -1
    outer loop
      vertex 56.0453 14.552 0
      vertex 55.65 10.85 0
      vertex 55.9243 14.5793 0
    endloop
  endfacet
  facet normal -0 0 -1
    outer loop
      vertex 55.9243 14.5793 0
      vertex 55.65 10.85 0
      vertex 55.8046 14.6106 0
    endloop
  endfacet
  facet normal -0 0 -1
    outer loop
      vertex 55.8046 14.6106 0
      vertex 55.65 10.85 0
      vertex 55.6863 14.646 0
    endloop
  endfacet
  facet normal 0 0 -1
    outer loop
      vertex 55.6043 10.6204 0
      vertex 57.5457 10.6204 0
      vertex 57.5804 10.55 0
    endloop
  endfacet
  facet normal 0 0 -1
    outer loop
      vertex 55.5696 10.55 0
      vertex 57.5804 10.55 0
      vertex 57.624 10.4847 0
    endloop
  endfacet
  facet normal 0 0 -1
    outer loop
      vertex 55.526 10.4847 0
      vertex 57.624 10.4847 0
      vertex 57.6757 10.4257 0
    endloop
  endfacet
  facet normal 0 0 -1
    outer loop
      vertex 57.8704 10.2957 0
      vertex 55.2796 10.2957 0
      vertex 57.8 10.3304 0
    endloop
  endfacet
  facet normal 0 0 -1
    outer loop
      vertex 57.5051 10.7717 0
      vertex 55.6449 10.7717 0
      vertex 55.65 10.85 0
    endloop
  endfacet
  facet normal 0 0 -1
    outer loop
      vertex 57.5204 10.6947 0
      vertex 55.6296 10.6947 0
      vertex 55.6449 10.7717 0
    endloop
  endfacet
  facet normal 0 0 -1
    outer loop
      vertex 57.5457 10.6204 0
      vertex 55.6043 10.6204 0
      vertex 55.6296 10.6947 0
    endloop
  endfacet
  facet normal 0 0 -1
    outer loop
      vertex 57.5804 10.55 0
      vertex 55.5696 10.55 0
      vertex 55.6043 10.6204 0
    endloop
  endfacet
  facet normal 0 0 -1
    outer loop
      vertex 57.624 10.4847 0
      vertex 55.526 10.4847 0
      vertex 55.5696 10.55 0
    endloop
  endfacet
  facet normal 0 0 -1
    outer loop
      vertex 57.6757 10.4257 0
      vertex 55.4743 10.4257 0
      vertex 55.526 10.4847 0
    endloop
  endfacet
  facet normal -0 0 -1
    outer loop
      vertex 57.6757 10.4257 0
      vertex 55.4153 10.374 0
      vertex 55.4743 10.4257 0
    endloop
  endfacet
  facet normal 0 0 -1
    outer loop
      vertex 57.7347 10.374 0
      vertex 55.4153 10.374 0
      vertex 57.6757 10.4257 0
    endloop
  endfacet
  facet normal 0 -0 -1
    outer loop
      vertex 55.4153 10.374 0
      vertex 57.7347 10.374 0
      vertex 55.35 10.3304 0
    endloop
  endfacet
  facet normal 0 0 -1
    outer loop
      vertex 57.8 10.3304 0
      vertex 55.35 10.3304 0
      vertex 57.7347 10.374 0
    endloop
  endfacet
  facet normal 0 -0 -1
    outer loop
      vertex 55.35 10.3304 0
      vertex 57.8 10.3304 0
      vertex 55.2796 10.2957 0
    endloop
  endfacet
  facet normal 0 0 -1
    outer loop
      vertex 67.7 0 0
      vertex 55.05 10.25 0
      vertex 55.1283 10.2551 0
    endloop
  endfacet
  facet normal 0 0 -1
    outer loop
      vertex 67.7 0 0
      vertex 54.7 10.25 0
      vertex 55.05 10.25 0
    endloop
  endfacet
  facet normal 0 0 -1
    outer loop
      vertex 67.7 0 0
      vertex 54.6217 10.2551 0
      vertex 54.7 10.25 0
    endloop
  endfacet
  facet normal 0 0 -1
    outer loop
      vertex 51.7283 10.2551 0
      vertex 54.6217 10.2551 0
      vertex 67.7 0 0
    endloop
  endfacet
  facet normal 0 0 -1
    outer loop
      vertex 54.6217 10.2551 0
      vertex 51.7283 10.2551 0
      vertex 54.5447 10.2704 0
    endloop
  endfacet
  facet normal 0 -0 -1
    outer loop
      vertex 51.8053 10.2704 0
      vertex 54.5447 10.2704 0
      vertex 51.7283 10.2551 0
    endloop
  endfacet
  facet normal 0 0 -1
    outer loop
      vertex 54.5447 10.2704 0
      vertex 51.8053 10.2704 0
      vertex 54.4704 10.2957 0
    endloop
  endfacet
  facet normal 0 0 -1
    outer loop
      vertex 54.1 10.85 0
      vertex 52.7536 14.5838 0
      vertex 54.1 18.9318 0
    endloop
  endfacet
  facet normal 0 0 -1
    outer loop
      vertex 52.25 10.85 0
      vertex 54.1 10.85 0
      vertex 54.1051 10.7717 0
    endloop
  endfacet
  facet normal 0 0 -1
    outer loop
      vertex 52.2449 10.7717 0
      vertex 54.1051 10.7717 0
      vertex 54.1204 10.6947 0
    endloop
  endfacet
  facet normal 0 0 -1
    outer loop
      vertex 52.2296 10.6947 0
      vertex 54.1204 10.6947 0
      vertex 54.1457 10.6204 0
    endloop
  endfacet
  facet normal 0 0 -1
    outer loop
      vertex 54.1 10.85 0
      vertex 52.25 10.85 0
      vertex 52.7536 14.5838 0
    endloop
  endfacet
  facet normal 0 0 -1
    outer loop
      vertex 52.2043 10.6204 0
      vertex 54.1457 10.6204 0
      vertex 54.1804 10.55 0
    endloop
  endfacet
  facet normal 0 0 -1
    outer loop
      vertex 52.1696 10.55 0
      vertex 54.1804 10.55 0
      vertex 54.224 10.4847 0
    endloop
  endfacet
  facet normal 0 0 -1
    outer loop
      vertex 52.126 10.4847 0
      vertex 54.224 10.4847 0
      vertex 54.2757 10.4257 0
    endloop
  endfacet
  facet normal 0 0 -1
    outer loop
      vertex 52.0743 10.4257 0
      vertex 54.2757 10.4257 0
      vertex 54.3347 10.374 0
    endloop
  endfacet
  facet normal 0 -0 -1
    outer loop
      vertex 51.8796 10.2957 0
      vertex 54.4704 10.2957 0
      vertex 51.8053 10.2704 0
    endloop
  endfacet
  facet normal 0 0 -1
    outer loop
      vertex 54.1051 10.7717 0
      vertex 52.2449 10.7717 0
      vertex 52.25 10.85 0
    endloop
  endfacet
  facet normal 0 0 -1
    outer loop
      vertex 54.1204 10.6947 0
      vertex 52.2296 10.6947 0
      vertex 52.2449 10.7717 0
    endloop
  endfacet
  facet normal 0 0 -1
    outer loop
      vertex 54.1457 10.6204 0
      vertex 52.2043 10.6204 0
      vertex 52.2296 10.6947 0
    endloop
  endfacet
  facet normal 0 0 -1
    outer loop
      vertex 54.1804 10.55 0
      vertex 52.1696 10.55 0
      vertex 52.2043 10.6204 0
    endloop
  endfacet
  facet normal 0 0 -1
    outer loop
      vertex 54.224 10.4847 0
      vertex 52.126 10.4847 0
      vertex 52.1696 10.55 0
    endloop
  endfacet
  facet normal 0 0 -1
    outer loop
      vertex 54.2757 10.4257 0
      vertex 52.0743 10.4257 0
      vertex 52.126 10.4847 0
    endloop
  endfacet
  facet normal 0 0 -1
    outer loop
      vertex 54.3347 10.374 0
      vertex 52.0153 10.374 0
      vertex 52.0743 10.4257 0
    endloop
  endfacet
  facet normal -0 0 -1
    outer loop
      vertex 54.3347 10.374 0
      vertex 51.95 10.3304 0
      vertex 52.0153 10.374 0
    endloop
  endfacet
  facet normal 0 0 -1
    outer loop
      vertex 54.4 10.3304 0
      vertex 51.95 10.3304 0
      vertex 54.3347 10.374 0
    endloop
  endfacet
  facet normal 0 -0 -1
    outer loop
      vertex 51.95 10.3304 0
      vertex 54.4 10.3304 0
      vertex 51.8796 10.2957 0
    endloop
  endfacet
  facet normal 0 0 -1
    outer loop
      vertex 54.4704 10.2957 0
      vertex 51.8796 10.2957 0
      vertex 54.4 10.3304 0
    endloop
  endfacet
  facet normal 0 0 -1
    outer loop
      vertex 67.7 0 0
      vertex 51.65 10.25 0
      vertex 51.7283 10.2551 0
    endloop
  endfacet
  facet normal 0 0 -1
    outer loop
      vertex 67.7 0 0
      vertex 51.3 10.25 0
      vertex 51.65 10.25 0
    endloop
  endfacet
  facet normal 0 0 -1
    outer loop
      vertex 67.7 0 0
      vertex 51.2217 10.2551 0
      vertex 51.3 10.25 0
    endloop
  endfacet
  facet normal 0 0 -1
    outer loop
      vertex 48.3283 10.2551 0
      vertex 51.2217 10.2551 0
      vertex 67.7 0 0
    endloop
  endfacet
  facet normal 0 0 -1
    outer loop
      vertex 51.2217 10.2551 0
      vertex 48.3283 10.2551 0
      vertex 51.1447 10.2704 0
    endloop
  endfacet
  facet normal 0 -0 -1
    outer loop
      vertex 48.4053 10.2704 0
      vertex 51.1447 10.2704 0
      vertex 48.3283 10.2551 0
    endloop
  endfacet
  facet normal 0 0 -1
    outer loop
      vertex 48.85 10.85 0
      vertex 50.7 17.8647 0
      vertex 50.7 10.85 0
    endloop
  endfacet
  facet normal 0 0 -1
    outer loop
      vertex 48.85 10.85 0
      vertex 50.7 10.85 0
      vertex 50.7051 10.7717 0
    endloop
  endfacet
  facet normal -0 0 -1
    outer loop
      vertex 50.7 17.8647 0
      vertex 48.85 10.85 0
      vertex 49.2601 20.0511 0
    endloop
  endfacet
  facet normal 0 0 -1
    outer loop
      vertex 48.8449 10.7717 0
      vertex 50.7051 10.7717 0
      vertex 50.7204 10.6947 0
    endloop
  endfacet
  facet normal 0 0 -1
    outer loop
      vertex 48.8296 10.6947 0
      vertex 50.7204 10.6947 0
      vertex 50.7457 10.6204 0
    endloop
  endfacet
  facet normal 0 0 -1
    outer loop
      vertex 48.8043 10.6204 0
      vertex 50.7457 10.6204 0
      vertex 50.7804 10.55 0
    endloop
  endfacet
  facet normal 0 0 -1
    outer loop
      vertex 48.7696 10.55 0
      vertex 50.7804 10.55 0
      vertex 50.824 10.4847 0
    endloop
  endfacet
  facet normal 0 0 -1
    outer loop
      vertex 48.726 10.4847 0
      vertex 50.824 10.4847 0
      vertex 50.8757 10.4257 0
    endloop
  endfacet
  facet normal 0 0 -1
    outer loop
      vertex 48.6743 10.4257 0
      vertex 50.8757 10.4257 0
      vertex 50.9347 10.374 0
    endloop
  endfacet
  facet normal 0 0 -1
    outer loop
      vertex 48.6153 10.374 0
      vertex 50.9347 10.374 0
      vertex 51 10.3304 0
    endloop
  endfacet
  facet normal 0 0 -1
    outer loop
      vertex 51.1447 10.2704 0
      vertex 48.4053 10.2704 0
      vertex 51.0704 10.2957 0
    endloop
  endfacet
  facet normal 0 0 -1
    outer loop
      vertex 50.7051 10.7717 0
      vertex 48.8449 10.7717 0
      vertex 48.85 10.85 0
    endloop
  endfacet
  facet normal 0 0 -1
    outer loop
      vertex 50.7204 10.6947 0
      vertex 48.8296 10.6947 0
      vertex 48.8449 10.7717 0
    endloop
  endfacet
  facet normal 0 0 -1
    outer loop
      vertex 50.7457 10.6204 0
      vertex 48.8043 10.6204 0
      vertex 48.8296 10.6947 0
    endloop
  endfacet
  facet normal 0 0 -1
    outer loop
      vertex 50.7804 10.55 0
      vertex 48.7696 10.55 0
      vertex 48.8043 10.6204 0
    endloop
  endfacet
  facet normal 0 0 -1
    outer loop
      vertex 50.824 10.4847 0
      vertex 48.726 10.4847 0
      vertex 48.7696 10.55 0
    endloop
  endfacet
  facet normal 0 0 -1
    outer loop
      vertex 50.8757 10.4257 0
      vertex 48.6743 10.4257 0
      vertex 48.726 10.4847 0
    endloop
  endfacet
  facet normal 0 0 -1
    outer loop
      vertex 50.9347 10.374 0
      vertex 48.6153 10.374 0
      vertex 48.6743 10.4257 0
    endloop
  endfacet
  facet normal 0 0 -1
    outer loop
      vertex 51 10.3304 0
      vertex 48.55 10.3304 0
      vertex 48.6153 10.374 0
    endloop
  endfacet
  facet normal -0 0 -1
    outer loop
      vertex 51 10.3304 0
      vertex 48.4796 10.2957 0
      vertex 48.55 10.3304 0
    endloop
  endfacet
  facet normal 0 0 -1
    outer loop
      vertex 51.0704 10.2957 0
      vertex 48.4796 10.2957 0
      vertex 51 10.3304 0
    endloop
  endfacet
  facet normal 0 -0 -1
    outer loop
      vertex 48.4796 10.2957 0
      vertex 51.0704 10.2957 0
      vertex 48.4053 10.2704 0
    endloop
  endfacet
  facet normal 0 0 -1
    outer loop
      vertex 67.7 0 0
      vertex 48.25 10.25 0
      vertex 48.3283 10.2551 0
    endloop
  endfacet
  facet normal 0 0 -1
    outer loop
      vertex 67.7 0 0
      vertex 47.9 10.25 0
      vertex 48.25 10.25 0
    endloop
  endfacet
  facet normal 0 0 -1
    outer loop
      vertex 44.85 10.25 0
      vertex 47.9 10.25 0
      vertex 67.7 0 0
    endloop
  endfacet
  facet normal 0 0 -1
    outer loop
      vertex 47.9 10.25 0
      vertex 44.85 10.25 0
      vertex 47.8217 10.2551 0
    endloop
  endfacet
  facet normal 0 0 -1
    outer loop
      vertex 47.8217 10.2551 0
      vertex 44.9283 10.2551 0
      vertex 47.7447 10.2704 0
    endloop
  endfacet
  facet normal 0 -0 -1
    outer loop
      vertex 45.0053 10.2704 0
      vertex 47.7447 10.2704 0
      vertex 44.9283 10.2551 0
    endloop
  endfacet
  facet normal 0 0 -1
    outer loop
      vertex 45.45 14.5896 0
      vertex 47.3 10.85 0
      vertex 45.45 10.85 0
    endloop
  endfacet
  facet normal 0 0 -1
    outer loop
      vertex 47.3051 10.7717 0
      vertex 45.45 10.85 0
      vertex 47.3 10.85 0
    endloop
  endfacet
  facet normal 0 0 -1
    outer loop
      vertex 45.4449 10.7717 0
      vertex 47.3051 10.7717 0
      vertex 47.3204 10.6947 0
    endloop
  endfacet
  facet normal 0 0 -1
    outer loop
      vertex 45.4296 10.6947 0
      vertex 47.3204 10.6947 0
      vertex 47.3457 10.6204 0
    endloop
  endfacet
  facet normal 0 0 -1
    outer loop
      vertex 45.4043 10.6204 0
      vertex 47.3457 10.6204 0
      vertex 47.3804 10.55 0
    endloop
  endfacet
  facet normal 0 0 -1
    outer loop
      vertex 45.3696 10.55 0
      vertex 47.3804 10.55 0
      vertex 47.424 10.4847 0
    endloop
  endfacet
  facet normal 0 0 -1
    outer loop
      vertex 45.326 10.4847 0
      vertex 47.424 10.4847 0
      vertex 47.4757 10.4257 0
    endloop
  endfacet
  facet normal 0 0 -1
    outer loop
      vertex 45.2743 10.4257 0
      vertex 47.4757 10.4257 0
      vertex 47.5347 10.374 0
    endloop
  endfacet
  facet normal 0 0 -1
    outer loop
      vertex 45.2153 10.374 0
      vertex 47.5347 10.374 0
      vertex 47.6 10.3304 0
    endloop
  endfacet
  facet normal 0 0 -1
    outer loop
      vertex 47.7447 10.2704 0
      vertex 45.0053 10.2704 0
      vertex 47.6704 10.2957 0
    endloop
  endfacet
  facet normal 0 0 -1
    outer loop
      vertex 47.3051 10.7717 0
      vertex 45.4449 10.7717 0
      vertex 45.45 10.85 0
    endloop
  endfacet
  facet normal 0 0 -1
    outer loop
      vertex 47.3204 10.6947 0
      vertex 45.4296 10.6947 0
      vertex 45.4449 10.7717 0
    endloop
  endfacet
  facet normal 0 0 -1
    outer loop
      vertex 47.3457 10.6204 0
      vertex 45.4043 10.6204 0
      vertex 45.4296 10.6947 0
    endloop
  endfacet
  facet normal 0 0 -1
    outer loop
      vertex 47.3804 10.55 0
      vertex 45.3696 10.55 0
      vertex 45.4043 10.6204 0
    endloop
  endfacet
  facet normal 0 0 -1
    outer loop
      vertex 47.424 10.4847 0
      vertex 45.326 10.4847 0
      vertex 45.3696 10.55 0
    endloop
  endfacet
  facet normal 0 0 -1
    outer loop
      vertex 47.4757 10.4257 0
      vertex 45.2743 10.4257 0
      vertex 45.326 10.4847 0
    endloop
  endfacet
  facet normal 0 0 -1
    outer loop
      vertex 47.5347 10.374 0
      vertex 45.2153 10.374 0
      vertex 45.2743 10.4257 0
    endloop
  endfacet
  facet normal 0 0 -1
    outer loop
      vertex 47.6 10.3304 0
      vertex 45.15 10.3304 0
      vertex 45.2153 10.374 0
    endloop
  endfacet
  facet normal -0 0 -1
    outer loop
      vertex 47.6 10.3304 0
      vertex 45.0796 10.2957 0
      vertex 45.15 10.3304 0
    endloop
  endfacet
  facet normal 0 0 -1
    outer loop
      vertex 47.6704 10.2957 0
      vertex 45.0796 10.2957 0
      vertex 47.6 10.3304 0
    endloop
  endfacet
  facet normal 0 -0 -1
    outer loop
      vertex 45.0796 10.2957 0
      vertex 47.6704 10.2957 0
      vertex 45.0053 10.2704 0
    endloop
  endfacet
  facet normal -0 0 -1
    outer loop
      vertex 47.8217 10.2551 0
      vertex 44.85 10.25 0
      vertex 44.9283 10.2551 0
    endloop
  endfacet
  facet normal 0 0 -1
    outer loop
      vertex 67.7 0 0
      vertex 44.5 10.25 0
      vertex 44.85 10.25 0
    endloop
  endfacet
  facet normal 0 0 -1
    outer loop
      vertex 41.45 10.25 0
      vertex 44.5 10.25 0
      vertex 67.7 0 0
    endloop
  endfacet
  facet normal 0 0 -1
    outer loop
      vertex 44.5 10.25 0
      vertex 41.45 10.25 0
      vertex 44.4217 10.2551 0
    endloop
  endfacet
  facet normal 0 -0 -1
    outer loop
      vertex 41.5283 10.2551 0
      vertex 44.4217 10.2551 0
      vertex 41.45 10.25 0
    endloop
  endfacet
  facet normal 0 0 -1
    outer loop
      vertex 43.9 10.85 0
      vertex 43.8723 14.5838 0
      vertex 43.9 14.5838 0
    endloop
  endfacet
  facet normal 0 0 -1
    outer loop
      vertex 43.8723 14.5838 0
      vertex 42.6421 16.7733 0
      vertex 43.8723 20.0511 0
    endloop
  endfacet
  facet normal 0 0 -1
    outer loop
      vertex 42.05 10.85 0
      vertex 43.8723 14.5838 0
      vertex 43.9 10.85 0
    endloop
  endfacet
  facet normal 0 0 -1
    outer loop
      vertex 42.05 10.85 0
      vertex 43.9 10.85 0
      vertex 43.9051 10.7717 0
    endloop
  endfacet
  facet normal 0 0 -1
    outer loop
      vertex 42.0449 10.7717 0
      vertex 43.9051 10.7717 0
      vertex 43.9204 10.6947 0
    endloop
  endfacet
  facet normal 0 0 -1
    outer loop
      vertex 43.8723 14.5838 0
      vertex 42.6303 16.4536 0
      vertex 42.6421 16.7733 0
    endloop
  endfacet
  facet normal 0 0 -1
    outer loop
      vertex 43.8723 14.5838 0
      vertex 42.5946 16.1582 0
      vertex 42.6303 16.4536 0
    endloop
  endfacet
  facet normal 0 0 -1
    outer loop
      vertex 43.8723 14.5838 0
      vertex 42.5352 15.887 0
      vertex 42.5946 16.1582 0
    endloop
  endfacet
  facet normal 0 0 -1
    outer loop
      vertex 43.8723 14.5838 0
      vertex 42.452 15.64 0
      vertex 42.5352 15.887 0
    endloop
  endfacet
  facet normal 0 0 -1
    outer loop
      vertex 43.8723 14.5838 0
      vertex 42.3451 15.4173 0
      vertex 42.452 15.64 0
    endloop
  endfacet
  facet normal 0 0 -1
    outer loop
      vertex 43.8723 14.5838 0
      vertex 42.2144 15.2187 0
      vertex 42.3451 15.4173 0
    endloop
  endfacet
  facet normal 0 0 -1
    outer loop
      vertex 42.0296 10.6947 0
      vertex 43.9204 10.6947 0
      vertex 43.9457 10.6204 0
    endloop
  endfacet
  facet normal 0 0 -1
    outer loop
      vertex 43.8723 14.5838 0
      vertex 42.0599 15.0444 0
      vertex 42.2144 15.2187 0
    endloop
  endfacet
  facet normal 0 0 -1
    outer loop
      vertex 42.05 15.036 0
      vertex 43.8723 14.5838 0
      vertex 42.05 10.85 0
    endloop
  endfacet
  facet normal 0 0 -1
    outer loop
      vertex 42.0043 10.6204 0
      vertex 43.9457 10.6204 0
      vertex 43.9804 10.55 0
    endloop
  endfacet
  facet normal 0 0 -1
    outer loop
      vertex 41.9696 10.55 0
      vertex 43.9804 10.55 0
      vertex 44.024 10.4847 0
    endloop
  endfacet
  facet normal 0 0 -1
    outer loop
      vertex 41.926 10.4847 0
      vertex 44.024 10.4847 0
      vertex 44.0757 10.4257 0
    endloop
  endfacet
  facet normal 0 0 -1
    outer loop
      vertex 41.8743 10.4257 0
      vertex 44.0757 10.4257 0
      vertex 44.1347 10.374 0
    endloop
  endfacet
  facet normal 0 0 -1
    outer loop
      vertex 41.8153 10.374 0
      vertex 44.1347 10.374 0
      vertex 44.2 10.3304 0
    endloop
  endfacet
  facet normal 0 0 -1
    outer loop
      vertex 41.75 10.3304 0
      vertex 44.2 10.3304 0
      vertex 44.2704 10.2957 0
    endloop
  endfacet
  facet normal 0 -0 -1
    outer loop
      vertex 41.6053 10.2704 0
      vertex 44.3447 10.2704 0
      vertex 41.5283 10.2551 0
    endloop
  endfacet
  facet normal 0 0 -1
    outer loop
      vertex 43.9051 10.7717 0
      vertex 42.0449 10.7717 0
      vertex 42.05 10.85 0
    endloop
  endfacet
  facet normal 0 0 -1
    outer loop
      vertex 43.9204 10.6947 0
      vertex 42.0296 10.6947 0
      vertex 42.0449 10.7717 0
    endloop
  endfacet
  facet normal 0 0 -1
    outer loop
      vertex 43.9457 10.6204 0
      vertex 42.0043 10.6204 0
      vertex 42.0296 10.6947 0
    endloop
  endfacet
  facet normal 0 0 -1
    outer loop
      vertex 43.9804 10.55 0
      vertex 41.9696 10.55 0
      vertex 42.0043 10.6204 0
    endloop
  endfacet
  facet normal 0 0 -1
    outer loop
      vertex 44.024 10.4847 0
      vertex 41.926 10.4847 0
      vertex 41.9696 10.55 0
    endloop
  endfacet
  facet normal 0 0 -1
    outer loop
      vertex 44.0757 10.4257 0
      vertex 41.8743 10.4257 0
      vertex 41.926 10.4847 0
    endloop
  endfacet
  facet normal 0 0 -1
    outer loop
      vertex 44.1347 10.374 0
      vertex 41.8153 10.374 0
      vertex 41.8743 10.4257 0
    endloop
  endfacet
  facet normal 0 0 -1
    outer loop
      vertex 44.2 10.3304 0
      vertex 41.75 10.3304 0
      vertex 41.8153 10.374 0
    endloop
  endfacet
  facet normal 0 0 -1
    outer loop
      vertex 44.2704 10.2957 0
      vertex 41.6796 10.2957 0
      vertex 41.75 10.3304 0
    endloop
  endfacet
  facet normal -0 0 -1
    outer loop
      vertex 44.2704 10.2957 0
      vertex 41.6053 10.2704 0
      vertex 41.6796 10.2957 0
    endloop
  endfacet
  facet normal 0 0 -1
    outer loop
      vertex 44.3447 10.2704 0
      vertex 41.6053 10.2704 0
      vertex 44.2704 10.2957 0
    endloop
  endfacet
  facet normal 0 0 -1
    outer loop
      vertex 44.4217 10.2551 0
      vertex 41.5283 10.2551 0
      vertex 44.3447 10.2704 0
    endloop
  endfacet
  facet normal 0 0 -1
    outer loop
      vertex 67.7 0 0
      vertex 41.1 10.25 0
      vertex 41.45 10.25 0
    endloop
  endfacet
  facet normal 0 0 -1
    outer loop
      vertex 67.7 0 0
      vertex 41.0217 10.2551 0
      vertex 41.1 10.25 0
    endloop
  endfacet
  facet normal 0 0 -1
    outer loop
      vertex 2.8 0 0
      vertex 41.0217 10.2551 0
      vertex 67.7 0 0
    endloop
  endfacet
  facet normal -0 0 -1
    outer loop
      vertex 41.0217 10.2551 0
      vertex 2.8 0 0
      vertex 40.9447 10.2704 0
    endloop
  endfacet
  facet normal 0 0 -1
    outer loop
      vertex 40.5 10.85 0
      vertex 40.2876 14.4766 0
      vertex 40.5 14.4841 0
    endloop
  endfacet
  facet normal 0 0 -1
    outer loop
      vertex 40.5 10.85 0
      vertex 39.959 14.4882 0
      vertex 40.2876 14.4766 0
    endloop
  endfacet
  facet normal 0 0 -1
    outer loop
      vertex 35.75 14.5756 0
      vertex 40.5 10.85 0
      vertex 40.5051 10.7717 0
    endloop
  endfacet
  facet normal 0 0 -1
    outer loop
      vertex 40.5 10.85 0
      vertex 39.6553 14.523 0
      vertex 39.959 14.4882 0
    endloop
  endfacet
  facet normal 0 0 -1
    outer loop
      vertex 35.3018 14.5089 0
      vertex 40.5051 10.7717 0
      vertex 40.5204 10.6947 0
    endloop
  endfacet
  facet normal 0 0 -1
    outer loop
      vertex 40.5 10.85 0
      vertex 39.3767 14.5809 0
      vertex 39.6553 14.523 0
    endloop
  endfacet
  facet normal 0 0 -1
    outer loop
      vertex 40.5 10.85 0
      vertex 39.123 14.662 0
      vertex 39.3767 14.5809 0
    endloop
  endfacet
  facet normal 0 0 -1
    outer loop
      vertex 35.0038 14.4847 0
      vertex 40.5204 10.6947 0
      vertex 40.5457 10.6204 0
    endloop
  endfacet
  facet normal 0 0 -1
    outer loop
      vertex 40.5 10.85 0
      vertex 38.8942 14.7663 0
      vertex 39.123 14.662 0
    endloop
  endfacet
  facet normal 0 0 -1
    outer loop
      vertex 40.5 10.85 0
      vertex 36.6477 14.8154 0
      vertex 38.8942 14.7663 0
    endloop
  endfacet
  facet normal 0 0 -1
    outer loop
      vertex 38.8942 14.7663 0
      vertex 36.7973 14.8689 0
      vertex 38.6904 14.8938 0
    endloop
  endfacet
  facet normal -0 0 -1
    outer loop
      vertex 38.6904 14.8938 0
      vertex 36.7973 14.8689 0
      vertex 38.5116 15.0444 0
    endloop
  endfacet
  facet normal -0 0 -1
    outer loop
      vertex 38.5116 15.0444 0
      vertex 36.7973 14.8689 0
      vertex 38.3571 15.2187 0
    endloop
  endfacet
  facet normal 0 0 -1
    outer loop
      vertex 37.9293 16.7733 0
      vertex 36.8449 18.4549 0
      vertex 37.9293 20.0511 0
    endloop
  endfacet
  facet normal 0 0 -1
    outer loop
      vertex 36.7973 16.0595 0
      vertex 37.9293 16.7733 0
      vertex 37.9412 16.4536 0
    endloop
  endfacet
  facet normal 0 0 -1
    outer loop
      vertex 38.0363 15.887 0
      vertex 36.7973 16.0595 0
      vertex 37.9769 16.1582 0
    endloop
  endfacet
  facet normal 0 0 -1
    outer loop
      vertex 38.1195 15.64 0
      vertex 36.7973 16.0595 0
      vertex 38.0363 15.887 0
    endloop
  endfacet
  facet normal 0 0 -1
    outer loop
      vertex 36.7973 16.0595 0
      vertex 38.1195 15.64 0
      vertex 36.7973 14.8689 0
    endloop
  endfacet
  facet normal 0 0 -1
    outer loop
      vertex 37.9293 16.7733 0
      vertex 36.8372 18.274 0
      vertex 36.8449 18.4549 0
    endloop
  endfacet
  facet normal 0 0 -1
    outer loop
      vertex 36.7973 14.8689 0
      vertex 38.1195 15.64 0
      vertex 38.2264 15.4173 0
    endloop
  endfacet
  facet normal -0 0 -1
    outer loop
      vertex 38.3571 15.2187 0
      vertex 36.7973 14.8689 0
      vertex 38.2264 15.4173 0
    endloop
  endfacet
  facet normal 0 0 -1
    outer loop
      vertex 37.9293 16.7733 0
      vertex 36.814 18.1041 0
      vertex 36.8372 18.274 0
    endloop
  endfacet
  facet normal 0 0 -1
    outer loop
      vertex 34.7064 14.4766 0
      vertex 40.5457 10.6204 0
      vertex 40.5804 10.55 0
    endloop
  endfacet
  facet normal -0 0 -1
    outer loop
      vertex 37.9769 16.1582 0
      vertex 36.7973 16.0595 0
      vertex 37.9412 16.4536 0
    endloop
  endfacet
  facet normal 0 0 -1
    outer loop
      vertex 34.1227 14.5126 0
      vertex 40.5804 10.55 0
      vertex 40.624 10.4847 0
    endloop
  endfacet
  facet normal 0 0 -1
    outer loop
      vertex 38.8942 14.7663 0
      vertex 36.6477 14.8154 0
      vertex 36.7973 14.8689 0
    endloop
  endfacet
  facet normal 0 0 -1
    outer loop
      vertex 28.8699 14.5838 0
      vertex 40.624 10.4847 0
      vertex 40.6757 10.4257 0
    endloop
  endfacet
  facet normal 0 0 -1
    outer loop
      vertex 40.5 10.85 0
      vertex 36.4981 14.7657 0
      vertex 36.6477 14.8154 0
    endloop
  endfacet
  facet normal 0 0 -1
    outer loop
      vertex 40.5 10.85 0
      vertex 36.3485 14.7199 0
      vertex 36.4981 14.7657 0
    endloop
  endfacet
  facet normal 0 0 -1
    outer loop
      vertex 40.5 10.85 0
      vertex 36.1989 14.678 0
      vertex 36.3485 14.7199 0
    endloop
  endfacet
  facet normal 0 0 -1
    outer loop
      vertex 40.5 10.85 0
      vertex 36.0493 14.64 0
      vertex 36.1989 14.678 0
    endloop
  endfacet
  facet normal 0 0 -1
    outer loop
      vertex 40.5 10.85 0
      vertex 35.8996 14.6058 0
      vertex 36.0493 14.64 0
    endloop
  endfacet
  facet normal 0 0 -1
    outer loop
      vertex 28.8699 14.5838 0
      vertex 40.6757 10.4257 0
      vertex 40.7347 10.374 0
    endloop
  endfacet
  facet normal 0 0 -1
    outer loop
      vertex 40.5 10.85 0
      vertex 35.75 14.5756 0
      vertex 35.8996 14.6058 0
    endloop
  endfacet
  facet normal 0 0 -1
    outer loop
      vertex 40.5051 10.7717 0
      vertex 35.6005 14.5493 0
      vertex 35.75 14.5756 0
    endloop
  endfacet
  facet normal 0 0 -1
    outer loop
      vertex 40.5051 10.7717 0
      vertex 35.4511 14.5271 0
      vertex 35.6005 14.5493 0
    endloop
  endfacet
  facet normal 0 0 -1
    outer loop
      vertex 40.5051 10.7717 0
      vertex 35.3018 14.5089 0
      vertex 35.4511 14.5271 0
    endloop
  endfacet
  facet normal 0 0 -1
    outer loop
      vertex 40.5204 10.6947 0
      vertex 35.1528 14.4948 0
      vertex 35.3018 14.5089 0
    endloop
  endfacet
  facet normal 0 0 -1
    outer loop
      vertex 40.5204 10.6947 0
      vertex 35.0038 14.4847 0
      vertex 35.1528 14.4948 0
    endloop
  endfacet
  facet normal 0 0 -1
    outer loop
      vertex 40.5457 10.6204 0
      vertex 34.855 14.4786 0
      vertex 35.0038 14.4847 0
    endloop
  endfacet
  facet normal 0 0 -1
    outer loop
      vertex 40.5457 10.6204 0
      vertex 34.7064 14.4766 0
      vertex 34.855 14.4786 0
    endloop
  endfacet
  facet normal 0 0 -1
    outer loop
      vertex 40.5804 10.55 0
      vertex 34.403 14.4856 0
      vertex 34.7064 14.4766 0
    endloop
  endfacet
  facet normal 0 0 -1
    outer loop
      vertex 24.9846 14.5838 0
      vertex 40.7347 10.374 0
      vertex 40.8 10.3304 0
    endloop
  endfacet
  facet normal 0 0 -1
    outer loop
      vertex 40.5804 10.55 0
      vertex 34.1227 14.5126 0
      vertex 34.403 14.4856 0
    endloop
  endfacet
  facet normal 0 0 -1
    outer loop
      vertex 40.624 10.4847 0
      vertex 33.8655 14.5577 0
      vertex 34.1227 14.5126 0
    endloop
  endfacet
  facet normal 0 0 -1
    outer loop
      vertex 40.624 10.4847 0
      vertex 28.8699 14.5838 0
      vertex 33.8655 14.5577 0
    endloop
  endfacet
  facet normal 0 0 -1
    outer loop
      vertex 33.8655 14.5577 0
      vertex 28.8699 14.5838 0
      vertex 33.6314 14.6207 0
    endloop
  endfacet
  facet normal -0 0 -1
    outer loop
      vertex 33.6314 14.6207 0
      vertex 28.8699 14.5838 0
      vertex 33.4204 14.7018 0
    endloop
  endfacet
  facet normal -0 0 -1
    outer loop
      vertex 32.5422 16.0147 0
      vertex 28.8699 14.5838 0
      vertex 32.5312 16.2637 0
    endloop
  endfacet
  facet normal -0 0 -1
    outer loop
      vertex 32.575 15.7847 0
      vertex 28.8699 14.5838 0
      vertex 32.5422 16.0147 0
    endloop
  endfacet
  facet normal -0 0 -1
    outer loop
      vertex 32.6297 15.5735 0
      vertex 28.8699 14.5838 0
      vertex 32.575 15.7847 0
    endloop
  endfacet
  facet normal -0 0 -1
    outer loop
      vertex 32.7064 15.3812 0
      vertex 28.8699 14.5838 0
      vertex 32.6297 15.5735 0
    endloop
  endfacet
  facet normal -0 0 -1
    outer loop
      vertex 32.8049 15.2079 0
      vertex 28.8699 14.5838 0
      vertex 32.7064 15.3812 0
    endloop
  endfacet
  facet normal -0 0 -1
    outer loop
      vertex 32.9254 15.0535 0
      vertex 28.8699 14.5838 0
      vertex 32.8049 15.2079 0
    endloop
  endfacet
  facet normal -0 0 -1
    outer loop
      vertex 33.0677 14.9179 0
      vertex 28.8699 14.5838 0
      vertex 32.9254 15.0535 0
    endloop
  endfacet
  facet normal -0 0 -1
    outer loop
      vertex 33.2325 14.8008 0
      vertex 28.8699 14.5838 0
      vertex 33.0677 14.9179 0
    endloop
  endfacet
  facet normal -0 0 -1
    outer loop
      vertex 33.4204 14.7018 0
      vertex 28.8699 14.5838 0
      vertex 33.2325 14.8008 0
    endloop
  endfacet
  facet normal 0 0 -1
    outer loop
      vertex 2.8 0 0
      vertex 40.8 10.3304 0
      vertex 40.8704 10.2957 0
    endloop
  endfacet
  facet normal -0 0 -1
    outer loop
      vertex 40.9447 10.2704 0
      vertex 2.8 0 0
      vertex 40.8704 10.2957 0
    endloop
  endfacet
  facet normal -0 0 -1
    outer loop
      vertex 40.8 10.3304 0
      vertex 2.8 0 0
      vertex 24.9846 14.5838 0
    endloop
  endfacet
  facet normal 0 0 -1
    outer loop
      vertex 24.9846 14.5838 0
      vertex 24.2029 14.5838 0
      vertex 24.9846 15.6482 0
    endloop
  endfacet
  facet normal 0 0 -1
    outer loop
      vertex 40.7347 10.374 0
      vertex 24.9846 14.5838 0
      vertex 28.8699 14.5838 0
    endloop
  endfacet
  facet normal -0 0 -1
    outer loop
      vertex 24.9846 14.5838 0
      vertex 2.8 0 0
      vertex 24.2029 14.5838 0
    endloop
  endfacet
  facet normal 0 0 -1
    outer loop
      vertex 22.793 14.5838 0
      vertex 21.4777 14.5838 0
      vertex 22.793 20.0511 0
    endloop
  endfacet
  facet normal -0 0 -1
    outer loop
      vertex 24.2029 14.5838 0
      vertex 2.8 0 0
      vertex 22.793 14.5838 0
    endloop
  endfacet
  facet normal -0 0 -1
    outer loop
      vertex 22.793 14.5838 0
      vertex 2.8 0 0
      vertex 21.4777 14.5838 0
    endloop
  endfacet
  facet normal 0 0 -1
    outer loop
      vertex 20.1412 14.5838 0
      vertex 18.1527 14.5838 0
      vertex 20.1412 18.3337 0
    endloop
  endfacet
  facet normal -0 0 -1
    outer loop
      vertex 21.4777 14.5838 0
      vertex 2.8 0 0
      vertex 20.1412 14.5838 0
    endloop
  endfacet
  facet normal -0 0 -1
    outer loop
      vertex 20.1412 14.5838 0
      vertex 2.8 0 0
      vertex 18.1527 14.5838 0
    endloop
  endfacet
  facet normal 0 0 -1
    outer loop
      vertex 16.5782 14.5838 0
      vertex 15.348 14.5838 0
      vertex 16.5782 20.0511 0
    endloop
  endfacet
  facet normal -0 0 -1
    outer loop
      vertex 18.1527 14.5838 0
      vertex 2.8 0 0
      vertex 16.5782 14.5838 0
    endloop
  endfacet
  facet normal -0 0 -1
    outer loop
      vertex 16.5782 14.5838 0
      vertex 2.8 0 0
      vertex 15.348 14.5838 0
    endloop
  endfacet
  facet normal 0 0 -1
    outer loop
      vertex 13.9382 14.5838 0
      vertex 11.763 14.5838 0
      vertex 13.9382 16.737 0
    endloop
  endfacet
  facet normal -0 0 -1
    outer loop
      vertex 15.348 14.5838 0
      vertex 2.8 0 0
      vertex 13.9382 14.5838 0
    endloop
  endfacet
  facet normal -0 0 -1
    outer loop
      vertex 13.9382 14.5838 0
      vertex 2.8 0 0
      vertex 11.763 14.5838 0
    endloop
  endfacet
  facet normal -0 0 -1
    outer loop
      vertex 11.763 14.5838 0
      vertex 2.8 0 0
      vertex 9.998 14.5838 0
    endloop
  endfacet
  facet normal 0 0 -1
    outer loop
      vertex 70.2869 32.7715 0
      vertex 67.7 34.5 0
      vertex 70.1249 33.1 0
    endloop
  endfacet
  facet normal 0 0 -1
    outer loop
      vertex 69.9214 33.4045 0
      vertex 67.7 34.5 0
      vertex 69.6799 33.6799 0
    endloop
  endfacet
  facet normal 0 0 -1
    outer loop
      vertex 69.6799 33.6799 0
      vertex 67.7 34.5 0
      vertex 69.4045 33.9214 0
    endloop
  endfacet
  facet normal 0 0 -1
    outer loop
      vertex 59.05 23.65 0
      vertex 59.6189 18.3357 0
      vertex 59.5049 18.6322 0
    endloop
  endfacet
  facet normal 0 0 -1
    outer loop
      vertex 59.05 23.65 0
      vertex 59.5049 18.6322 0
      vertex 59.3583 18.9063 0
    endloop
  endfacet
  facet normal 0 0 -1
    outer loop
      vertex 59.05 23.65 0
      vertex 59.3583 18.9063 0
      vertex 59.1791 19.1581 0
    endloop
  endfacet
  facet normal 0 0 -1
    outer loop
      vertex 59.05 23.65 0
      vertex 59.1791 19.1581 0
      vertex 59.05 19.2979 0
    endloop
  endfacet
  facet normal 0 0 -1
    outer loop
      vertex 69.1 34.1249 0
      vertex 67.7 34.5 0
      vertex 68.7715 34.2869 0
    endloop
  endfacet
  facet normal 0 0 -1
    outer loop
      vertex 68.7715 34.2869 0
      vertex 67.7 34.5 0
      vertex 68.4247 34.4046 0
    endloop
  endfacet
  facet normal 0 0 -1
    outer loop
      vertex 68.4247 34.4046 0
      vertex 67.7 34.5 0
      vertex 68.0655 34.476 0
    endloop
  endfacet
  facet normal 0 0 -1
    outer loop
      vertex 69.4045 33.9214 0
      vertex 67.7 34.5 0
      vertex 69.1 34.1249 0
    endloop
  endfacet
  facet normal 0 0 -1
    outer loop
      vertex 70.1249 33.1 0
      vertex 67.7 34.5 0
      vertex 69.9214 33.4045 0
    endloop
  endfacet
  facet normal 0 0 -1
    outer loop
      vertex 70.5 31.7 0
      vertex 67.7 34.5 0
      vertex 70.476 32.0655 0
    endloop
  endfacet
  facet normal 0 0 -1
    outer loop
      vertex 58.8743 24.0743 0
      vertex 67.7 34.5 0
      vertex 58.926 24.0153 0
    endloop
  endfacet
  facet normal 0 0 -1
    outer loop
      vertex 58.8153 24.126 0
      vertex 67.7 34.5 0
      vertex 58.8743 24.0743 0
    endloop
  endfacet
  facet normal 0 0 -1
    outer loop
      vertex 58.75 24.1696 0
      vertex 67.7 34.5 0
      vertex 58.8153 24.126 0
    endloop
  endfacet
  facet normal 0 0 -1
    outer loop
      vertex 58.6796 24.2043 0
      vertex 67.7 34.5 0
      vertex 58.75 24.1696 0
    endloop
  endfacet
  facet normal 0 0 -1
    outer loop
      vertex 58.6053 24.2296 0
      vertex 67.7 34.5 0
      vertex 58.6796 24.2043 0
    endloop
  endfacet
  facet normal 0 0 -1
    outer loop
      vertex 58.5283 24.2449 0
      vertex 67.7 34.5 0
      vertex 58.6053 24.2296 0
    endloop
  endfacet
  facet normal 0 0 -1
    outer loop
      vertex 58.45 24.25 0
      vertex 67.7 34.5 0
      vertex 58.5283 24.2449 0
    endloop
  endfacet
  facet normal 0 0 -1
    outer loop
      vertex 58.1 24.25 0
      vertex 67.7 34.5 0
      vertex 58.45 24.25 0
    endloop
  endfacet
  facet normal 0 0 -1
    outer loop
      vertex 58.0217 24.2449 0
      vertex 67.7 34.5 0
      vertex 58.1 24.25 0
    endloop
  endfacet
  facet normal 0 0 -1
    outer loop
      vertex 55.1283 24.2449 0
      vertex 58.0217 24.2449 0
      vertex 57.9447 24.2296 0
    endloop
  endfacet
  facet normal 0 0 -1
    outer loop
      vertex 55.2053 24.2296 0
      vertex 57.9447 24.2296 0
      vertex 57.8704 24.2043 0
    endloop
  endfacet
  facet normal 0 0 -1
    outer loop
      vertex 55.2796 24.2043 0
      vertex 57.8704 24.2043 0
      vertex 57.8 24.1696 0
    endloop
  endfacet
  facet normal 0 0 -1
    outer loop
      vertex 55.35 24.1696 0
      vertex 57.8 24.1696 0
      vertex 57.7347 24.126 0
    endloop
  endfacet
  facet normal 0 0 -1
    outer loop
      vertex 55.4153 24.126 0
      vertex 57.7347 24.126 0
      vertex 57.6757 24.0743 0
    endloop
  endfacet
  facet normal 0 0 -1
    outer loop
      vertex 56.8031 20.1514 0
      vertex 57.5 23.65 0
      vertex 57.1818 20.1358 0
    endloop
  endfacet
  facet normal 0 0 -1
    outer loop
      vertex 56.6731 20.1493 0
      vertex 57.5 23.65 0
      vertex 56.8031 20.1514 0
    endloop
  endfacet
  facet normal 0 0 -1
    outer loop
      vertex 55.65 23.65 0
      vertex 57.5 23.65 0
      vertex 56.6731 20.1493 0
    endloop
  endfacet
  facet normal 0 0 -1
    outer loop
      vertex 57.5 23.65 0
      vertex 55.65 23.65 0
      vertex 57.5051 23.7283 0
    endloop
  endfacet
  facet normal 0 0 -1
    outer loop
      vertex 55.65 23.65 0
      vertex 56.6731 20.1493 0
      vertex 56.5445 20.143 0
    endloop
  endfacet
  facet normal 0 0 -1
    outer loop
      vertex 55.65 23.65 0
      vertex 56.5445 20.143 0
      vertex 56.4175 20.1325 0
    endloop
  endfacet
  facet normal 0 0 -1
    outer loop
      vertex 55.65 23.65 0
      vertex 56.4175 20.1325 0
      vertex 56.2919 20.1178 0
    endloop
  endfacet
  facet normal 0 0 -1
    outer loop
      vertex 55.65 23.65 0
      vertex 56.2919 20.1178 0
      vertex 56.1679 20.099 0
    endloop
  endfacet
  facet normal 0 0 -1
    outer loop
      vertex 55.6449 23.7283 0
      vertex 57.5051 23.7283 0
      vertex 55.65 23.65 0
    endloop
  endfacet
  facet normal 0 0 -1
    outer loop
      vertex 55.65 23.65 0
      vertex 56.1679 20.099 0
      vertex 56.0453 20.0759 0
    endloop
  endfacet
  facet normal 0 0 -1
    outer loop
      vertex 55.65 23.65 0
      vertex 56.0453 20.0759 0
      vertex 55.9243 20.0487 0
    endloop
  endfacet
  facet normal 0 0 -1
    outer loop
      vertex 55.65 23.65 0
      vertex 55.9243 20.0487 0
      vertex 55.8046 20.0173 0
    endloop
  endfacet
  facet normal 0 0 -1
    outer loop
      vertex 55.65 23.65 0
      vertex 55.8046 20.0173 0
      vertex 55.6863 19.982 0
    endloop
  endfacet
  facet normal 0 0 -1
    outer loop
      vertex 55.65 23.65 0
      vertex 55.6863 19.982 0
      vertex 55.65 19.9697 0
    endloop
  endfacet
  facet normal 0 0 -1
    outer loop
      vertex 57.5051 23.7283 0
      vertex 55.6449 23.7283 0
      vertex 57.5204 23.8053 0
    endloop
  endfacet
  facet normal 0 0 -1
    outer loop
      vertex 55.6296 23.8053 0
      vertex 57.5204 23.8053 0
      vertex 55.6449 23.7283 0
    endloop
  endfacet
  facet normal 0 0 -1
    outer loop
      vertex 57.5204 23.8053 0
      vertex 55.6296 23.8053 0
      vertex 57.5457 23.8796 0
    endloop
  endfacet
  facet normal 0 0 -1
    outer loop
      vertex 55.6043 23.8796 0
      vertex 57.5457 23.8796 0
      vertex 55.6296 23.8053 0
    endloop
  endfacet
  facet normal 0 0 -1
    outer loop
      vertex 57.5457 23.8796 0
      vertex 55.6043 23.8796 0
      vertex 57.5804 23.95 0
    endloop
  endfacet
  facet normal 0 0 -1
    outer loop
      vertex 55.5696 23.95 0
      vertex 57.5804 23.95 0
      vertex 55.6043 23.8796 0
    endloop
  endfacet
  facet normal 0 0 -1
    outer loop
      vertex 57.5804 23.95 0
      vertex 55.5696 23.95 0
      vertex 57.624 24.0153 0
    endloop
  endfacet
  facet normal 0 0 -1
    outer loop
      vertex 55.526 24.0153 0
      vertex 57.624 24.0153 0
      vertex 55.5696 23.95 0
    endloop
  endfacet
  facet normal 0 0 -1
    outer loop
      vertex 57.624 24.0153 0
      vertex 55.526 24.0153 0
      vertex 57.6757 24.0743 0
    endloop
  endfacet
  facet normal 0 0 -1
    outer loop
      vertex 55.4743 24.0743 0
      vertex 57.6757 24.0743 0
      vertex 55.526 24.0153 0
    endloop
  endfacet
  facet normal 0 0 -1
    outer loop
      vertex 55.4153 24.126 0
      vertex 57.6757 24.0743 0
      vertex 55.4743 24.0743 0
    endloop
  endfacet
  facet normal 0 0 -1
    outer loop
      vertex 57.7347 24.126 0
      vertex 55.4153 24.126 0
      vertex 55.35 24.1696 0
    endloop
  endfacet
  facet normal 0 0 -1
    outer loop
      vertex 57.8 24.1696 0
      vertex 55.35 24.1696 0
      vertex 55.2796 24.2043 0
    endloop
  endfacet
  facet normal 0 0 -1
    outer loop
      vertex 57.8704 24.2043 0
      vertex 55.2796 24.2043 0
      vertex 55.2053 24.2296 0
    endloop
  endfacet
  facet normal 0 0 -1
    outer loop
      vertex 57.9447 24.2296 0
      vertex 55.2053 24.2296 0
      vertex 55.1283 24.2449 0
    endloop
  endfacet
  facet normal 0 0 -1
    outer loop
      vertex 58.0217 24.2449 0
      vertex 55.1283 24.2449 0
      vertex 67.7 34.5 0
    endloop
  endfacet
  facet normal 0 0 -1
    outer loop
      vertex 55.05 24.25 0
      vertex 67.7 34.5 0
      vertex 55.1283 24.2449 0
    endloop
  endfacet
  facet normal 0 0 -1
    outer loop
      vertex 54.7 24.25 0
      vertex 67.7 34.5 0
      vertex 55.05 24.25 0
    endloop
  endfacet
  facet normal 0 0 -1
    outer loop
      vertex 54.6217 24.2449 0
      vertex 67.7 34.5 0
      vertex 54.7 24.25 0
    endloop
  endfacet
  facet normal 0 0 -1
    outer loop
      vertex 51.7283 24.2449 0
      vertex 54.6217 24.2449 0
      vertex 54.5447 24.2296 0
    endloop
  endfacet
  facet normal 0 0 -1
    outer loop
      vertex 51.8053 24.2296 0
      vertex 54.5447 24.2296 0
      vertex 54.4704 24.2043 0
    endloop
  endfacet
  facet normal 0 0 -1
    outer loop
      vertex 51.8796 24.2043 0
      vertex 54.4704 24.2043 0
      vertex 54.4 24.1696 0
    endloop
  endfacet
  facet normal 0 0 -1
    outer loop
      vertex 51.95 24.1696 0
      vertex 54.4 24.1696 0
      vertex 54.3347 24.126 0
    endloop
  endfacet
  facet normal 0 0 -1
    outer loop
      vertex 52.25 23.65 0
      vertex 54.1 23.65 0
      vertex 53.2955 20.0511 0
    endloop
  endfacet
  facet normal 0 0 -1
    outer loop
      vertex 54.1 23.65 0
      vertex 52.25 23.65 0
      vertex 54.1051 23.7283 0
    endloop
  endfacet
  facet normal 0 0 -1
    outer loop
      vertex 52.25 23.65 0
      vertex 53.2955 20.0511 0
      vertex 52.25 18.4151 0
    endloop
  endfacet
  facet normal 0 0 -1
    outer loop
      vertex 52.2449 23.7283 0
      vertex 54.1051 23.7283 0
      vertex 52.25 23.65 0
    endloop
  endfacet
  facet normal 0 0 -1
    outer loop
      vertex 54.1051 23.7283 0
      vertex 52.2449 23.7283 0
      vertex 54.1204 23.8053 0
    endloop
  endfacet
  facet normal 0 0 -1
    outer loop
      vertex 52.2296 23.8053 0
      vertex 54.1204 23.8053 0
      vertex 52.2449 23.7283 0
    endloop
  endfacet
  facet normal 0 0 -1
    outer loop
      vertex 54.1204 23.8053 0
      vertex 52.2296 23.8053 0
      vertex 54.1457 23.8796 0
    endloop
  endfacet
  facet normal 0 0 -1
    outer loop
      vertex 52.2043 23.8796 0
      vertex 54.1457 23.8796 0
      vertex 52.2296 23.8053 0
    endloop
  endfacet
  facet normal 0 0 -1
    outer loop
      vertex 54.1457 23.8796 0
      vertex 52.2043 23.8796 0
      vertex 54.1804 23.95 0
    endloop
  endfacet
  facet normal 0 0 -1
    outer loop
      vertex 52.1696 23.95 0
      vertex 54.1804 23.95 0
      vertex 52.2043 23.8796 0
    endloop
  endfacet
  facet normal 0 0 -1
    outer loop
      vertex 54.1804 23.95 0
      vertex 52.1696 23.95 0
      vertex 54.224 24.0153 0
    endloop
  endfacet
  facet normal 0 0 -1
    outer loop
      vertex 52.126 24.0153 0
      vertex 54.224 24.0153 0
      vertex 52.1696 23.95 0
    endloop
  endfacet
  facet normal 0 0 -1
    outer loop
      vertex 54.224 24.0153 0
      vertex 52.126 24.0153 0
      vertex 54.2757 24.0743 0
    endloop
  endfacet
  facet normal 0 0 -1
    outer loop
      vertex 52.0743 24.0743 0
      vertex 54.2757 24.0743 0
      vertex 52.126 24.0153 0
    endloop
  endfacet
  facet normal 0 0 -1
    outer loop
      vertex 54.2757 24.0743 0
      vertex 52.0743 24.0743 0
      vertex 54.3347 24.126 0
    endloop
  endfacet
  facet normal 0 0 -1
    outer loop
      vertex 52.0153 24.126 0
      vertex 54.3347 24.126 0
      vertex 52.0743 24.0743 0
    endloop
  endfacet
  facet normal 0 0 -1
    outer loop
      vertex 51.95 24.1696 0
      vertex 54.3347 24.126 0
      vertex 52.0153 24.126 0
    endloop
  endfacet
  facet normal 0 0 -1
    outer loop
      vertex 54.4 24.1696 0
      vertex 51.95 24.1696 0
      vertex 51.8796 24.2043 0
    endloop
  endfacet
  facet normal 0 0 -1
    outer loop
      vertex 54.4704 24.2043 0
      vertex 51.8796 24.2043 0
      vertex 51.8053 24.2296 0
    endloop
  endfacet
  facet normal 0 0 -1
    outer loop
      vertex 54.5447 24.2296 0
      vertex 51.8053 24.2296 0
      vertex 51.7283 24.2449 0
    endloop
  endfacet
  facet normal 0 0 -1
    outer loop
      vertex 54.6217 24.2449 0
      vertex 51.7283 24.2449 0
      vertex 67.7 34.5 0
    endloop
  endfacet
  facet normal 0 0 -1
    outer loop
      vertex 51.65 24.25 0
      vertex 67.7 34.5 0
      vertex 51.7283 24.2449 0
    endloop
  endfacet
  facet normal 0 0 -1
    outer loop
      vertex 51.3 24.25 0
      vertex 67.7 34.5 0
      vertex 51.65 24.25 0
    endloop
  endfacet
  facet normal 0 0 -1
    outer loop
      vertex 51.2217 24.2449 0
      vertex 67.7 34.5 0
      vertex 51.3 24.25 0
    endloop
  endfacet
  facet normal 0 0 -1
    outer loop
      vertex 48.3283 24.2449 0
      vertex 51.2217 24.2449 0
      vertex 51.1447 24.2296 0
    endloop
  endfacet
  facet normal 0 0 -1
    outer loop
      vertex 48.4053 24.2296 0
      vertex 51.1447 24.2296 0
      vertex 51.0704 24.2043 0
    endloop
  endfacet
  facet normal 0 0 -1
    outer loop
      vertex 48.4796 24.2043 0
      vertex 51.0704 24.2043 0
      vertex 51 24.1696 0
    endloop
  endfacet
  facet normal 0 0 -1
    outer loop
      vertex 48.85 23.65 0
      vertex 50.7 23.65 0
      vertex 49.2601 20.0511 0
    endloop
  endfacet
  facet normal 0 0 -1
    outer loop
      vertex 50.7 23.65 0
      vertex 48.85 23.65 0
      vertex 50.7051 23.7283 0
    endloop
  endfacet
  facet normal 0 0 -1
    outer loop
      vertex 48.8449 23.7283 0
      vertex 50.7051 23.7283 0
      vertex 48.85 23.65 0
    endloop
  endfacet
  facet normal 0 0 -1
    outer loop
      vertex 48.85 23.65 0
      vertex 49.2601 20.0511 0
      vertex 48.85 10.85 0
    endloop
  endfacet
  facet normal 0 0 -1
    outer loop
      vertex 50.7051 23.7283 0
      vertex 48.8449 23.7283 0
      vertex 50.7204 23.8053 0
    endloop
  endfacet
  facet normal 0 0 -1
    outer loop
      vertex 48.8296 23.8053 0
      vertex 50.7204 23.8053 0
      vertex 48.8449 23.7283 0
    endloop
  endfacet
  facet normal 0 0 -1
    outer loop
      vertex 50.7204 23.8053 0
      vertex 48.8296 23.8053 0
      vertex 50.7457 23.8796 0
    endloop
  endfacet
  facet normal 0 0 -1
    outer loop
      vertex 48.8043 23.8796 0
      vertex 50.7457 23.8796 0
      vertex 48.8296 23.8053 0
    endloop
  endfacet
  facet normal 0 0 -1
    outer loop
      vertex 50.7457 23.8796 0
      vertex 48.8043 23.8796 0
      vertex 50.7804 23.95 0
    endloop
  endfacet
  facet normal 0 0 -1
    outer loop
      vertex 48.7696 23.95 0
      vertex 50.7804 23.95 0
      vertex 48.8043 23.8796 0
    endloop
  endfacet
  facet normal 0 0 -1
    outer loop
      vertex 50.7804 23.95 0
      vertex 48.7696 23.95 0
      vertex 50.824 24.0153 0
    endloop
  endfacet
  facet normal 0 0 -1
    outer loop
      vertex 48.726 24.0153 0
      vertex 50.824 24.0153 0
      vertex 48.7696 23.95 0
    endloop
  endfacet
  facet normal 0 0 -1
    outer loop
      vertex 50.824 24.0153 0
      vertex 48.726 24.0153 0
      vertex 50.8757 24.0743 0
    endloop
  endfacet
  facet normal 0 0 -1
    outer loop
      vertex 48.6743 24.0743 0
      vertex 50.8757 24.0743 0
      vertex 48.726 24.0153 0
    endloop
  endfacet
  facet normal 0 0 -1
    outer loop
      vertex 50.8757 24.0743 0
      vertex 48.6743 24.0743 0
      vertex 50.9347 24.126 0
    endloop
  endfacet
  facet normal 0 0 -1
    outer loop
      vertex 48.6153 24.126 0
      vertex 50.9347 24.126 0
      vertex 48.6743 24.0743 0
    endloop
  endfacet
  facet normal 0 0 -1
    outer loop
      vertex 50.9347 24.126 0
      vertex 48.6153 24.126 0
      vertex 51 24.1696 0
    endloop
  endfacet
  facet normal 0 0 -1
    outer loop
      vertex 48.55 24.1696 0
      vertex 51 24.1696 0
      vertex 48.6153 24.126 0
    endloop
  endfacet
  facet normal 0 0 -1
    outer loop
      vertex 48.4796 24.2043 0
      vertex 51 24.1696 0
      vertex 48.55 24.1696 0
    endloop
  endfacet
  facet normal 0 0 -1
    outer loop
      vertex 51.0704 24.2043 0
      vertex 48.4796 24.2043 0
      vertex 48.4053 24.2296 0
    endloop
  endfacet
  facet normal 0 0 -1
    outer loop
      vertex 51.1447 24.2296 0
      vertex 48.4053 24.2296 0
      vertex 48.3283 24.2449 0
    endloop
  endfacet
  facet normal 0 0 -1
    outer loop
      vertex 51.2217 24.2449 0
      vertex 48.3283 24.2449 0
      vertex 67.7 34.5 0
    endloop
  endfacet
  facet normal 0 0 -1
    outer loop
      vertex 48.25 24.25 0
      vertex 67.7 34.5 0
      vertex 48.3283 24.2449 0
    endloop
  endfacet
  facet normal 0 0 -1
    outer loop
      vertex 47.9 24.25 0
      vertex 67.7 34.5 0
      vertex 48.25 24.25 0
    endloop
  endfacet
  facet normal 0 0 -1
    outer loop
      vertex 44.85 24.25 0
      vertex 47.9 24.25 0
      vertex 47.8217 24.2449 0
    endloop
  endfacet
  facet normal 0 0 -1
    outer loop
      vertex 44.9283 24.2449 0
      vertex 47.8217 24.2449 0
      vertex 47.7447 24.2296 0
    endloop
  endfacet
  facet normal 0 0 -1
    outer loop
      vertex 45.0053 24.2296 0
      vertex 47.7447 24.2296 0
      vertex 47.6704 24.2043 0
    endloop
  endfacet
  facet normal 0 0 -1
    outer loop
      vertex 45.0796 24.2043 0
      vertex 47.6704 24.2043 0
      vertex 47.6 24.1696 0
    endloop
  endfacet
  facet normal 0 0 -1
    outer loop
      vertex 45.45 23.65 0
      vertex 47.1973 20.0511 0
      vertex 45.45 16.7559 0
    endloop
  endfacet
  facet normal 0 0 -1
    outer loop
      vertex 47.1973 20.0511 0
      vertex 45.45 23.65 0
      vertex 47.3 23.65 0
    endloop
  endfacet
  facet normal 0 0 -1
    outer loop
      vertex 47.3 23.65 0
      vertex 45.45 23.65 0
      vertex 47.3051 23.7283 0
    endloop
  endfacet
  facet normal 0 0 -1
    outer loop
      vertex 45.4449 23.7283 0
      vertex 47.3051 23.7283 0
      vertex 45.45 23.65 0
    endloop
  endfacet
  facet normal 0 0 -1
    outer loop
      vertex 47.3051 23.7283 0
      vertex 45.4449 23.7283 0
      vertex 47.3204 23.8053 0
    endloop
  endfacet
  facet normal 0 0 -1
    outer loop
      vertex 45.4296 23.8053 0
      vertex 47.3204 23.8053 0
      vertex 45.4449 23.7283 0
    endloop
  endfacet
  facet normal 0 0 -1
    outer loop
      vertex 47.3204 23.8053 0
      vertex 45.4296 23.8053 0
      vertex 47.3457 23.8796 0
    endloop
  endfacet
  facet normal 0 0 -1
    outer loop
      vertex 45.4043 23.8796 0
      vertex 47.3457 23.8796 0
      vertex 45.4296 23.8053 0
    endloop
  endfacet
  facet normal 0 0 -1
    outer loop
      vertex 47.3457 23.8796 0
      vertex 45.4043 23.8796 0
      vertex 47.3804 23.95 0
    endloop
  endfacet
  facet normal 0 0 -1
    outer loop
      vertex 45.3696 23.95 0
      vertex 47.3804 23.95 0
      vertex 45.4043 23.8796 0
    endloop
  endfacet
  facet normal 0 0 -1
    outer loop
      vertex 47.3804 23.95 0
      vertex 45.3696 23.95 0
      vertex 47.424 24.0153 0
    endloop
  endfacet
  facet normal 0 0 -1
    outer loop
      vertex 45.326 24.0153 0
      vertex 47.424 24.0153 0
      vertex 45.3696 23.95 0
    endloop
  endfacet
  facet normal 0 0 -1
    outer loop
      vertex 47.424 24.0153 0
      vertex 45.326 24.0153 0
      vertex 47.4757 24.0743 0
    endloop
  endfacet
  facet normal 0 0 -1
    outer loop
      vertex 45.2743 24.0743 0
      vertex 47.4757 24.0743 0
      vertex 45.326 24.0153 0
    endloop
  endfacet
  facet normal 0 0 -1
    outer loop
      vertex 47.4757 24.0743 0
      vertex 45.2743 24.0743 0
      vertex 47.5347 24.126 0
    endloop
  endfacet
  facet normal 0 0 -1
    outer loop
      vertex 45.2153 24.126 0
      vertex 47.5347 24.126 0
      vertex 45.2743 24.0743 0
    endloop
  endfacet
  facet normal 0 0 -1
    outer loop
      vertex 47.5347 24.126 0
      vertex 45.2153 24.126 0
      vertex 47.6 24.1696 0
    endloop
  endfacet
  facet normal 0 0 -1
    outer loop
      vertex 45.15 24.1696 0
      vertex 47.6 24.1696 0
      vertex 45.2153 24.126 0
    endloop
  endfacet
  facet normal 0 0 -1
    outer loop
      vertex 45.0796 24.2043 0
      vertex 47.6 24.1696 0
      vertex 45.15 24.1696 0
    endloop
  endfacet
  facet normal 0 0 -1
    outer loop
      vertex 47.6704 24.2043 0
      vertex 45.0796 24.2043 0
      vertex 45.0053 24.2296 0
    endloop
  endfacet
  facet normal 0 0 -1
    outer loop
      vertex 47.7447 24.2296 0
      vertex 45.0053 24.2296 0
      vertex 44.9283 24.2449 0
    endloop
  endfacet
  facet normal 0 0 -1
    outer loop
      vertex 44.85 24.25 0
      vertex 47.8217 24.2449 0
      vertex 44.9283 24.2449 0
    endloop
  endfacet
  facet normal 0 0 -1
    outer loop
      vertex 47.9 24.25 0
      vertex 44.85 24.25 0
      vertex 67.7 34.5 0
    endloop
  endfacet
  facet normal 0 0 -1
    outer loop
      vertex 44.5 24.25 0
      vertex 67.7 34.5 0
      vertex 44.85 24.25 0
    endloop
  endfacet
  facet normal 0 0 -1
    outer loop
      vertex 41.45 24.25 0
      vertex 44.5 24.25 0
      vertex 44.4217 24.2449 0
    endloop
  endfacet
  facet normal 0 0 -1
    outer loop
      vertex 41.5283 24.2449 0
      vertex 44.4217 24.2449 0
      vertex 44.3447 24.2296 0
    endloop
  endfacet
  facet normal 0 0 -1
    outer loop
      vertex 41.6053 24.2296 0
      vertex 44.3447 24.2296 0
      vertex 44.2704 24.2043 0
    endloop
  endfacet
  facet normal 0 0 -1
    outer loop
      vertex 42.6421 20.0511 0
      vertex 43.8723 20.0511 0
      vertex 42.6421 16.7733 0
    endloop
  endfacet
  facet normal 0 0 -1
    outer loop
      vertex 43.8723 20.0511 0
      vertex 42.6421 20.0511 0
      vertex 43.9 23.65 0
    endloop
  endfacet
  facet normal 0 0 -1
    outer loop
      vertex 42.05 23.65 0
      vertex 43.9 23.65 0
      vertex 42.6421 20.0511 0
    endloop
  endfacet
  facet normal 0 0 -1
    outer loop
      vertex 43.9 23.65 0
      vertex 42.05 23.65 0
      vertex 43.9051 23.7283 0
    endloop
  endfacet
  facet normal 0 0 -1
    outer loop
      vertex 42.0449 23.7283 0
      vertex 43.9051 23.7283 0
      vertex 42.05 23.65 0
    endloop
  endfacet
  facet normal 0 0 -1
    outer loop
      vertex 42.05 23.65 0
      vertex 42.6421 20.0511 0
      vertex 42.05 20.0511 0
    endloop
  endfacet
  facet normal 0 0 -1
    outer loop
      vertex 43.9051 23.7283 0
      vertex 42.0449 23.7283 0
      vertex 43.9204 23.8053 0
    endloop
  endfacet
  facet normal 0 0 -1
    outer loop
      vertex 42.0296 23.8053 0
      vertex 43.9204 23.8053 0
      vertex 42.0449 23.7283 0
    endloop
  endfacet
  facet normal 0 0 -1
    outer loop
      vertex 43.9204 23.8053 0
      vertex 42.0296 23.8053 0
      vertex 43.9457 23.8796 0
    endloop
  endfacet
  facet normal 0 0 -1
    outer loop
      vertex 42.0043 23.8796 0
      vertex 43.9457 23.8796 0
      vertex 42.0296 23.8053 0
    endloop
  endfacet
  facet normal 0 0 -1
    outer loop
      vertex 43.9457 23.8796 0
      vertex 42.0043 23.8796 0
      vertex 43.9804 23.95 0
    endloop
  endfacet
  facet normal 0 0 -1
    outer loop
      vertex 41.9696 23.95 0
      vertex 43.9804 23.95 0
      vertex 42.0043 23.8796 0
    endloop
  endfacet
  facet normal 0 0 -1
    outer loop
      vertex 43.9804 23.95 0
      vertex 41.9696 23.95 0
      vertex 44.024 24.0153 0
    endloop
  endfacet
  facet normal 0 0 -1
    outer loop
      vertex 41.926 24.0153 0
      vertex 44.024 24.0153 0
      vertex 41.9696 23.95 0
    endloop
  endfacet
  facet normal 0 0 -1
    outer loop
      vertex 44.024 24.0153 0
      vertex 41.926 24.0153 0
      vertex 44.0757 24.0743 0
    endloop
  endfacet
  facet normal 0 0 -1
    outer loop
      vertex 41.8743 24.0743 0
      vertex 44.0757 24.0743 0
      vertex 41.926 24.0153 0
    endloop
  endfacet
  facet normal 0 0 -1
    outer loop
      vertex 44.0757 24.0743 0
      vertex 41.8743 24.0743 0
      vertex 44.1347 24.126 0
    endloop
  endfacet
  facet normal 0 0 -1
    outer loop
      vertex 41.8153 24.126 0
      vertex 44.1347 24.126 0
      vertex 41.8743 24.0743 0
    endloop
  endfacet
  facet normal 0 0 -1
    outer loop
      vertex 44.1347 24.126 0
      vertex 41.8153 24.126 0
      vertex 44.2 24.1696 0
    endloop
  endfacet
  facet normal 0 0 -1
    outer loop
      vertex 41.75 24.1696 0
      vertex 44.2 24.1696 0
      vertex 41.8153 24.126 0
    endloop
  endfacet
  facet normal 0 0 -1
    outer loop
      vertex 44.2 24.1696 0
      vertex 41.75 24.1696 0
      vertex 44.2704 24.2043 0
    endloop
  endfacet
  facet normal 0 0 -1
    outer loop
      vertex 41.6796 24.2043 0
      vertex 44.2704 24.2043 0
      vertex 41.75 24.1696 0
    endloop
  endfacet
  facet normal 0 0 -1
    outer loop
      vertex 41.6053 24.2296 0
      vertex 44.2704 24.2043 0
      vertex 41.6796 24.2043 0
    endloop
  endfacet
  facet normal 0 0 -1
    outer loop
      vertex 44.3447 24.2296 0
      vertex 41.6053 24.2296 0
      vertex 41.5283 24.2449 0
    endloop
  endfacet
  facet normal 0 0 -1
    outer loop
      vertex 44.4217 24.2449 0
      vertex 41.5283 24.2449 0
      vertex 41.45 24.25 0
    endloop
  endfacet
  facet normal 0 0 -1
    outer loop
      vertex 44.5 24.25 0
      vertex 41.45 24.25 0
      vertex 67.7 34.5 0
    endloop
  endfacet
  facet normal 0 0 -1
    outer loop
      vertex 41.1 24.25 0
      vertex 67.7 34.5 0
      vertex 41.45 24.25 0
    endloop
  endfacet
  facet normal 0 0 -1
    outer loop
      vertex 41.0217 24.2449 0
      vertex 67.7 34.5 0
      vertex 41.1 24.25 0
    endloop
  endfacet
  facet normal 0 0 -1
    outer loop
      vertex 2.8 34.5 0
      vertex 41.0217 24.2449 0
      vertex 40.9447 24.2296 0
    endloop
  endfacet
  facet normal 0 0 -1
    outer loop
      vertex 2.8 34.5 0
      vertex 40.9447 24.2296 0
      vertex 40.8704 24.2043 0
    endloop
  endfacet
  facet normal 0 0 -1
    outer loop
      vertex 39.3572 16.4177 0
      vertex 40.4252 15.5194 0
      vertex 40.2875 15.5134 0
    endloop
  endfacet
  facet normal 0 0 -1
    outer loop
      vertex 39.3798 16.2635 0
      vertex 40.2875 15.5134 0
      vertex 40.1489 15.5194 0
    endloop
  endfacet
  facet normal 0 0 -1
    outer loop
      vertex 39.4115 16.1251 0
      vertex 40.1489 15.5194 0
      vertex 40.0219 15.5372 0
    endloop
  endfacet
  facet normal 0 0 -1
    outer loop
      vertex 39.4522 16.0025 0
      vertex 40.0219 15.5372 0
      vertex 39.9065 15.5669 0
    endloop
  endfacet
  facet normal 0 0 -1
    outer loop
      vertex 40.5 15.5299 0
      vertex 39.3391 20.0511 0
      vertex 40.5 23.65 0
    endloop
  endfacet
  facet normal 0 0 -1
    outer loop
      vertex 39.5019 15.8957 0
      vertex 39.9065 15.5669 0
      vertex 39.8027 15.6085 0
    endloop
  endfacet
  facet normal 0 0 -1
    outer loop
      vertex 39.5019 15.8957 0
      vertex 39.8027 15.6085 0
      vertex 39.7104 15.662 0
    endloop
  endfacet
  facet normal 0 0 -1
    outer loop
      vertex 39.5019 15.8957 0
      vertex 39.7104 15.662 0
      vertex 39.6298 15.7273 0
    endloop
  endfacet
  facet normal 0 0 -1
    outer loop
      vertex 39.5019 15.8957 0
      vertex 39.6298 15.7273 0
      vertex 39.5607 15.8046 0
    endloop
  endfacet
  facet normal 0 0 -1
    outer loop
      vertex 39.9065 15.5669 0
      vertex 39.5019 15.8957 0
      vertex 39.4522 16.0025 0
    endloop
  endfacet
  facet normal 0 0 -1
    outer loop
      vertex 40.0219 15.5372 0
      vertex 39.4522 16.0025 0
      vertex 39.4115 16.1251 0
    endloop
  endfacet
  facet normal 0 0 -1
    outer loop
      vertex 40.1489 15.5194 0
      vertex 39.4115 16.1251 0
      vertex 39.3798 16.2635 0
    endloop
  endfacet
  facet normal 0 0 -1
    outer loop
      vertex 40.2875 15.5134 0
      vertex 39.3798 16.2635 0
      vertex 39.3572 16.4177 0
    endloop
  endfacet
  facet normal 0 0 -1
    outer loop
      vertex 40.5 15.5299 0
      vertex 39.3572 16.4177 0
      vertex 39.3436 16.5876 0
    endloop
  endfacet
  facet normal 0 0 -1
    outer loop
      vertex 40.5 15.5299 0
      vertex 39.3436 16.5876 0
      vertex 39.3391 16.7733 0
    endloop
  endfacet
  facet normal 0 0 -1
    outer loop
      vertex 40.5 15.5299 0
      vertex 39.3391 16.7733 0
      vertex 39.3391 20.0511 0
    endloop
  endfacet
  facet normal 0 0 -1
    outer loop
      vertex 37.9293 20.0511 0
      vertex 40.5 23.65 0
      vertex 39.3391 20.0511 0
    endloop
  endfacet
  facet normal 0 0 -1
    outer loop
      vertex 35.7809 20.0078 0
      vertex 40.5 23.65 0
      vertex 37.9293 20.0511 0
    endloop
  endfacet
  facet normal 0 0 -1
    outer loop
      vertex 35.5643 20.0706 0
      vertex 40.5 23.65 0
      vertex 35.7809 20.0078 0
    endloop
  endfacet
  facet normal -0 0 -1
    outer loop
      vertex 40.5 23.65 0
      vertex 35.5643 20.0706 0
      vertex 40.5051 23.7283 0
    endloop
  endfacet
  facet normal 0 0 -1
    outer loop
      vertex 35.3289 20.1155 0
      vertex 40.5051 23.7283 0
      vertex 35.5643 20.0706 0
    endloop
  endfacet
  facet normal -0 0 -1
    outer loop
      vertex 40.5051 23.7283 0
      vertex 35.3289 20.1155 0
      vertex 40.5204 23.8053 0
    endloop
  endfacet
  facet normal 0 0 -1
    outer loop
      vertex 36.8342 18.6806 0
      vertex 37.9293 20.0511 0
      vertex 36.8449 18.4549 0
    endloop
  endfacet
  facet normal 0 0 -1
    outer loop
      vertex 36.8019 18.891 0
      vertex 37.9293 20.0511 0
      vertex 36.8342 18.6806 0
    endloop
  endfacet
  facet normal 0 0 -1
    outer loop
      vertex 36.7481 19.086 0
      vertex 37.9293 20.0511 0
      vertex 36.8019 18.891 0
    endloop
  endfacet
  facet normal 0 0 -1
    outer loop
      vertex 36.6727 19.2655 0
      vertex 37.9293 20.0511 0
      vertex 36.7481 19.086 0
    endloop
  endfacet
  facet normal 0 0 -1
    outer loop
      vertex 36.5759 19.4296 0
      vertex 37.9293 20.0511 0
      vertex 36.6727 19.2655 0
    endloop
  endfacet
  facet normal 0 0 -1
    outer loop
      vertex 36.4575 19.5784 0
      vertex 37.9293 20.0511 0
      vertex 36.5759 19.4296 0
    endloop
  endfacet
  facet normal 0 0 -1
    outer loop
      vertex 36.3176 19.7117 0
      vertex 37.9293 20.0511 0
      vertex 36.4575 19.5784 0
    endloop
  endfacet
  facet normal 0 0 -1
    outer loop
      vertex 36.1575 19.8283 0
      vertex 37.9293 20.0511 0
      vertex 36.3176 19.7117 0
    endloop
  endfacet
  facet normal 0 0 -1
    outer loop
      vertex 35.9786 19.927 0
      vertex 37.9293 20.0511 0
      vertex 36.1575 19.8283 0
    endloop
  endfacet
  facet normal 0 0 -1
    outer loop
      vertex 35.7809 20.0078 0
      vertex 37.9293 20.0511 0
      vertex 35.9786 19.927 0
    endloop
  endfacet
  facet normal 0 0 -1
    outer loop
      vertex 35.0747 20.1424 0
      vertex 40.5204 23.8053 0
      vertex 35.3289 20.1155 0
    endloop
  endfacet
  facet normal -0 0 -1
    outer loop
      vertex 40.5204 23.8053 0
      vertex 35.0747 20.1424 0
      vertex 40.5457 23.8796 0
    endloop
  endfacet
  facet normal 0 0 -1
    outer loop
      vertex 34.8016 20.1514 0
      vertex 40.5457 23.8796 0
      vertex 35.0747 20.1424 0
    endloop
  endfacet
  facet normal 0 0 -1
    outer loop
      vertex 34.6724 20.15 0
      vertex 40.5457 23.8796 0
      vertex 34.8016 20.1514 0
    endloop
  endfacet
  facet normal -0 0 -1
    outer loop
      vertex 40.5457 23.8796 0
      vertex 34.6724 20.15 0
      vertex 40.5804 23.95 0
    endloop
  endfacet
  facet normal 0 0 -1
    outer loop
      vertex 34.5421 20.1458 0
      vertex 40.5804 23.95 0
      vertex 34.6724 20.15 0
    endloop
  endfacet
  facet normal 0 0 -1
    outer loop
      vertex 34.4108 20.1389 0
      vertex 40.5804 23.95 0
      vertex 34.5421 20.1458 0
    endloop
  endfacet
  facet normal 0 0 -1
    outer loop
      vertex 34.2785 20.1292 0
      vertex 40.5804 23.95 0
      vertex 34.4108 20.1389 0
    endloop
  endfacet
  facet normal 0 0 -1
    outer loop
      vertex 34.1451 20.1168 0
      vertex 40.5804 23.95 0
      vertex 34.2785 20.1292 0
    endloop
  endfacet
  facet normal -0 0 -1
    outer loop
      vertex 40.5804 23.95 0
      vertex 34.1451 20.1168 0
      vertex 40.624 24.0153 0
    endloop
  endfacet
  facet normal 0 0 -1
    outer loop
      vertex 34.0107 20.1015 0
      vertex 40.624 24.0153 0
      vertex 34.1451 20.1168 0
    endloop
  endfacet
  facet normal 0 0 -1
    outer loop
      vertex 33.8752 20.0835 0
      vertex 40.624 24.0153 0
      vertex 34.0107 20.1015 0
    endloop
  endfacet
  facet normal 0 0 -1
    outer loop
      vertex 33.7385 20.0628 0
      vertex 40.624 24.0153 0
      vertex 33.8752 20.0835 0
    endloop
  endfacet
  facet normal 0 0 -1
    outer loop
      vertex 33.6004 20.0392 0
      vertex 40.624 24.0153 0
      vertex 33.7385 20.0628 0
    endloop
  endfacet
  facet normal -0 0 -1
    outer loop
      vertex 40.624 24.0153 0
      vertex 33.6004 20.0392 0
      vertex 40.6757 24.0743 0
    endloop
  endfacet
  facet normal 0 0 -1
    outer loop
      vertex 33.4611 20.0129 0
      vertex 40.6757 24.0743 0
      vertex 33.6004 20.0392 0
    endloop
  endfacet
  facet normal 0 0 -1
    outer loop
      vertex 28.8699 20.0511 0
      vertex 40.6757 24.0743 0
      vertex 33.4611 20.0129 0
    endloop
  endfacet
  facet normal -0 0 -1
    outer loop
      vertex 40.6757 24.0743 0
      vertex 28.8699 20.0511 0
      vertex 40.7347 24.126 0
    endloop
  endfacet
  facet normal 0 0 -1
    outer loop
      vertex 28.8699 20.0511 0
      vertex 33.4611 20.0129 0
      vertex 33.3203 19.9839 0
    endloop
  endfacet
  facet normal 0 0 -1
    outer loop
      vertex 28.8699 20.0511 0
      vertex 33.3203 19.9839 0
      vertex 33.1783 19.952 0
    endloop
  endfacet
  facet normal 0 0 -1
    outer loop
      vertex 28.8699 20.0511 0
      vertex 33.1783 19.952 0
      vertex 33.0349 19.9174 0
    endloop
  endfacet
  facet normal 0 0 -1
    outer loop
      vertex 28.8699 20.0511 0
      vertex 33.0349 19.9174 0
      vertex 32.8901 19.88 0
    endloop
  endfacet
  facet normal -0 0 -1
    outer loop
      vertex 32.8901 18.7206 0
      vertex 32.7274 17.0866 0
      vertex 28.8699 20.0511 0
    endloop
  endfacet
  facet normal 0 0 -1
    outer loop
      vertex 28.8699 20.0511 0
      vertex 32.7274 17.0866 0
      vertex 32.6568 16.9477 0
    endloop
  endfacet
  facet normal 0 0 -1
    outer loop
      vertex 28.8699 20.0511 0
      vertex 32.6568 16.9477 0
      vertex 32.6018 16.796 0
    endloop
  endfacet
  facet normal 0 0 -1
    outer loop
      vertex 28.8699 20.0511 0
      vertex 32.6018 16.796 0
      vertex 32.5626 16.6314 0
    endloop
  endfacet
  facet normal 0 0 -1
    outer loop
      vertex 28.8699 14.5838 0
      vertex 32.5626 16.6314 0
      vertex 32.5391 16.454 0
    endloop
  endfacet
  facet normal 0 0 -1
    outer loop
      vertex 28.8699 14.5838 0
      vertex 32.5391 16.454 0
      vertex 32.5312 16.2637 0
    endloop
  endfacet
  facet normal -0 0 -1
    outer loop
      vertex 32.5626 16.6314 0
      vertex 28.8699 14.5838 0
      vertex 28.8699 20.0511 0
    endloop
  endfacet
  facet normal 0 0 -1
    outer loop
      vertex 32.8901 18.7206 0
      vertex 28.8699 20.0511 0
      vertex 32.8901 19.88 0
    endloop
  endfacet
  facet normal 0 0 -1
    outer loop
      vertex 27.4601 20.0511 0
      vertex 40.7347 24.126 0
      vertex 28.8699 20.0511 0
    endloop
  endfacet
  facet normal -0 0 -1
    outer loop
      vertex 40.7347 24.126 0
      vertex 27.4601 20.0511 0
      vertex 40.8 24.1696 0
    endloop
  endfacet
  facet normal 0 0 -1
    outer loop
      vertex 2.8 34.5 0
      vertex 40.8 24.1696 0
      vertex 27.4601 20.0511 0
    endloop
  endfacet
  facet normal 0 0 -1
    outer loop
      vertex 40.8 24.1696 0
      vertex 2.8 34.5 0
      vertex 40.8704 24.2043 0
    endloop
  endfacet
  facet normal 0 0 -1
    outer loop
      vertex 24.2029 20.0511 0
      vertex 24.9846 15.6482 0
      vertex 24.2029 14.5838 0
    endloop
  endfacet
  facet normal 0 0 -1
    outer loop
      vertex 24.9846 15.6482 0
      vertex 24.2029 20.0511 0
      vertex 27.4601 20.0511 0
    endloop
  endfacet
  facet normal 0 0 -1
    outer loop
      vertex 2.8 34.5 0
      vertex 27.4601 20.0511 0
      vertex 24.2029 20.0511 0
    endloop
  endfacet
  facet normal 0 0 -1
    outer loop
      vertex 2.8 34.5 0
      vertex 24.2029 20.0511 0
      vertex 22.793 20.0511 0
    endloop
  endfacet
  facet normal 0 0 -1
    outer loop
      vertex 21.4777 20.0511 0
      vertex 22.793 20.0511 0
      vertex 21.4777 14.5838 0
    endloop
  endfacet
  facet normal 0 0 -1
    outer loop
      vertex 2.8 34.5 0
      vertex 22.793 20.0511 0
      vertex 21.4777 20.0511 0
    endloop
  endfacet
  facet normal 0 0 -1
    outer loop
      vertex 2.8 34.5 0
      vertex 21.4777 20.0511 0
      vertex 19.9032 20.0511 0
    endloop
  endfacet
  facet normal 0 0 -1
    outer loop
      vertex 17.9148 20.0511 0
      vertex 19.9032 20.0511 0
      vertex 17.9148 16.3012 0
    endloop
  endfacet
  facet normal 0 0 -1
    outer loop
      vertex 2.8 34.5 0
      vertex 19.9032 20.0511 0
      vertex 17.9148 20.0511 0
    endloop
  endfacet
  facet normal 0 0 -1
    outer loop
      vertex 2.8 34.5 0
      vertex 17.9148 20.0511 0
      vertex 16.5782 20.0511 0
    endloop
  endfacet
  facet normal 0 0 -1
    outer loop
      vertex 15.348 20.0511 0
      vertex 16.5782 20.0511 0
      vertex 15.348 14.5838 0
    endloop
  endfacet
  facet normal 0 0 -1
    outer loop
      vertex 2.8 34.5 0
      vertex 16.5782 20.0511 0
      vertex 15.348 20.0511 0
    endloop
  endfacet
  facet normal 0 0 -1
    outer loop
      vertex 2.8 34.5 0
      vertex 15.348 20.0511 0
      vertex 13.9382 20.0511 0
    endloop
  endfacet
  facet normal 0 0 -1
    outer loop
      vertex 2.8 34.5 0
      vertex 13.9382 20.0511 0
      vertex 11.9058 20.0511 0
    endloop
  endfacet
  facet normal 0 0 -1
    outer loop
      vertex 2.8 34.5 0
      vertex 11.9058 20.0511 0
      vertex 10.269 20.0511 0
    endloop
  endfacet
  facet normal 0 0 -1
    outer loop
      vertex 0 2.8 0
      vertex 9.998 14.5838 0
      vertex 2.8 0 0
    endloop
  endfacet
  facet normal 0 0 -1
    outer loop
      vertex 41.0217 24.2449 0
      vertex 2.8 34.5 0
      vertex 67.7 34.5 0
    endloop
  endfacet
  facet normal 0 0 -1
    outer loop
      vertex 0 31.7 0
      vertex 9.998 14.5838 0
      vertex 0 2.8 0
    endloop
  endfacet
  facet normal 0 0 -1
    outer loop
      vertex 0 2.8 0
      vertex 2.8 0 0
      vertex 2.43453 0.0239534 0
    endloop
  endfacet
  facet normal 0 0 -1
    outer loop
      vertex 9.998 14.5838 0
      vertex 0 31.7 0
      vertex 10.269 20.0511 0
    endloop
  endfacet
  facet normal 0 0 -1
    outer loop
      vertex 0 2.8 0
      vertex 2.43453 0.0239534 0
      vertex 2.07531 0.0954075 0
    endloop
  endfacet
  facet normal 0 0 -1
    outer loop
      vertex 10.269 20.0511 0
      vertex 0 31.7 0
      vertex 2.8 34.5 0
    endloop
  endfacet
  facet normal 0 0 -1
    outer loop
      vertex 0 2.8 0
      vertex 2.07531 0.0954075 0
      vertex 1.72849 0.213137 0
    endloop
  endfacet
  facet normal 0 0 -1
    outer loop
      vertex 2.8 34.5 0
      vertex 0 31.7 0
      vertex 2.43453 34.476 0
    endloop
  endfacet
  facet normal 0 0 -1
    outer loop
      vertex 0 2.8 0
      vertex 1.72849 0.213137 0
      vertex 1.4 0.375129 0
    endloop
  endfacet
  facet normal 0 0 -1
    outer loop
      vertex 2.43453 34.476 0
      vertex 0 31.7 0
      vertex 2.07531 34.4046 0
    endloop
  endfacet
  facet normal 0 0 -1
    outer loop
      vertex 0 2.8 0
      vertex 1.4 0.375129 0
      vertex 1.09547 0.57861 0
    endloop
  endfacet
  facet normal 0 0 -1
    outer loop
      vertex 2.07531 34.4046 0
      vertex 0 31.7 0
      vertex 1.72849 34.2869 0
    endloop
  endfacet
  facet normal 0 0 -1
    outer loop
      vertex 0 2.8 0
      vertex 1.09547 0.57861 0
      vertex 0.820101 0.820101 0
    endloop
  endfacet
  facet normal 0 0 -1
    outer loop
      vertex 1.72849 34.2869 0
      vertex 0 31.7 0
      vertex 1.4 34.1249 0
    endloop
  endfacet
  facet normal 0 0 -1
    outer loop
      vertex 0 2.8 0
      vertex 0.820101 0.820101 0
      vertex 0.57861 1.09547 0
    endloop
  endfacet
  facet normal 0 0 -1
    outer loop
      vertex 1.4 34.1249 0
      vertex 0 31.7 0
      vertex 1.09547 33.9214 0
    endloop
  endfacet
  facet normal 0 0 -1
    outer loop
      vertex 0 2.8 0
      vertex 0.57861 1.09547 0
      vertex 0.375129 1.4 0
    endloop
  endfacet
  facet normal 0 0 -1
    outer loop
      vertex 1.09547 33.9214 0
      vertex 0 31.7 0
      vertex 0.820101 33.6799 0
    endloop
  endfacet
  facet normal 0 0 -1
    outer loop
      vertex 0 2.8 0
      vertex 0.375129 1.4 0
      vertex 0.213137 1.72849 0
    endloop
  endfacet
  facet normal 0 0 -1
    outer loop
      vertex 0.820101 33.6799 0
      vertex 0 31.7 0
      vertex 0.57861 33.4045 0
    endloop
  endfacet
  facet normal 0 0 -1
    outer loop
      vertex 0 2.8 0
      vertex 0.213137 1.72849 0
      vertex 0.0954075 2.07531 0
    endloop
  endfacet
  facet normal 0 0 -1
    outer loop
      vertex 0.57861 33.4045 0
      vertex 0 31.7 0
      vertex 0.375129 33.1 0
    endloop
  endfacet
  facet normal 0 0 -1
    outer loop
      vertex 0 2.8 0
      vertex 0.0954075 2.07531 0
      vertex 0.0239534 2.43453 0
    endloop
  endfacet
  facet normal 0 0 -1
    outer loop
      vertex 0.375129 33.1 0
      vertex 0 31.7 0
      vertex 0.213137 32.7715 0
    endloop
  endfacet
  facet normal 0 0 -1
    outer loop
      vertex 0.213137 32.7715 0
      vertex 0 31.7 0
      vertex 0.0954075 32.4247 0
    endloop
  endfacet
  facet normal 0 0 -1
    outer loop
      vertex 0.0954075 32.4247 0
      vertex 0 31.7 0
      vertex 0.0239534 32.0655 0
    endloop
  endfacet
  facet normal 0 0 -1
    outer loop
      vertex 59.1791 15.4698 0
      vertex 59.05 10.85 0
      vertex 59.05 15.33 0
    endloop
  endfacet
  facet normal -0 0 -1
    outer loop
      vertex 55.6863 14.646 0
      vertex 55.65 10.85 0
      vertex 55.65 14.6583 0
    endloop
  endfacet
  facet normal 0 0 -1
    outer loop
      vertex 54.1 18.9318 0
      vertex 52.7536 14.5838 0
      vertex 52.7536 16.8872 0
    endloop
  endfacet
  facet normal -0 0 -1
    outer loop
      vertex 52.7536 14.5838 0
      vertex 52.25 10.85 0
      vertex 52.25 14.5838 0
    endloop
  endfacet
  facet normal 0 0 -1
    outer loop
      vertex 57.277 15.5884 0
      vertex 57.5 15.6878 0
      vertex 57.4465 15.6574 0
    endloop
  endfacet
  facet normal -0 0 -1
    outer loop
      vertex 57.5 15.6878 0
      vertex 56.8986 15.5095 0
      vertex 57.5 18.9402 0
    endloop
  endfacet
  facet normal 0 0 -1
    outer loop
      vertex 57.5 15.6878 0
      vertex 57.277 15.5884 0
      vertex 57.0944 15.5391 0
    endloop
  endfacet
  facet normal 0 0 -1
    outer loop
      vertex 57.5 15.6878 0
      vertex 57.0944 15.5391 0
      vertex 56.8986 15.5095 0
    endloop
  endfacet
  facet normal 0 0 -1
    outer loop
      vertex 56.8986 19.1185 0
      vertex 57.5 18.9402 0
      vertex 56.8986 15.5095 0
    endloop
  endfacet
  facet normal 0 0 -1
    outer loop
      vertex 57.5 18.9402 0
      vertex 57.277 19.0396 0
      vertex 57.4465 18.9706 0
    endloop
  endfacet
  facet normal -0 -0 -1
    outer loop
      vertex 57.0944 19.0889 0
      vertex 57.5 18.9402 0
      vertex 56.8986 19.1185 0
    endloop
  endfacet
  facet normal -0 -0 -1
    outer loop
      vertex 57.277 19.0396 0
      vertex 57.5 18.9402 0
      vertex 57.0944 19.0889 0
    endloop
  endfacet
  facet normal 0 0 -1
    outer loop
      vertex 56.6896 15.4996 0
      vertex 56.8986 19.1185 0
      vertex 56.8986 15.5095 0
    endloop
  endfacet
  facet normal 0 0 -1
    outer loop
      vertex 56.6896 15.4996 0
      vertex 56.6896 19.1284 0
      vertex 56.8986 19.1185 0
    endloop
  endfacet
  facet normal 0 0 -1
    outer loop
      vertex 56.5701 15.5021 0
      vertex 56.6896 19.1284 0
      vertex 56.6896 15.4996 0
    endloop
  endfacet
  facet normal 0 0 -1
    outer loop
      vertex 56.5701 15.5021 0
      vertex 56.5701 19.1259 0
      vertex 56.6896 19.1284 0
    endloop
  endfacet
  facet normal 0 0 -1
    outer loop
      vertex 56.4523 15.5097 0
      vertex 56.5701 19.1259 0
      vertex 56.5701 15.5021 0
    endloop
  endfacet
  facet normal 0 0 -1
    outer loop
      vertex 56.4523 15.5097 0
      vertex 56.4523 19.1182 0
      vertex 56.5701 19.1259 0
    endloop
  endfacet
  facet normal 0 0 -1
    outer loop
      vertex 56.336 15.5224 0
      vertex 56.4523 19.1182 0
      vertex 56.4523 15.5097 0
    endloop
  endfacet
  facet normal 0 0 -1
    outer loop
      vertex 56.336 15.5224 0
      vertex 56.336 19.1056 0
      vertex 56.4523 19.1182 0
    endloop
  endfacet
  facet normal 0 0 -1
    outer loop
      vertex 56.2215 15.5401 0
      vertex 56.336 19.1056 0
      vertex 56.336 15.5224 0
    endloop
  endfacet
  facet normal 0 0 -1
    outer loop
      vertex 56.2215 15.5401 0
      vertex 56.2215 19.0878 0
      vertex 56.336 19.1056 0
    endloop
  endfacet
  facet normal 0 0 -1
    outer loop
      vertex 56.1086 15.5629 0
      vertex 56.2215 19.0878 0
      vertex 56.2215 15.5401 0
    endloop
  endfacet
  facet normal 0 0 -1
    outer loop
      vertex 56.1086 15.5629 0
      vertex 56.1086 19.065 0
      vertex 56.2215 19.0878 0
    endloop
  endfacet
  facet normal 0 0 -1
    outer loop
      vertex 55.9973 15.5908 0
      vertex 56.1086 19.065 0
      vertex 56.1086 15.5629 0
    endloop
  endfacet
  facet normal 0 0 -1
    outer loop
      vertex 55.9973 15.5908 0
      vertex 55.9973 19.0371 0
      vertex 56.1086 19.065 0
    endloop
  endfacet
  facet normal 0 0 -1
    outer loop
      vertex 55.8877 15.6237 0
      vertex 55.9973 19.0371 0
      vertex 55.9973 15.5908 0
    endloop
  endfacet
  facet normal 0 0 -1
    outer loop
      vertex 55.8877 15.6237 0
      vertex 55.8877 19.0042 0
      vertex 55.9973 19.0371 0
    endloop
  endfacet
  facet normal 0 0 -1
    outer loop
      vertex 55.7786 15.6621 0
      vertex 55.8877 19.0042 0
      vertex 55.8877 15.6237 0
    endloop
  endfacet
  facet normal 0 0 -1
    outer loop
      vertex 55.7786 15.6621 0
      vertex 55.7786 18.9658 0
      vertex 55.8877 19.0042 0
    endloop
  endfacet
  facet normal 0 0 -1
    outer loop
      vertex 55.6691 15.7063 0
      vertex 55.7786 18.9658 0
      vertex 55.7786 15.6621 0
    endloop
  endfacet
  facet normal 0 0 -1
    outer loop
      vertex 55.6691 15.7063 0
      vertex 55.6691 18.9216 0
      vertex 55.7786 18.9658 0
    endloop
  endfacet
  facet normal 0 0 -1
    outer loop
      vertex 55.65 15.7151 0
      vertex 55.6691 18.9216 0
      vertex 55.6691 15.7063 0
    endloop
  endfacet
  facet normal 0 0 -1
    outer loop
      vertex 55.6691 18.9216 0
      vertex 55.65 15.7151 0
      vertex 55.65 18.9129 0
    endloop
  endfacet
  facet normal 0.442275 -0.89688 0
    outer loop
      vertex 68.7715 0.213137 0
      vertex 69.1 0.375129 2.2
      vertex 68.7715 0.213137 2.2
    endloop
  endfacet
  facet normal 0.442275 -0.89688 0
    outer loop
      vertex 69.1 0.375129 2.2
      vertex 68.7715 0.213137 0
      vertex 69.1 0.375129 0
    endloop
  endfacet
  facet normal 0.997851 0.0655224 0
    outer loop
      vertex 70.5 31.7 2.2
      vertex 70.476 32.0655 0
      vertex 70.476 32.0655 2.2
    endloop
  endfacet
  facet normal 0.997851 0.0655224 0
    outer loop
      vertex 70.476 32.0655 0
      vertex 70.5 31.7 2.2
      vertex 70.5 31.7 0
    endloop
  endfacet
  facet normal 0.194961 0.980811 -0
    outer loop
      vertex 68.4247 34.4046 0
      vertex 68.0655 34.476 2.2
      vertex 68.4247 34.4046 2.2
    endloop
  endfacet
  facet normal 0.194961 0.980811 0
    outer loop
      vertex 68.0655 34.476 2.2
      vertex 68.4247 34.4046 0
      vertex 68.0655 34.476 0
    endloop
  endfacet
  facet normal 0.831445 -0.555607 0
    outer loop
      vertex 69.9214 1.09547 2.2
      vertex 70.1249 1.4 0
      vertex 70.1249 1.4 2.2
    endloop
  endfacet
  facet normal 0.831445 -0.555607 0
    outer loop
      vertex 70.1249 1.4 0
      vertex 69.9214 1.09547 2.2
      vertex 69.9214 1.09547 0
    endloop
  endfacet
  facet normal 0.195103 -0.980783 0
    outer loop
      vertex 68.0655 0.0239534 0
      vertex 68.4247 0.0954075 2.2
      vertex 68.0655 0.0239534 2.2
    endloop
  endfacet
  facet normal 0.195103 -0.980783 0
    outer loop
      vertex 68.4247 0.0954075 2.2
      vertex 68.0655 0.0239534 0
      vertex 68.4247 0.0954075 0
    endloop
  endfacet
  facet normal 0.980825 0.194891 0
    outer loop
      vertex 40.5204 10.6947 2.2
      vertex 40.5051 10.7717 0
      vertex 40.5051 10.7717 2.2
    endloop
  endfacet
  facet normal 0.980825 0.194891 0
    outer loop
      vertex 40.5051 10.7717 0
      vertex 40.5204 10.6947 2.2
      vertex 40.5204 10.6947 0
    endloop
  endfacet
  facet normal -0.997886 0.0649964 0
    outer loop
      vertex 42.0449 10.7717 0
      vertex 42.05 10.85 2.2
      vertex 42.05 10.85 0
    endloop
  endfacet
  facet normal -0.997886 0.0649964 0
    outer loop
      vertex 42.05 10.85 2.2
      vertex 42.0449 10.7717 0
      vertex 42.0449 10.7717 2.2
    endloop
  endfacet
  facet normal 0.896961 0.44211 0
    outer loop
      vertex 40.5804 10.55 2.2
      vertex 40.5457 10.6204 0
      vertex 40.5457 10.6204 2.2
    endloop
  endfacet
  facet normal 0.896961 0.44211 0
    outer loop
      vertex 40.5457 10.6204 0
      vertex 40.5804 10.55 2.2
      vertex 40.5804 10.55 0
    endloop
  endfacet
  facet normal -1 0 0
    outer loop
      vertex 42.05 15.036 0
      vertex 42.05 10.85 0
      vertex 42.05 15.036 0.65
    endloop
  endfacet
  facet normal -1 0 0
    outer loop
      vertex 42.05 20.0511 0.65
      vertex 42.05 23.65 0
      vertex 42.05 20.0511 0
    endloop
  endfacet
  facet normal -1 0 0
    outer loop
      vertex 42.05 23.65 0
      vertex 42.05 20.0511 0.65
      vertex 42.05 23.65 2.2
    endloop
  endfacet
  facet normal -1 0 0
    outer loop
      vertex 42.05 15.036 0.65
      vertex 42.05 23.65 2.2
      vertex 42.05 20.0511 0.65
    endloop
  endfacet
  facet normal -1 0 0
    outer loop
      vertex 42.05 10.85 2.2
      vertex 42.05 15.036 0.65
      vertex 42.05 10.85 0
    endloop
  endfacet
  facet normal -1 0 0
    outer loop
      vertex 42.05 15.036 0.65
      vertex 42.05 10.85 2.2
      vertex 42.05 23.65 2.2
    endloop
  endfacet
  facet normal 0.194891 -0.980825 0
    outer loop
      vertex 40.9447 24.2296 0
      vertex 41.0217 24.2449 2.2
      vertex 40.9447 24.2296 2.2
    endloop
  endfacet
  facet normal 0.194891 -0.980825 0
    outer loop
      vertex 41.0217 24.2449 2.2
      vertex 40.9447 24.2296 0
      vertex 41.0217 24.2449 0
    endloop
  endfacet
  facet normal 0.752103 0.659046 0
    outer loop
      vertex 40.6757 10.4257 2.2
      vertex 40.624 10.4847 0
      vertex 40.624 10.4847 2.2
    endloop
  endfacet
  facet normal 0.752103 0.659046 0
    outer loop
      vertex 40.624 10.4847 0
      vertex 40.6757 10.4257 2.2
      vertex 40.6757 10.4257 0
    endloop
  endfacet
  facet normal -0.0649964 -0.997886 0
    outer loop
      vertex 41.45 24.25 0
      vertex 41.5283 24.2449 2.2
      vertex 41.45 24.25 2.2
    endloop
  endfacet
  facet normal -0.0649964 -0.997886 -0
    outer loop
      vertex 41.5283 24.2449 2.2
      vertex 41.45 24.25 0
      vertex 41.5283 24.2449 0
    endloop
  endfacet
  facet normal 0.44211 -0.896961 0
    outer loop
      vertex 40.8 24.1696 0
      vertex 40.8704 24.2043 2.2
      vertex 40.8 24.1696 2.2
    endloop
  endfacet
  facet normal 0.44211 -0.896961 0
    outer loop
      vertex 40.8704 24.2043 2.2
      vertex 40.8 24.1696 0
      vertex 40.8704 24.2043 0
    endloop
  endfacet
  facet normal -0.896961 -0.44211 0
    outer loop
      vertex 42.0043 23.8796 0
      vertex 41.9696 23.95 2.2
      vertex 41.9696 23.95 0
    endloop
  endfacet
  facet normal -0.896961 -0.44211 0
    outer loop
      vertex 41.9696 23.95 2.2
      vertex 42.0043 23.8796 0
      vertex 42.0043 23.8796 2.2
    endloop
  endfacet
  facet normal 0.659046 0.752103 -0
    outer loop
      vertex 40.7347 10.374 0
      vertex 40.6757 10.4257 2.2
      vertex 40.7347 10.374 2.2
    endloop
  endfacet
  facet normal 0.659046 0.752103 0
    outer loop
      vertex 40.6757 10.4257 2.2
      vertex 40.7347 10.374 0
      vertex 40.6757 10.4257 0
    endloop
  endfacet
  facet normal 0.980825 -0.194891 0
    outer loop
      vertex 40.5051 23.7283 2.2
      vertex 40.5204 23.8053 0
      vertex 40.5204 23.8053 2.2
    endloop
  endfacet
  facet normal 0.980825 -0.194891 0
    outer loop
      vertex 40.5204 23.8053 0
      vertex 40.5051 23.7283 2.2
      vertex 40.5051 23.7283 0
    endloop
  endfacet
  facet normal 0.831658 0.555288 0
    outer loop
      vertex 40.624 10.4847 2.2
      vertex 40.5804 10.55 0
      vertex 40.5804 10.55 2.2
    endloop
  endfacet
  facet normal 0.831658 0.555288 0
    outer loop
      vertex 40.5804 10.55 0
      vertex 40.624 10.4847 2.2
      vertex 40.624 10.4847 0
    endloop
  endfacet
  facet normal 0.997886 -0.0649964 0
    outer loop
      vertex 40.5 23.65 2.2
      vertex 40.5051 23.7283 0
      vertex 40.5051 23.7283 2.2
    endloop
  endfacet
  facet normal 0.997886 -0.0649964 0
    outer loop
      vertex 40.5051 23.7283 0
      vertex 40.5 23.65 2.2
      vertex 40.5 23.65 0
    endloop
  endfacet
  facet normal 0.0649964 0.997886 -0
    outer loop
      vertex 41.1 10.25 0
      vertex 41.0217 10.2551 2.2
      vertex 41.1 10.25 2.2
    endloop
  endfacet
  facet normal 0.0649964 0.997886 0
    outer loop
      vertex 41.0217 10.2551 2.2
      vertex 41.1 10.25 0
      vertex 41.0217 10.2551 0
    endloop
  endfacet
  facet normal 1 0 0
    outer loop
      vertex 40.5 23.65 2.2
      vertex 40.5 15.5299 0.65
      vertex 40.5 23.65 0
    endloop
  endfacet
  facet normal 1 -0 0
    outer loop
      vertex 40.5 10.85 2.2
      vertex 40.5 15.5299 0.65
      vertex 40.5 23.65 2.2
    endloop
  endfacet
  facet normal 1 0 0
    outer loop
      vertex 40.5 15.5299 0.65
      vertex 40.5 10.85 2.2
      vertex 40.5 14.4841 0.65
    endloop
  endfacet
  facet normal 1 0 0
    outer loop
      vertex 40.5 10.85 0
      vertex 40.5 14.4841 0.65
      vertex 40.5 10.85 2.2
    endloop
  endfacet
  facet normal 1 0 0
    outer loop
      vertex 40.5 14.4841 0.65
      vertex 40.5 10.85 0
      vertex 40.5 14.4841 0
    endloop
  endfacet
  facet normal 1 0 0
    outer loop
      vertex 40.5 23.65 0
      vertex 40.5 15.5299 0.65
      vertex 40.5 15.5299 0
    endloop
  endfacet
  facet normal 0.0649964 -0.997886 0
    outer loop
      vertex 41.0217 24.2449 0
      vertex 41.1 24.25 2.2
      vertex 41.0217 24.2449 2.2
    endloop
  endfacet
  facet normal 0.0649964 -0.997886 0
    outer loop
      vertex 41.1 24.25 2.2
      vertex 41.0217 24.2449 0
      vertex 41.1 24.25 0
    endloop
  endfacet
  facet normal -0.896961 0.44211 0
    outer loop
      vertex 41.9696 10.55 0
      vertex 42.0043 10.6204 2.2
      vertex 42.0043 10.6204 0
    endloop
  endfacet
  facet normal -0.896961 0.44211 0
    outer loop
      vertex 42.0043 10.6204 2.2
      vertex 41.9696 10.55 0
      vertex 41.9696 10.55 2.2
    endloop
  endfacet
  facet normal -0.44211 0.896961 0
    outer loop
      vertex 41.75 10.3304 0
      vertex 41.6796 10.2957 2.2
      vertex 41.75 10.3304 2.2
    endloop
  endfacet
  facet normal -0.44211 0.896961 0
    outer loop
      vertex 41.6796 10.2957 2.2
      vertex 41.75 10.3304 0
      vertex 41.6796 10.2957 0
    endloop
  endfacet
  facet normal 0.194891 0.980825 -0
    outer loop
      vertex 41.0217 10.2551 0
      vertex 40.9447 10.2704 2.2
      vertex 41.0217 10.2551 2.2
    endloop
  endfacet
  facet normal 0.194891 0.980825 0
    outer loop
      vertex 40.9447 10.2704 2.2
      vertex 41.0217 10.2551 0
      vertex 40.9447 10.2704 0
    endloop
  endfacet
  facet normal -0.194891 0.980825 0
    outer loop
      vertex 41.6053 10.2704 0
      vertex 41.5283 10.2551 2.2
      vertex 41.6053 10.2704 2.2
    endloop
  endfacet
  facet normal -0.194891 0.980825 0
    outer loop
      vertex 41.5283 10.2551 2.2
      vertex 41.6053 10.2704 0
      vertex 41.5283 10.2551 0
    endloop
  endfacet
  facet normal -0.831658 0.555288 0
    outer loop
      vertex 41.926 10.4847 0
      vertex 41.9696 10.55 2.2
      vertex 41.9696 10.55 0
    endloop
  endfacet
  facet normal -0.831658 0.555288 0
    outer loop
      vertex 41.9696 10.55 2.2
      vertex 41.926 10.4847 0
      vertex 41.926 10.4847 2.2
    endloop
  endfacet
  facet normal 0.752103 -0.659046 0
    outer loop
      vertex 40.624 24.0153 2.2
      vertex 40.6757 24.0743 0
      vertex 40.6757 24.0743 2.2
    endloop
  endfacet
  facet normal 0.752103 -0.659046 0
    outer loop
      vertex 40.6757 24.0743 0
      vertex 40.624 24.0153 2.2
      vertex 40.624 24.0153 0
    endloop
  endfacet
  facet normal -0.322337 -0.946625 0
    outer loop
      vertex 41.6053 24.2296 0
      vertex 41.6796 24.2043 2.2
      vertex 41.6053 24.2296 2.2
    endloop
  endfacet
  facet normal -0.322337 -0.946625 -0
    outer loop
      vertex 41.6796 24.2043 2.2
      vertex 41.6053 24.2296 0
      vertex 41.6796 24.2043 0
    endloop
  endfacet
  facet normal -0.555288 -0.831658 0
    outer loop
      vertex 41.75 24.1696 0
      vertex 41.8153 24.126 2.2
      vertex 41.75 24.1696 2.2
    endloop
  endfacet
  facet normal -0.555288 -0.831658 -0
    outer loop
      vertex 41.8153 24.126 2.2
      vertex 41.75 24.1696 0
      vertex 41.8153 24.126 0
    endloop
  endfacet
  facet normal 0.946625 0.322337 0
    outer loop
      vertex 40.5457 10.6204 2.2
      vertex 40.5204 10.6947 0
      vertex 40.5204 10.6947 2.2
    endloop
  endfacet
  facet normal 0.946625 0.322337 0
    outer loop
      vertex 40.5204 10.6947 0
      vertex 40.5457 10.6204 2.2
      vertex 40.5457 10.6204 0
    endloop
  endfacet
  facet normal -0.194891 -0.980825 0
    outer loop
      vertex 41.5283 24.2449 0
      vertex 41.6053 24.2296 2.2
      vertex 41.5283 24.2449 2.2
    endloop
  endfacet
  facet normal -0.194891 -0.980825 -0
    outer loop
      vertex 41.6053 24.2296 2.2
      vertex 41.5283 24.2449 0
      vertex 41.6053 24.2296 0
    endloop
  endfacet
  facet normal -0.44211 -0.896961 0
    outer loop
      vertex 41.6796 24.2043 0
      vertex 41.75 24.1696 2.2
      vertex 41.6796 24.2043 2.2
    endloop
  endfacet
  facet normal -0.44211 -0.896961 -0
    outer loop
      vertex 41.75 24.1696 2.2
      vertex 41.6796 24.2043 0
      vertex 41.75 24.1696 0
    endloop
  endfacet
  facet normal -0.997886 -0.0649964 0
    outer loop
      vertex 42.05 23.65 0
      vertex 42.0449 23.7283 2.2
      vertex 42.0449 23.7283 0
    endloop
  endfacet
  facet normal -0.997886 -0.0649964 0
    outer loop
      vertex 42.0449 23.7283 2.2
      vertex 42.05 23.65 0
      vertex 42.05 23.65 2.2
    endloop
  endfacet
  facet normal -0.980825 -0.194891 0
    outer loop
      vertex 42.0449 23.7283 0
      vertex 42.0296 23.8053 2.2
      vertex 42.0296 23.8053 0
    endloop
  endfacet
  facet normal -0.980825 -0.194891 0
    outer loop
      vertex 42.0296 23.8053 2.2
      vertex 42.0449 23.7283 0
      vertex 42.0449 23.7283 2.2
    endloop
  endfacet
  facet normal 0.946625 -0.322337 0
    outer loop
      vertex 40.5204 23.8053 2.2
      vertex 40.5457 23.8796 0
      vertex 40.5457 23.8796 2.2
    endloop
  endfacet
  facet normal 0.946625 -0.322337 0
    outer loop
      vertex 40.5457 23.8796 0
      vertex 40.5204 23.8053 2.2
      vertex 40.5204 23.8053 0
    endloop
  endfacet
  facet normal -0.946625 -0.322337 0
    outer loop
      vertex 42.0296 23.8053 0
      vertex 42.0043 23.8796 2.2
      vertex 42.0043 23.8796 0
    endloop
  endfacet
  facet normal -0.946625 -0.322337 0
    outer loop
      vertex 42.0043 23.8796 2.2
      vertex 42.0296 23.8053 0
      vertex 42.0296 23.8053 2.2
    endloop
  endfacet
  facet normal 0.997886 0.0649964 0
    outer loop
      vertex 40.5051 10.7717 2.2
      vertex 40.5 10.85 0
      vertex 40.5 10.85 2.2
    endloop
  endfacet
  facet normal 0.997886 0.0649964 0
    outer loop
      vertex 40.5 10.85 0
      vertex 40.5051 10.7717 2.2
      vertex 40.5051 10.7717 0
    endloop
  endfacet
  facet normal -0.0649964 0.997886 0
    outer loop
      vertex 41.5283 10.2551 0
      vertex 41.45 10.25 2.2
      vertex 41.5283 10.2551 2.2
    endloop
  endfacet
  facet normal -0.0649964 0.997886 0
    outer loop
      vertex 41.45 10.25 2.2
      vertex 41.5283 10.2551 0
      vertex 41.45 10.25 0
    endloop
  endfacet
  facet normal -0.322337 0.946625 0
    outer loop
      vertex 41.6796 10.2957 0
      vertex 41.6053 10.2704 2.2
      vertex 41.6796 10.2957 2.2
    endloop
  endfacet
  facet normal -0.322337 0.946625 0
    outer loop
      vertex 41.6053 10.2704 2.2
      vertex 41.6796 10.2957 0
      vertex 41.6053 10.2704 0
    endloop
  endfacet
  facet normal -0.831658 -0.555288 0
    outer loop
      vertex 41.9696 23.95 0
      vertex 41.926 24.0153 2.2
      vertex 41.926 24.0153 0
    endloop
  endfacet
  facet normal -0.831658 -0.555288 0
    outer loop
      vertex 41.926 24.0153 2.2
      vertex 41.9696 23.95 0
      vertex 41.9696 23.95 2.2
    endloop
  endfacet
  facet normal 0.659046 -0.752103 0
    outer loop
      vertex 40.6757 24.0743 0
      vertex 40.7347 24.126 2.2
      vertex 40.6757 24.0743 2.2
    endloop
  endfacet
  facet normal 0.659046 -0.752103 0
    outer loop
      vertex 40.7347 24.126 2.2
      vertex 40.6757 24.0743 0
      vertex 40.7347 24.126 0
    endloop
  endfacet
  facet normal 0.555288 0.831658 -0
    outer loop
      vertex 40.8 10.3304 0
      vertex 40.7347 10.374 2.2
      vertex 40.8 10.3304 2.2
    endloop
  endfacet
  facet normal 0.555288 0.831658 0
    outer loop
      vertex 40.7347 10.374 2.2
      vertex 40.8 10.3304 0
      vertex 40.7347 10.374 0
    endloop
  endfacet
  facet normal 0.831658 -0.555288 0
    outer loop
      vertex 40.5804 23.95 2.2
      vertex 40.624 24.0153 0
      vertex 40.624 24.0153 2.2
    endloop
  endfacet
  facet normal 0.831658 -0.555288 0
    outer loop
      vertex 40.624 24.0153 0
      vertex 40.5804 23.95 2.2
      vertex 40.5804 23.95 0
    endloop
  endfacet
  facet normal -0.555288 0.831658 0
    outer loop
      vertex 41.8153 10.374 0
      vertex 41.75 10.3304 2.2
      vertex 41.8153 10.374 2.2
    endloop
  endfacet
  facet normal -0.555288 0.831658 0
    outer loop
      vertex 41.75 10.3304 2.2
      vertex 41.8153 10.374 0
      vertex 41.75 10.3304 0
    endloop
  endfacet
  facet normal -0.659046 0.752103 0
    outer loop
      vertex 41.8743 10.4257 0
      vertex 41.8153 10.374 2.2
      vertex 41.8743 10.4257 2.2
    endloop
  endfacet
  facet normal -0.659046 0.752103 0
    outer loop
      vertex 41.8153 10.374 2.2
      vertex 41.8743 10.4257 0
      vertex 41.8153 10.374 0
    endloop
  endfacet
  facet normal 0.896961 -0.44211 0
    outer loop
      vertex 40.5457 23.8796 2.2
      vertex 40.5804 23.95 0
      vertex 40.5804 23.95 2.2
    endloop
  endfacet
  facet normal 0.896961 -0.44211 0
    outer loop
      vertex 40.5804 23.95 0
      vertex 40.5457 23.8796 2.2
      vertex 40.5457 23.8796 0
    endloop
  endfacet
  facet normal 0.322337 0.946625 -0
    outer loop
      vertex 40.9447 10.2704 0
      vertex 40.8704 10.2957 2.2
      vertex 40.9447 10.2704 2.2
    endloop
  endfacet
  facet normal 0.322337 0.946625 0
    outer loop
      vertex 40.8704 10.2957 2.2
      vertex 40.9447 10.2704 0
      vertex 40.8704 10.2957 0
    endloop
  endfacet
  facet normal 0.44211 0.896961 -0
    outer loop
      vertex 40.8704 10.2957 0
      vertex 40.8 10.3304 2.2
      vertex 40.8704 10.2957 2.2
    endloop
  endfacet
  facet normal 0.44211 0.896961 0
    outer loop
      vertex 40.8 10.3304 2.2
      vertex 40.8704 10.2957 0
      vertex 40.8 10.3304 0
    endloop
  endfacet
  facet normal -0.752103 0.659046 0
    outer loop
      vertex 41.8743 10.4257 0
      vertex 41.926 10.4847 2.2
      vertex 41.926 10.4847 0
    endloop
  endfacet
  facet normal -0.752103 0.659046 0
    outer loop
      vertex 41.926 10.4847 2.2
      vertex 41.8743 10.4257 0
      vertex 41.8743 10.4257 2.2
    endloop
  endfacet
  facet normal 0 -1 0
    outer loop
      vertex 41.1 24.25 0
      vertex 41.45 24.25 2.2
      vertex 41.1 24.25 2.2
    endloop
  endfacet
  facet normal 0 -1 -0
    outer loop
      vertex 41.45 24.25 2.2
      vertex 41.1 24.25 0
      vertex 41.45 24.25 0
    endloop
  endfacet
  facet normal -0.980825 0.194891 0
    outer loop
      vertex 42.0296 10.6947 0
      vertex 42.0449 10.7717 2.2
      vertex 42.0449 10.7717 0
    endloop
  endfacet
  facet normal -0.980825 0.194891 0
    outer loop
      vertex 42.0449 10.7717 2.2
      vertex 42.0296 10.6947 0
      vertex 42.0296 10.6947 2.2
    endloop
  endfacet
  facet normal 0 1 -0
    outer loop
      vertex 41.45 10.25 0
      vertex 41.1 10.25 2.2
      vertex 41.45 10.25 2.2
    endloop
  endfacet
  facet normal 0 1 0
    outer loop
      vertex 41.1 10.25 2.2
      vertex 41.45 10.25 0
      vertex 41.1 10.25 0
    endloop
  endfacet
  facet normal -0.659046 -0.752103 0
    outer loop
      vertex 41.8153 24.126 0
      vertex 41.8743 24.0743 2.2
      vertex 41.8153 24.126 2.2
    endloop
  endfacet
  facet normal -0.659046 -0.752103 -0
    outer loop
      vertex 41.8743 24.0743 2.2
      vertex 41.8153 24.126 0
      vertex 41.8743 24.0743 0
    endloop
  endfacet
  facet normal 0.322337 -0.946625 0
    outer loop
      vertex 40.8704 24.2043 0
      vertex 40.9447 24.2296 2.2
      vertex 40.8704 24.2043 2.2
    endloop
  endfacet
  facet normal 0.322337 -0.946625 0
    outer loop
      vertex 40.9447 24.2296 2.2
      vertex 40.8704 24.2043 0
      vertex 40.9447 24.2296 0
    endloop
  endfacet
  facet normal 0.555288 -0.831658 0
    outer loop
      vertex 40.7347 24.126 0
      vertex 40.8 24.1696 2.2
      vertex 40.7347 24.126 2.2
    endloop
  endfacet
  facet normal 0.555288 -0.831658 0
    outer loop
      vertex 40.8 24.1696 2.2
      vertex 40.7347 24.126 0
      vertex 40.8 24.1696 0
    endloop
  endfacet
  facet normal -0.946625 0.322337 0
    outer loop
      vertex 42.0043 10.6204 0
      vertex 42.0296 10.6947 2.2
      vertex 42.0296 10.6947 0
    endloop
  endfacet
  facet normal -0.946625 0.322337 0
    outer loop
      vertex 42.0296 10.6947 2.2
      vertex 42.0043 10.6204 0
      vertex 42.0043 10.6204 2.2
    endloop
  endfacet
  facet normal -0.752103 -0.659046 0
    outer loop
      vertex 41.926 24.0153 0
      vertex 41.8743 24.0743 2.2
      vertex 41.8743 24.0743 0
    endloop
  endfacet
  facet normal -0.752103 -0.659046 0
    outer loop
      vertex 41.8743 24.0743 2.2
      vertex 41.926 24.0153 0
      vertex 41.926 24.0153 2.2
    endloop
  endfacet
  facet normal 0.980825 0.194891 0
    outer loop
      vertex 43.9204 10.6947 2.2
      vertex 43.9051 10.7717 0
      vertex 43.9051 10.7717 2.2
    endloop
  endfacet
  facet normal 0.980825 0.194891 0
    outer loop
      vertex 43.9051 10.7717 0
      vertex 43.9204 10.6947 2.2
      vertex 43.9204 10.6947 0
    endloop
  endfacet
  facet normal -0.997886 0.0649964 0
    outer loop
      vertex 45.4449 10.7717 0
      vertex 45.45 10.85 2.2
      vertex 45.45 10.85 0
    endloop
  endfacet
  facet normal -0.997886 0.0649964 0
    outer loop
      vertex 45.45 10.85 2.2
      vertex 45.4449 10.7717 0
      vertex 45.4449 10.7717 2.2
    endloop
  endfacet
  facet normal 0.896961 0.44211 0
    outer loop
      vertex 43.9804 10.55 2.2
      vertex 43.9457 10.6204 0
      vertex 43.9457 10.6204 2.2
    endloop
  endfacet
  facet normal 0.896961 0.44211 0
    outer loop
      vertex 43.9457 10.6204 0
      vertex 43.9804 10.55 2.2
      vertex 43.9804 10.55 0
    endloop
  endfacet
  facet normal -1 0 0
    outer loop
      vertex 45.45 14.5896 0
      vertex 45.45 10.85 0
      vertex 45.45 14.5896 0.65
    endloop
  endfacet
  facet normal -1 0 0
    outer loop
      vertex 45.45 16.7559 0.65
      vertex 45.45 23.65 0
      vertex 45.45 16.7559 0
    endloop
  endfacet
  facet normal -1 0 0
    outer loop
      vertex 45.45 23.65 0
      vertex 45.45 16.7559 0.65
      vertex 45.45 23.65 2.2
    endloop
  endfacet
  facet normal -1 0 0
    outer loop
      vertex 45.45 10.85 2.2
      vertex 45.45 16.7559 0.65
      vertex 45.45 14.5896 0.65
    endloop
  endfacet
  facet normal -1 0 0
    outer loop
      vertex 45.45 16.7559 0.65
      vertex 45.45 10.85 2.2
      vertex 45.45 23.65 2.2
    endloop
  endfacet
  facet normal -1 0 0
    outer loop
      vertex 45.45 10.85 2.2
      vertex 45.45 14.5896 0.65
      vertex 45.45 10.85 0
    endloop
  endfacet
  facet normal 0.194891 -0.980825 0
    outer loop
      vertex 44.3447 24.2296 0
      vertex 44.4217 24.2449 2.2
      vertex 44.3447 24.2296 2.2
    endloop
  endfacet
  facet normal 0.194891 -0.980825 0
    outer loop
      vertex 44.4217 24.2449 2.2
      vertex 44.3447 24.2296 0
      vertex 44.4217 24.2449 0
    endloop
  endfacet
  facet normal 0.752103 0.659046 0
    outer loop
      vertex 44.0757 10.4257 2.2
      vertex 44.024 10.4847 0
      vertex 44.024 10.4847 2.2
    endloop
  endfacet
  facet normal 0.752103 0.659046 0
    outer loop
      vertex 44.024 10.4847 0
      vertex 44.0757 10.4257 2.2
      vertex 44.0757 10.4257 0
    endloop
  endfacet
  facet normal -0.0649964 -0.997886 0
    outer loop
      vertex 44.85 24.25 0
      vertex 44.9283 24.2449 2.2
      vertex 44.85 24.25 2.2
    endloop
  endfacet
  facet normal -0.0649964 -0.997886 -0
    outer loop
      vertex 44.9283 24.2449 2.2
      vertex 44.85 24.25 0
      vertex 44.9283 24.2449 0
    endloop
  endfacet
  facet normal 0.44211 -0.896961 0
    outer loop
      vertex 44.2 24.1696 0
      vertex 44.2704 24.2043 2.2
      vertex 44.2 24.1696 2.2
    endloop
  endfacet
  facet normal 0.44211 -0.896961 0
    outer loop
      vertex 44.2704 24.2043 2.2
      vertex 44.2 24.1696 0
      vertex 44.2704 24.2043 0
    endloop
  endfacet
  facet normal -0.896961 -0.44211 0
    outer loop
      vertex 45.4043 23.8796 0
      vertex 45.3696 23.95 2.2
      vertex 45.3696 23.95 0
    endloop
  endfacet
  facet normal -0.896961 -0.44211 0
    outer loop
      vertex 45.3696 23.95 2.2
      vertex 45.4043 23.8796 0
      vertex 45.4043 23.8796 2.2
    endloop
  endfacet
  facet normal 0.659046 0.752103 -0
    outer loop
      vertex 44.1347 10.374 0
      vertex 44.0757 10.4257 2.2
      vertex 44.1347 10.374 2.2
    endloop
  endfacet
  facet normal 0.659046 0.752103 0
    outer loop
      vertex 44.0757 10.4257 2.2
      vertex 44.1347 10.374 0
      vertex 44.0757 10.4257 0
    endloop
  endfacet
  facet normal 0.980825 -0.194891 0
    outer loop
      vertex 43.9051 23.7283 2.2
      vertex 43.9204 23.8053 0
      vertex 43.9204 23.8053 2.2
    endloop
  endfacet
  facet normal 0.980825 -0.194891 0
    outer loop
      vertex 43.9204 23.8053 0
      vertex 43.9051 23.7283 2.2
      vertex 43.9051 23.7283 0
    endloop
  endfacet
  facet normal 0.831658 0.555288 0
    outer loop
      vertex 44.024 10.4847 2.2
      vertex 43.9804 10.55 0
      vertex 43.9804 10.55 2.2
    endloop
  endfacet
  facet normal 0.831658 0.555288 0
    outer loop
      vertex 43.9804 10.55 0
      vertex 44.024 10.4847 2.2
      vertex 44.024 10.4847 0
    endloop
  endfacet
  facet normal 0.997886 -0.0649964 0
    outer loop
      vertex 43.9 23.65 2.2
      vertex 43.9051 23.7283 0
      vertex 43.9051 23.7283 2.2
    endloop
  endfacet
  facet normal 0.997886 -0.0649964 0
    outer loop
      vertex 43.9051 23.7283 0
      vertex 43.9 23.65 2.2
      vertex 43.9 23.65 0
    endloop
  endfacet
  facet normal 0.0649964 0.997886 -0
    outer loop
      vertex 44.5 10.25 0
      vertex 44.4217 10.2551 2.2
      vertex 44.5 10.25 2.2
    endloop
  endfacet
  facet normal 0.0649964 0.997886 0
    outer loop
      vertex 44.4217 10.2551 2.2
      vertex 44.5 10.25 0
      vertex 44.4217 10.2551 0
    endloop
  endfacet
  facet normal 1 0 0
    outer loop
      vertex 43.9 23.65 2.2
      vertex 43.9 20.0511 0.65
      vertex 43.9 23.65 0
    endloop
  endfacet
  facet normal 1 0 0
    outer loop
      vertex 43.9 23.65 2.2
      vertex 43.9 14.5838 0.65
      vertex 43.9 20.0511 0.65
    endloop
  endfacet
  facet normal 1 -0 0
    outer loop
      vertex 43.9 10.85 2.2
      vertex 43.9 14.5838 0.65
      vertex 43.9 23.65 2.2
    endloop
  endfacet
  facet normal 1 0 0
    outer loop
      vertex 43.9 10.85 0
      vertex 43.9 14.5838 0.65
      vertex 43.9 10.85 2.2
    endloop
  endfacet
  facet normal 1 0 0
    outer loop
      vertex 43.9 14.5838 0.65
      vertex 43.9 10.85 0
      vertex 43.9 14.5838 0
    endloop
  endfacet
  facet normal 1 0 0
    outer loop
      vertex 43.9 23.65 0
      vertex 43.9 20.0511 0.65
      vertex 43.9 20.0511 0
    endloop
  endfacet
  facet normal 0.0649964 -0.997886 0
    outer loop
      vertex 44.4217 24.2449 0
      vertex 44.5 24.25 2.2
      vertex 44.4217 24.2449 2.2
    endloop
  endfacet
  facet normal 0.0649964 -0.997886 0
    outer loop
      vertex 44.5 24.25 2.2
      vertex 44.4217 24.2449 0
      vertex 44.5 24.25 0
    endloop
  endfacet
  facet normal -0.896961 0.44211 0
    outer loop
      vertex 45.3696 10.55 0
      vertex 45.4043 10.6204 2.2
      vertex 45.4043 10.6204 0
    endloop
  endfacet
  facet normal -0.896961 0.44211 0
    outer loop
      vertex 45.4043 10.6204 2.2
      vertex 45.3696 10.55 0
      vertex 45.3696 10.55 2.2
    endloop
  endfacet
  facet normal -0.44211 0.896961 0
    outer loop
      vertex 45.15 10.3304 0
      vertex 45.0796 10.2957 2.2
      vertex 45.15 10.3304 2.2
    endloop
  endfacet
  facet normal -0.44211 0.896961 0
    outer loop
      vertex 45.0796 10.2957 2.2
      vertex 45.15 10.3304 0
      vertex 45.0796 10.2957 0
    endloop
  endfacet
  facet normal 0.194891 0.980825 -0
    outer loop
      vertex 44.4217 10.2551 0
      vertex 44.3447 10.2704 2.2
      vertex 44.4217 10.2551 2.2
    endloop
  endfacet
  facet normal 0.194891 0.980825 0
    outer loop
      vertex 44.3447 10.2704 2.2
      vertex 44.4217 10.2551 0
      vertex 44.3447 10.2704 0
    endloop
  endfacet
  facet normal -0.194891 0.980825 0
    outer loop
      vertex 45.0053 10.2704 0
      vertex 44.9283 10.2551 2.2
      vertex 45.0053 10.2704 2.2
    endloop
  endfacet
  facet normal -0.194891 0.980825 0
    outer loop
      vertex 44.9283 10.2551 2.2
      vertex 45.0053 10.2704 0
      vertex 44.9283 10.2551 0
    endloop
  endfacet
  facet normal -0.831658 0.555288 0
    outer loop
      vertex 45.326 10.4847 0
      vertex 45.3696 10.55 2.2
      vertex 45.3696 10.55 0
    endloop
  endfacet
  facet normal -0.831658 0.555288 0
    outer loop
      vertex 45.3696 10.55 2.2
      vertex 45.326 10.4847 0
      vertex 45.326 10.4847 2.2
    endloop
  endfacet
  facet normal 0.752103 -0.659046 0
    outer loop
      vertex 44.024 24.0153 2.2
      vertex 44.0757 24.0743 0
      vertex 44.0757 24.0743 2.2
    endloop
  endfacet
  facet normal 0.752103 -0.659046 0
    outer loop
      vertex 44.0757 24.0743 0
      vertex 44.024 24.0153 2.2
      vertex 44.024 24.0153 0
    endloop
  endfacet
  facet normal -0.322337 -0.946625 0
    outer loop
      vertex 45.0053 24.2296 0
      vertex 45.0796 24.2043 2.2
      vertex 45.0053 24.2296 2.2
    endloop
  endfacet
  facet normal -0.322337 -0.946625 -0
    outer loop
      vertex 45.0796 24.2043 2.2
      vertex 45.0053 24.2296 0
      vertex 45.0796 24.2043 0
    endloop
  endfacet
  facet normal 0.946625 0.322337 0
    outer loop
      vertex 43.9457 10.6204 2.2
      vertex 43.9204 10.6947 0
      vertex 43.9204 10.6947 2.2
    endloop
  endfacet
  facet normal 0.946625 0.322337 0
    outer loop
      vertex 43.9204 10.6947 0
      vertex 43.9457 10.6204 2.2
      vertex 43.9457 10.6204 0
    endloop
  endfacet
  facet normal -0.194891 -0.980825 0
    outer loop
      vertex 44.9283 24.2449 0
      vertex 45.0053 24.2296 2.2
      vertex 44.9283 24.2449 2.2
    endloop
  endfacet
  facet normal -0.194891 -0.980825 -0
    outer loop
      vertex 45.0053 24.2296 2.2
      vertex 44.9283 24.2449 0
      vertex 45.0053 24.2296 0
    endloop
  endfacet
  facet normal -0.44211 -0.896961 0
    outer loop
      vertex 45.0796 24.2043 0
      vertex 45.15 24.1696 2.2
      vertex 45.0796 24.2043 2.2
    endloop
  endfacet
  facet normal -0.44211 -0.896961 -0
    outer loop
      vertex 45.15 24.1696 2.2
      vertex 45.0796 24.2043 0
      vertex 45.15 24.1696 0
    endloop
  endfacet
  facet normal -0.997886 -0.0649964 0
    outer loop
      vertex 45.45 23.65 0
      vertex 45.4449 23.7283 2.2
      vertex 45.4449 23.7283 0
    endloop
  endfacet
  facet normal -0.997886 -0.0649964 0
    outer loop
      vertex 45.4449 23.7283 2.2
      vertex 45.45 23.65 0
      vertex 45.45 23.65 2.2
    endloop
  endfacet
  facet normal -0.980825 -0.194891 0
    outer loop
      vertex 45.4449 23.7283 0
      vertex 45.4296 23.8053 2.2
      vertex 45.4296 23.8053 0
    endloop
  endfacet
  facet normal -0.980825 -0.194891 0
    outer loop
      vertex 45.4296 23.8053 2.2
      vertex 45.4449 23.7283 0
      vertex 45.4449 23.7283 2.2
    endloop
  endfacet
  facet normal 0.946625 -0.322337 0
    outer loop
      vertex 43.9204 23.8053 2.2
      vertex 43.9457 23.8796 0
      vertex 43.9457 23.8796 2.2
    endloop
  endfacet
  facet normal 0.946625 -0.322337 0
    outer loop
      vertex 43.9457 23.8796 0
      vertex 43.9204 23.8053 2.2
      vertex 43.9204 23.8053 0
    endloop
  endfacet
  facet normal -0.946625 -0.322337 0
    outer loop
      vertex 45.4296 23.8053 0
      vertex 45.4043 23.8796 2.2
      vertex 45.4043 23.8796 0
    endloop
  endfacet
  facet normal -0.946625 -0.322337 0
    outer loop
      vertex 45.4043 23.8796 2.2
      vertex 45.4296 23.8053 0
      vertex 45.4296 23.8053 2.2
    endloop
  endfacet
  facet normal 0.997886 0.0649964 0
    outer loop
      vertex 43.9051 10.7717 2.2
      vertex 43.9 10.85 0
      vertex 43.9 10.85 2.2
    endloop
  endfacet
  facet normal 0.997886 0.0649964 0
    outer loop
      vertex 43.9 10.85 0
      vertex 43.9051 10.7717 2.2
      vertex 43.9051 10.7717 0
    endloop
  endfacet
  facet normal -0.0649964 0.997886 0
    outer loop
      vertex 44.9283 10.2551 0
      vertex 44.85 10.25 2.2
      vertex 44.9283 10.2551 2.2
    endloop
  endfacet
  facet normal -0.0649964 0.997886 0
    outer loop
      vertex 44.85 10.25 2.2
      vertex 44.9283 10.2551 0
      vertex 44.85 10.25 0
    endloop
  endfacet
  facet normal -0.555288 -0.831658 0
    outer loop
      vertex 45.15 24.1696 0
      vertex 45.2153 24.126 2.2
      vertex 45.15 24.1696 2.2
    endloop
  endfacet
  facet normal -0.555288 -0.831658 -0
    outer loop
      vertex 45.2153 24.126 2.2
      vertex 45.15 24.1696 0
      vertex 45.2153 24.126 0
    endloop
  endfacet
  facet normal -0.322337 0.946625 0
    outer loop
      vertex 45.0796 10.2957 0
      vertex 45.0053 10.2704 2.2
      vertex 45.0796 10.2957 2.2
    endloop
  endfacet
  facet normal -0.322337 0.946625 0
    outer loop
      vertex 45.0053 10.2704 2.2
      vertex 45.0796 10.2957 0
      vertex 45.0053 10.2704 0
    endloop
  endfacet
  facet normal -0.831658 -0.555288 0
    outer loop
      vertex 45.3696 23.95 0
      vertex 45.326 24.0153 2.2
      vertex 45.326 24.0153 0
    endloop
  endfacet
  facet normal -0.831658 -0.555288 0
    outer loop
      vertex 45.326 24.0153 2.2
      vertex 45.3696 23.95 0
      vertex 45.3696 23.95 2.2
    endloop
  endfacet
  facet normal 0.659046 -0.752103 0
    outer loop
      vertex 44.0757 24.0743 0
      vertex 44.1347 24.126 2.2
      vertex 44.0757 24.0743 2.2
    endloop
  endfacet
  facet normal 0.659046 -0.752103 0
    outer loop
      vertex 44.1347 24.126 2.2
      vertex 44.0757 24.0743 0
      vertex 44.1347 24.126 0
    endloop
  endfacet
  facet normal 0.555288 0.831658 -0
    outer loop
      vertex 44.2 10.3304 0
      vertex 44.1347 10.374 2.2
      vertex 44.2 10.3304 2.2
    endloop
  endfacet
  facet normal 0.555288 0.831658 0
    outer loop
      vertex 44.1347 10.374 2.2
      vertex 44.2 10.3304 0
      vertex 44.1347 10.374 0
    endloop
  endfacet
  facet normal 0.831658 -0.555288 0
    outer loop
      vertex 43.9804 23.95 2.2
      vertex 44.024 24.0153 0
      vertex 44.024 24.0153 2.2
    endloop
  endfacet
  facet normal 0.831658 -0.555288 0
    outer loop
      vertex 44.024 24.0153 0
      vertex 43.9804 23.95 2.2
      vertex 43.9804 23.95 0
    endloop
  endfacet
  facet normal -0.555288 0.831658 0
    outer loop
      vertex 45.2153 10.374 0
      vertex 45.15 10.3304 2.2
      vertex 45.2153 10.374 2.2
    endloop
  endfacet
  facet normal -0.555288 0.831658 0
    outer loop
      vertex 45.15 10.3304 2.2
      vertex 45.2153 10.374 0
      vertex 45.15 10.3304 0
    endloop
  endfacet
  facet normal -0.659046 0.752103 0
    outer loop
      vertex 45.2743 10.4257 0
      vertex 45.2153 10.374 2.2
      vertex 45.2743 10.4257 2.2
    endloop
  endfacet
  facet normal -0.659046 0.752103 0
    outer loop
      vertex 45.2153 10.374 2.2
      vertex 45.2743 10.4257 0
      vertex 45.2153 10.374 0
    endloop
  endfacet
  facet normal 0.896961 -0.44211 0
    outer loop
      vertex 43.9457 23.8796 2.2
      vertex 43.9804 23.95 0
      vertex 43.9804 23.95 2.2
    endloop
  endfacet
  facet normal 0.896961 -0.44211 0
    outer loop
      vertex 43.9804 23.95 0
      vertex 43.9457 23.8796 2.2
      vertex 43.9457 23.8796 0
    endloop
  endfacet
  facet normal 0.322337 0.946625 -0
    outer loop
      vertex 44.3447 10.2704 0
      vertex 44.2704 10.2957 2.2
      vertex 44.3447 10.2704 2.2
    endloop
  endfacet
  facet normal 0.322337 0.946625 0
    outer loop
      vertex 44.2704 10.2957 2.2
      vertex 44.3447 10.2704 0
      vertex 44.2704 10.2957 0
    endloop
  endfacet
  facet normal 0.44211 0.896961 -0
    outer loop
      vertex 44.2704 10.2957 0
      vertex 44.2 10.3304 2.2
      vertex 44.2704 10.2957 2.2
    endloop
  endfacet
  facet normal 0.44211 0.896961 0
    outer loop
      vertex 44.2 10.3304 2.2
      vertex 44.2704 10.2957 0
      vertex 44.2 10.3304 0
    endloop
  endfacet
  facet normal -0.752103 0.659046 0
    outer loop
      vertex 45.2743 10.4257 0
      vertex 45.326 10.4847 2.2
      vertex 45.326 10.4847 0
    endloop
  endfacet
  facet normal -0.752103 0.659046 0
    outer loop
      vertex 45.326 10.4847 2.2
      vertex 45.2743 10.4257 0
      vertex 45.2743 10.4257 2.2
    endloop
  endfacet
  facet normal 0 -1 0
    outer loop
      vertex 44.5 24.25 0
      vertex 44.85 24.25 2.2
      vertex 44.5 24.25 2.2
    endloop
  endfacet
  facet normal 0 -1 -0
    outer loop
      vertex 44.85 24.25 2.2
      vertex 44.5 24.25 0
      vertex 44.85 24.25 0
    endloop
  endfacet
  facet normal -0.980825 0.194891 0
    outer loop
      vertex 45.4296 10.6947 0
      vertex 45.4449 10.7717 2.2
      vertex 45.4449 10.7717 0
    endloop
  endfacet
  facet normal -0.980825 0.194891 0
    outer loop
      vertex 45.4449 10.7717 2.2
      vertex 45.4296 10.6947 0
      vertex 45.4296 10.6947 2.2
    endloop
  endfacet
  facet normal 0 1 -0
    outer loop
      vertex 44.85 10.25 0
      vertex 44.5 10.25 2.2
      vertex 44.85 10.25 2.2
    endloop
  endfacet
  facet normal 0 1 0
    outer loop
      vertex 44.5 10.25 2.2
      vertex 44.85 10.25 0
      vertex 44.5 10.25 0
    endloop
  endfacet
  facet normal -0.659046 -0.752103 0
    outer loop
      vertex 45.2153 24.126 0
      vertex 45.2743 24.0743 2.2
      vertex 45.2153 24.126 2.2
    endloop
  endfacet
  facet normal -0.659046 -0.752103 -0
    outer loop
      vertex 45.2743 24.0743 2.2
      vertex 45.2153 24.126 0
      vertex 45.2743 24.0743 0
    endloop
  endfacet
  facet normal 0.322337 -0.946625 0
    outer loop
      vertex 44.2704 24.2043 0
      vertex 44.3447 24.2296 2.2
      vertex 44.2704 24.2043 2.2
    endloop
  endfacet
  facet normal 0.322337 -0.946625 0
    outer loop
      vertex 44.3447 24.2296 2.2
      vertex 44.2704 24.2043 0
      vertex 44.3447 24.2296 0
    endloop
  endfacet
  facet normal 0.555288 -0.831658 0
    outer loop
      vertex 44.1347 24.126 0
      vertex 44.2 24.1696 2.2
      vertex 44.1347 24.126 2.2
    endloop
  endfacet
  facet normal 0.555288 -0.831658 0
    outer loop
      vertex 44.2 24.1696 2.2
      vertex 44.1347 24.126 0
      vertex 44.2 24.1696 0
    endloop
  endfacet
  facet normal -0.946625 0.322337 0
    outer loop
      vertex 45.4043 10.6204 0
      vertex 45.4296 10.6947 2.2
      vertex 45.4296 10.6947 0
    endloop
  endfacet
  facet normal -0.946625 0.322337 0
    outer loop
      vertex 45.4296 10.6947 2.2
      vertex 45.4043 10.6204 0
      vertex 45.4043 10.6204 2.2
    endloop
  endfacet
  facet normal -0.752103 -0.659046 0
    outer loop
      vertex 45.326 24.0153 0
      vertex 45.2743 24.0743 2.2
      vertex 45.2743 24.0743 0
    endloop
  endfacet
  facet normal -0.752103 -0.659046 0
    outer loop
      vertex 45.2743 24.0743 2.2
      vertex 45.326 24.0153 0
      vertex 45.326 24.0153 2.2
    endloop
  endfacet
  facet normal 0.980825 0.194891 0
    outer loop
      vertex 47.3204 10.6947 2.2
      vertex 47.3051 10.7717 0
      vertex 47.3051 10.7717 2.2
    endloop
  endfacet
  facet normal 0.980825 0.194891 0
    outer loop
      vertex 47.3051 10.7717 0
      vertex 47.3204 10.6947 2.2
      vertex 47.3204 10.6947 0
    endloop
  endfacet
  facet normal -0.997886 0.0649964 0
    outer loop
      vertex 48.8449 10.7717 0
      vertex 48.85 10.85 2.2
      vertex 48.85 10.85 0
    endloop
  endfacet
  facet normal -0.997886 0.0649964 0
    outer loop
      vertex 48.85 10.85 2.2
      vertex 48.8449 10.7717 0
      vertex 48.8449 10.7717 2.2
    endloop
  endfacet
  facet normal 0.896961 0.44211 0
    outer loop
      vertex 47.3804 10.55 2.2
      vertex 47.3457 10.6204 0
      vertex 47.3457 10.6204 2.2
    endloop
  endfacet
  facet normal 0.896961 0.44211 0
    outer loop
      vertex 47.3457 10.6204 0
      vertex 47.3804 10.55 2.2
      vertex 47.3804 10.55 0
    endloop
  endfacet
  facet normal -1 0 0
    outer loop
      vertex 48.85 10.85 0
      vertex 48.85 23.65 2.2
      vertex 48.85 23.65 0
    endloop
  endfacet
  facet normal -1 -0 0
    outer loop
      vertex 48.85 23.65 2.2
      vertex 48.85 10.85 0
      vertex 48.85 10.85 2.2
    endloop
  endfacet
  facet normal 0.194891 -0.980825 0
    outer loop
      vertex 47.7447 24.2296 0
      vertex 47.8217 24.2449 2.2
      vertex 47.7447 24.2296 2.2
    endloop
  endfacet
  facet normal 0.194891 -0.980825 0
    outer loop
      vertex 47.8217 24.2449 2.2
      vertex 47.7447 24.2296 0
      vertex 47.8217 24.2449 0
    endloop
  endfacet
  facet normal 0.752103 0.659046 0
    outer loop
      vertex 47.4757 10.4257 2.2
      vertex 47.424 10.4847 0
      vertex 47.424 10.4847 2.2
    endloop
  endfacet
  facet normal 0.752103 0.659046 0
    outer loop
      vertex 47.424 10.4847 0
      vertex 47.4757 10.4257 2.2
      vertex 47.4757 10.4257 0
    endloop
  endfacet
  facet normal -0.0649964 -0.997886 0
    outer loop
      vertex 48.25 24.25 0
      vertex 48.3283 24.2449 2.2
      vertex 48.25 24.25 2.2
    endloop
  endfacet
  facet normal -0.0649964 -0.997886 -0
    outer loop
      vertex 48.3283 24.2449 2.2
      vertex 48.25 24.25 0
      vertex 48.3283 24.2449 0
    endloop
  endfacet
  facet normal 0.44211 -0.896961 0
    outer loop
      vertex 47.6 24.1696 0
      vertex 47.6704 24.2043 2.2
      vertex 47.6 24.1696 2.2
    endloop
  endfacet
  facet normal 0.44211 -0.896961 0
    outer loop
      vertex 47.6704 24.2043 2.2
      vertex 47.6 24.1696 0
      vertex 47.6704 24.2043 0
    endloop
  endfacet
  facet normal -0.896961 -0.44211 0
    outer loop
      vertex 48.8043 23.8796 0
      vertex 48.7696 23.95 2.2
      vertex 48.7696 23.95 0
    endloop
  endfacet
  facet normal -0.896961 -0.44211 0
    outer loop
      vertex 48.7696 23.95 2.2
      vertex 48.8043 23.8796 0
      vertex 48.8043 23.8796 2.2
    endloop
  endfacet
  facet normal 0.659046 0.752103 -0
    outer loop
      vertex 47.5347 10.374 0
      vertex 47.4757 10.4257 2.2
      vertex 47.5347 10.374 2.2
    endloop
  endfacet
  facet normal 0.659046 0.752103 0
    outer loop
      vertex 47.4757 10.4257 2.2
      vertex 47.5347 10.374 0
      vertex 47.4757 10.4257 0
    endloop
  endfacet
  facet normal 0.980825 -0.194891 0
    outer loop
      vertex 47.3051 23.7283 2.2
      vertex 47.3204 23.8053 0
      vertex 47.3204 23.8053 2.2
    endloop
  endfacet
  facet normal 0.980825 -0.194891 0
    outer loop
      vertex 47.3204 23.8053 0
      vertex 47.3051 23.7283 2.2
      vertex 47.3051 23.7283 0
    endloop
  endfacet
  facet normal 0.831658 0.555288 0
    outer loop
      vertex 47.424 10.4847 2.2
      vertex 47.3804 10.55 0
      vertex 47.3804 10.55 2.2
    endloop
  endfacet
  facet normal 0.831658 0.555288 0
    outer loop
      vertex 47.3804 10.55 0
      vertex 47.424 10.4847 2.2
      vertex 47.424 10.4847 0
    endloop
  endfacet
  facet normal 0.997886 -0.0649964 0
    outer loop
      vertex 47.3 23.65 2.2
      vertex 47.3051 23.7283 0
      vertex 47.3051 23.7283 2.2
    endloop
  endfacet
  facet normal 0.997886 -0.0649964 0
    outer loop
      vertex 47.3051 23.7283 0
      vertex 47.3 23.65 2.2
      vertex 47.3 23.65 0
    endloop
  endfacet
  facet normal 0.0649964 0.997886 -0
    outer loop
      vertex 47.9 10.25 0
      vertex 47.8217 10.2551 2.2
      vertex 47.9 10.25 2.2
    endloop
  endfacet
  facet normal 0.0649964 0.997886 0
    outer loop
      vertex 47.8217 10.2551 2.2
      vertex 47.9 10.25 0
      vertex 47.8217 10.2551 0
    endloop
  endfacet
  facet normal 1 0 0
    outer loop
      vertex 47.3 23.65 2.2
      vertex 47.3 20.0511 0.65
      vertex 47.3 23.65 0
    endloop
  endfacet
  facet normal 1 0 0
    outer loop
      vertex 47.3 23.65 2.2
      vertex 47.3 18.0785 0.65
      vertex 47.3 20.0511 0.65
    endloop
  endfacet
  facet normal 1 -0 0
    outer loop
      vertex 47.3 10.85 2.2
      vertex 47.3 18.0785 0.65
      vertex 47.3 23.65 2.2
    endloop
  endfacet
  facet normal 1 0 0
    outer loop
      vertex 47.3 10.85 0
      vertex 47.3 18.0785 0.65
      vertex 47.3 10.85 2.2
    endloop
  endfacet
  facet normal 1 0 0
    outer loop
      vertex 47.3 18.0785 0.65
      vertex 47.3 10.85 0
      vertex 47.3 18.0785 0
    endloop
  endfacet
  facet normal 1 0 0
    outer loop
      vertex 47.3 23.65 0
      vertex 47.3 20.0511 0.65
      vertex 47.3 20.0511 0
    endloop
  endfacet
  facet normal 0.0649964 -0.997886 0
    outer loop
      vertex 47.8217 24.2449 0
      vertex 47.9 24.25 2.2
      vertex 47.8217 24.2449 2.2
    endloop
  endfacet
  facet normal 0.0649964 -0.997886 0
    outer loop
      vertex 47.9 24.25 2.2
      vertex 47.8217 24.2449 0
      vertex 47.9 24.25 0
    endloop
  endfacet
  facet normal -0.896961 0.44211 0
    outer loop
      vertex 48.7696 10.55 0
      vertex 48.8043 10.6204 2.2
      vertex 48.8043 10.6204 0
    endloop
  endfacet
  facet normal -0.896961 0.44211 0
    outer loop
      vertex 48.8043 10.6204 2.2
      vertex 48.7696 10.55 0
      vertex 48.7696 10.55 2.2
    endloop
  endfacet
  facet normal -0.44211 0.896961 0
    outer loop
      vertex 48.55 10.3304 0
      vertex 48.4796 10.2957 2.2
      vertex 48.55 10.3304 2.2
    endloop
  endfacet
  facet normal -0.44211 0.896961 0
    outer loop
      vertex 48.4796 10.2957 2.2
      vertex 48.55 10.3304 0
      vertex 48.4796 10.2957 0
    endloop
  endfacet
  facet normal 0.194891 0.980825 -0
    outer loop
      vertex 47.8217 10.2551 0
      vertex 47.7447 10.2704 2.2
      vertex 47.8217 10.2551 2.2
    endloop
  endfacet
  facet normal 0.194891 0.980825 0
    outer loop
      vertex 47.7447 10.2704 2.2
      vertex 47.8217 10.2551 0
      vertex 47.7447 10.2704 0
    endloop
  endfacet
  facet normal -0.194891 0.980825 0
    outer loop
      vertex 48.4053 10.2704 0
      vertex 48.3283 10.2551 2.2
      vertex 48.4053 10.2704 2.2
    endloop
  endfacet
  facet normal -0.194891 0.980825 0
    outer loop
      vertex 48.3283 10.2551 2.2
      vertex 48.4053 10.2704 0
      vertex 48.3283 10.2551 0
    endloop
  endfacet
  facet normal -0.831658 0.555288 0
    outer loop
      vertex 48.726 10.4847 0
      vertex 48.7696 10.55 2.2
      vertex 48.7696 10.55 0
    endloop
  endfacet
  facet normal -0.831658 0.555288 0
    outer loop
      vertex 48.7696 10.55 2.2
      vertex 48.726 10.4847 0
      vertex 48.726 10.4847 2.2
    endloop
  endfacet
  facet normal 0.752103 -0.659046 0
    outer loop
      vertex 47.424 24.0153 2.2
      vertex 47.4757 24.0743 0
      vertex 47.4757 24.0743 2.2
    endloop
  endfacet
  facet normal 0.752103 -0.659046 0
    outer loop
      vertex 47.4757 24.0743 0
      vertex 47.424 24.0153 2.2
      vertex 47.424 24.0153 0
    endloop
  endfacet
  facet normal -0.322337 -0.946625 0
    outer loop
      vertex 48.4053 24.2296 0
      vertex 48.4796 24.2043 2.2
      vertex 48.4053 24.2296 2.2
    endloop
  endfacet
  facet normal -0.322337 -0.946625 -0
    outer loop
      vertex 48.4796 24.2043 2.2
      vertex 48.4053 24.2296 0
      vertex 48.4796 24.2043 0
    endloop
  endfacet
  facet normal -0.555288 -0.831658 0
    outer loop
      vertex 48.55 24.1696 0
      vertex 48.6153 24.126 2.2
      vertex 48.55 24.1696 2.2
    endloop
  endfacet
  facet normal -0.555288 -0.831658 -0
    outer loop
      vertex 48.6153 24.126 2.2
      vertex 48.55 24.1696 0
      vertex 48.6153 24.126 0
    endloop
  endfacet
  facet normal 0.946625 0.322337 0
    outer loop
      vertex 47.3457 10.6204 2.2
      vertex 47.3204 10.6947 0
      vertex 47.3204 10.6947 2.2
    endloop
  endfacet
  facet normal 0.946625 0.322337 0
    outer loop
      vertex 47.3204 10.6947 0
      vertex 47.3457 10.6204 2.2
      vertex 47.3457 10.6204 0
    endloop
  endfacet
  facet normal -0.194891 -0.980825 0
    outer loop
      vertex 48.3283 24.2449 0
      vertex 48.4053 24.2296 2.2
      vertex 48.3283 24.2449 2.2
    endloop
  endfacet
  facet normal -0.194891 -0.980825 -0
    outer loop
      vertex 48.4053 24.2296 2.2
      vertex 48.3283 24.2449 0
      vertex 48.4053 24.2296 0
    endloop
  endfacet
  facet normal -0.44211 -0.896961 0
    outer loop
      vertex 48.4796 24.2043 0
      vertex 48.55 24.1696 2.2
      vertex 48.4796 24.2043 2.2
    endloop
  endfacet
  facet normal -0.44211 -0.896961 -0
    outer loop
      vertex 48.55 24.1696 2.2
      vertex 48.4796 24.2043 0
      vertex 48.55 24.1696 0
    endloop
  endfacet
  facet normal -0.997886 -0.0649964 0
    outer loop
      vertex 48.85 23.65 0
      vertex 48.8449 23.7283 2.2
      vertex 48.8449 23.7283 0
    endloop
  endfacet
  facet normal -0.997886 -0.0649964 0
    outer loop
      vertex 48.8449 23.7283 2.2
      vertex 48.85 23.65 0
      vertex 48.85 23.65 2.2
    endloop
  endfacet
  facet normal -0.980825 -0.194891 0
    outer loop
      vertex 48.8449 23.7283 0
      vertex 48.8296 23.8053 2.2
      vertex 48.8296 23.8053 0
    endloop
  endfacet
  facet normal -0.980825 -0.194891 0
    outer loop
      vertex 48.8296 23.8053 2.2
      vertex 48.8449 23.7283 0
      vertex 48.8449 23.7283 2.2
    endloop
  endfacet
  facet normal 0.946625 -0.322337 0
    outer loop
      vertex 47.3204 23.8053 2.2
      vertex 47.3457 23.8796 0
      vertex 47.3457 23.8796 2.2
    endloop
  endfacet
  facet normal 0.946625 -0.322337 0
    outer loop
      vertex 47.3457 23.8796 0
      vertex 47.3204 23.8053 2.2
      vertex 47.3204 23.8053 0
    endloop
  endfacet
  facet normal -0.946625 -0.322337 0
    outer loop
      vertex 48.8296 23.8053 0
      vertex 48.8043 23.8796 2.2
      vertex 48.8043 23.8796 0
    endloop
  endfacet
  facet normal -0.946625 -0.322337 0
    outer loop
      vertex 48.8043 23.8796 2.2
      vertex 48.8296 23.8053 0
      vertex 48.8296 23.8053 2.2
    endloop
  endfacet
  facet normal 0.997886 0.0649964 0
    outer loop
      vertex 47.3051 10.7717 2.2
      vertex 47.3 10.85 0
      vertex 47.3 10.85 2.2
    endloop
  endfacet
  facet normal 0.997886 0.0649964 0
    outer loop
      vertex 47.3 10.85 0
      vertex 47.3051 10.7717 2.2
      vertex 47.3051 10.7717 0
    endloop
  endfacet
  facet normal -0.0649964 0.997886 0
    outer loop
      vertex 48.3283 10.2551 0
      vertex 48.25 10.25 2.2
      vertex 48.3283 10.2551 2.2
    endloop
  endfacet
  facet normal -0.0649964 0.997886 0
    outer loop
      vertex 48.25 10.25 2.2
      vertex 48.3283 10.2551 0
      vertex 48.25 10.25 0
    endloop
  endfacet
  facet normal -0.322337 0.946625 0
    outer loop
      vertex 48.4796 10.2957 0
      vertex 48.4053 10.2704 2.2
      vertex 48.4796 10.2957 2.2
    endloop
  endfacet
  facet normal -0.322337 0.946625 0
    outer loop
      vertex 48.4053 10.2704 2.2
      vertex 48.4796 10.2957 0
      vertex 48.4053 10.2704 0
    endloop
  endfacet
  facet normal -0.831658 -0.555288 0
    outer loop
      vertex 48.7696 23.95 0
      vertex 48.726 24.0153 2.2
      vertex 48.726 24.0153 0
    endloop
  endfacet
  facet normal -0.831658 -0.555288 0
    outer loop
      vertex 48.726 24.0153 2.2
      vertex 48.7696 23.95 0
      vertex 48.7696 23.95 2.2
    endloop
  endfacet
  facet normal 0.659046 -0.752103 0
    outer loop
      vertex 47.4757 24.0743 0
      vertex 47.5347 24.126 2.2
      vertex 47.4757 24.0743 2.2
    endloop
  endfacet
  facet normal 0.659046 -0.752103 0
    outer loop
      vertex 47.5347 24.126 2.2
      vertex 47.4757 24.0743 0
      vertex 47.5347 24.126 0
    endloop
  endfacet
  facet normal 0.555288 0.831658 -0
    outer loop
      vertex 47.6 10.3304 0
      vertex 47.5347 10.374 2.2
      vertex 47.6 10.3304 2.2
    endloop
  endfacet
  facet normal 0.555288 0.831658 0
    outer loop
      vertex 47.5347 10.374 2.2
      vertex 47.6 10.3304 0
      vertex 47.5347 10.374 0
    endloop
  endfacet
  facet normal 0.831658 -0.555288 0
    outer loop
      vertex 47.3804 23.95 2.2
      vertex 47.424 24.0153 0
      vertex 47.424 24.0153 2.2
    endloop
  endfacet
  facet normal 0.831658 -0.555288 0
    outer loop
      vertex 47.424 24.0153 0
      vertex 47.3804 23.95 2.2
      vertex 47.3804 23.95 0
    endloop
  endfacet
  facet normal -0.555288 0.831658 0
    outer loop
      vertex 48.6153 10.374 0
      vertex 48.55 10.3304 2.2
      vertex 48.6153 10.374 2.2
    endloop
  endfacet
  facet normal -0.555288 0.831658 0
    outer loop
      vertex 48.55 10.3304 2.2
      vertex 48.6153 10.374 0
      vertex 48.55 10.3304 0
    endloop
  endfacet
  facet normal -0.659046 0.752103 0
    outer loop
      vertex 48.6743 10.4257 0
      vertex 48.6153 10.374 2.2
      vertex 48.6743 10.4257 2.2
    endloop
  endfacet
  facet normal -0.659046 0.752103 0
    outer loop
      vertex 48.6153 10.374 2.2
      vertex 48.6743 10.4257 0
      vertex 48.6153 10.374 0
    endloop
  endfacet
  facet normal 0.896961 -0.44211 0
    outer loop
      vertex 47.3457 23.8796 2.2
      vertex 47.3804 23.95 0
      vertex 47.3804 23.95 2.2
    endloop
  endfacet
  facet normal 0.896961 -0.44211 0
    outer loop
      vertex 47.3804 23.95 0
      vertex 47.3457 23.8796 2.2
      vertex 47.3457 23.8796 0
    endloop
  endfacet
  facet normal 0.322337 0.946625 -0
    outer loop
      vertex 47.7447 10.2704 0
      vertex 47.6704 10.2957 2.2
      vertex 47.7447 10.2704 2.2
    endloop
  endfacet
  facet normal 0.322337 0.946625 0
    outer loop
      vertex 47.6704 10.2957 2.2
      vertex 47.7447 10.2704 0
      vertex 47.6704 10.2957 0
    endloop
  endfacet
  facet normal 0.44211 0.896961 -0
    outer loop
      vertex 47.6704 10.2957 0
      vertex 47.6 10.3304 2.2
      vertex 47.6704 10.2957 2.2
    endloop
  endfacet
  facet normal 0.44211 0.896961 0
    outer loop
      vertex 47.6 10.3304 2.2
      vertex 47.6704 10.2957 0
      vertex 47.6 10.3304 0
    endloop
  endfacet
  facet normal -0.752103 0.659046 0
    outer loop
      vertex 48.6743 10.4257 0
      vertex 48.726 10.4847 2.2
      vertex 48.726 10.4847 0
    endloop
  endfacet
  facet normal -0.752103 0.659046 0
    outer loop
      vertex 48.726 10.4847 2.2
      vertex 48.6743 10.4257 0
      vertex 48.6743 10.4257 2.2
    endloop
  endfacet
  facet normal 0 -1 0
    outer loop
      vertex 47.9 24.25 0
      vertex 48.25 24.25 2.2
      vertex 47.9 24.25 2.2
    endloop
  endfacet
  facet normal 0 -1 -0
    outer loop
      vertex 48.25 24.25 2.2
      vertex 47.9 24.25 0
      vertex 48.25 24.25 0
    endloop
  endfacet
  facet normal -0.980825 0.194891 0
    outer loop
      vertex 48.8296 10.6947 0
      vertex 48.8449 10.7717 2.2
      vertex 48.8449 10.7717 0
    endloop
  endfacet
  facet normal -0.980825 0.194891 0
    outer loop
      vertex 48.8449 10.7717 2.2
      vertex 48.8296 10.6947 0
      vertex 48.8296 10.6947 2.2
    endloop
  endfacet
  facet normal 0 1 -0
    outer loop
      vertex 48.25 10.25 0
      vertex 47.9 10.25 2.2
      vertex 48.25 10.25 2.2
    endloop
  endfacet
  facet normal 0 1 0
    outer loop
      vertex 47.9 10.25 2.2
      vertex 48.25 10.25 0
      vertex 47.9 10.25 0
    endloop
  endfacet
  facet normal -0.659046 -0.752103 0
    outer loop
      vertex 48.6153 24.126 0
      vertex 48.6743 24.0743 2.2
      vertex 48.6153 24.126 2.2
    endloop
  endfacet
  facet normal -0.659046 -0.752103 -0
    outer loop
      vertex 48.6743 24.0743 2.2
      vertex 48.6153 24.126 0
      vertex 48.6743 24.0743 0
    endloop
  endfacet
  facet normal 0.322337 -0.946625 0
    outer loop
      vertex 47.6704 24.2043 0
      vertex 47.7447 24.2296 2.2
      vertex 47.6704 24.2043 2.2
    endloop
  endfacet
  facet normal 0.322337 -0.946625 0
    outer loop
      vertex 47.7447 24.2296 2.2
      vertex 47.6704 24.2043 0
      vertex 47.7447 24.2296 0
    endloop
  endfacet
  facet normal 0.555288 -0.831658 0
    outer loop
      vertex 47.5347 24.126 0
      vertex 47.6 24.1696 2.2
      vertex 47.5347 24.126 2.2
    endloop
  endfacet
  facet normal 0.555288 -0.831658 0
    outer loop
      vertex 47.6 24.1696 2.2
      vertex 47.5347 24.126 0
      vertex 47.6 24.1696 0
    endloop
  endfacet
  facet normal -0.946625 0.322337 0
    outer loop
      vertex 48.8043 10.6204 0
      vertex 48.8296 10.6947 2.2
      vertex 48.8296 10.6947 0
    endloop
  endfacet
  facet normal -0.946625 0.322337 0
    outer loop
      vertex 48.8296 10.6947 2.2
      vertex 48.8043 10.6204 0
      vertex 48.8043 10.6204 2.2
    endloop
  endfacet
  facet normal -0.752103 -0.659046 0
    outer loop
      vertex 48.726 24.0153 0
      vertex 48.6743 24.0743 2.2
      vertex 48.6743 24.0743 0
    endloop
  endfacet
  facet normal -0.752103 -0.659046 0
    outer loop
      vertex 48.6743 24.0743 2.2
      vertex 48.726 24.0153 0
      vertex 48.726 24.0153 2.2
    endloop
  endfacet
  facet normal 0.980825 0.194891 0
    outer loop
      vertex 50.7204 10.6947 2.2
      vertex 50.7051 10.7717 0
      vertex 50.7051 10.7717 2.2
    endloop
  endfacet
  facet normal 0.980825 0.194891 0
    outer loop
      vertex 50.7051 10.7717 0
      vertex 50.7204 10.6947 2.2
      vertex 50.7204 10.6947 0
    endloop
  endfacet
  facet normal -0.997886 0.0649964 0
    outer loop
      vertex 52.2449 10.7717 0
      vertex 52.25 10.85 2.2
      vertex 52.25 10.85 0
    endloop
  endfacet
  facet normal -0.997886 0.0649964 0
    outer loop
      vertex 52.25 10.85 2.2
      vertex 52.2449 10.7717 0
      vertex 52.2449 10.7717 2.2
    endloop
  endfacet
  facet normal 0.896961 0.44211 0
    outer loop
      vertex 50.7804 10.55 2.2
      vertex 50.7457 10.6204 0
      vertex 50.7457 10.6204 2.2
    endloop
  endfacet
  facet normal 0.896961 0.44211 0
    outer loop
      vertex 50.7457 10.6204 0
      vertex 50.7804 10.55 2.2
      vertex 50.7804 10.55 0
    endloop
  endfacet
  facet normal -1 0 0
    outer loop
      vertex 52.25 14.5838 0
      vertex 52.25 10.85 0
      vertex 52.25 14.5838 0.65
    endloop
  endfacet
  facet normal -1 0 0
    outer loop
      vertex 52.25 18.4151 0.65
      vertex 52.25 23.65 0
      vertex 52.25 18.4151 0
    endloop
  endfacet
  facet normal -1 0 0
    outer loop
      vertex 52.25 23.65 0
      vertex 52.25 18.4151 0.65
      vertex 52.25 23.65 2.2
    endloop
  endfacet
  facet normal -1 0 0
    outer loop
      vertex 52.25 10.85 2.2
      vertex 52.25 18.4151 0.65
      vertex 52.25 14.5838 0.65
    endloop
  endfacet
  facet normal -1 0 0
    outer loop
      vertex 52.25 18.4151 0.65
      vertex 52.25 10.85 2.2
      vertex 52.25 23.65 2.2
    endloop
  endfacet
  facet normal -1 0 0
    outer loop
      vertex 52.25 10.85 2.2
      vertex 52.25 14.5838 0.65
      vertex 52.25 10.85 0
    endloop
  endfacet
  facet normal 0.194891 -0.980825 0
    outer loop
      vertex 51.1447 24.2296 0
      vertex 51.2217 24.2449 2.2
      vertex 51.1447 24.2296 2.2
    endloop
  endfacet
  facet normal 0.194891 -0.980825 0
    outer loop
      vertex 51.2217 24.2449 2.2
      vertex 51.1447 24.2296 0
      vertex 51.2217 24.2449 0
    endloop
  endfacet
  facet normal 0.752103 0.659046 0
    outer loop
      vertex 50.8757 10.4257 2.2
      vertex 50.824 10.4847 0
      vertex 50.824 10.4847 2.2
    endloop
  endfacet
  facet normal 0.752103 0.659046 0
    outer loop
      vertex 50.824 10.4847 0
      vertex 50.8757 10.4257 2.2
      vertex 50.8757 10.4257 0
    endloop
  endfacet
  facet normal -0.0649964 -0.997886 0
    outer loop
      vertex 51.65 24.25 0
      vertex 51.7283 24.2449 2.2
      vertex 51.65 24.25 2.2
    endloop
  endfacet
  facet normal -0.0649964 -0.997886 -0
    outer loop
      vertex 51.7283 24.2449 2.2
      vertex 51.65 24.25 0
      vertex 51.7283 24.2449 0
    endloop
  endfacet
  facet normal 0.44211 -0.896961 0
    outer loop
      vertex 51 24.1696 0
      vertex 51.0704 24.2043 2.2
      vertex 51 24.1696 2.2
    endloop
  endfacet
  facet normal 0.44211 -0.896961 0
    outer loop
      vertex 51.0704 24.2043 2.2
      vertex 51 24.1696 0
      vertex 51.0704 24.2043 0
    endloop
  endfacet
  facet normal -0.896961 -0.44211 0
    outer loop
      vertex 52.2043 23.8796 0
      vertex 52.1696 23.95 2.2
      vertex 52.1696 23.95 0
    endloop
  endfacet
  facet normal -0.896961 -0.44211 0
    outer loop
      vertex 52.1696 23.95 2.2
      vertex 52.2043 23.8796 0
      vertex 52.2043 23.8796 2.2
    endloop
  endfacet
  facet normal 0.659046 0.752103 -0
    outer loop
      vertex 50.9347 10.374 0
      vertex 50.8757 10.4257 2.2
      vertex 50.9347 10.374 2.2
    endloop
  endfacet
  facet normal 0.659046 0.752103 0
    outer loop
      vertex 50.8757 10.4257 2.2
      vertex 50.9347 10.374 0
      vertex 50.8757 10.4257 0
    endloop
  endfacet
  facet normal 0.980825 -0.194891 0
    outer loop
      vertex 50.7051 23.7283 2.2
      vertex 50.7204 23.8053 0
      vertex 50.7204 23.8053 2.2
    endloop
  endfacet
  facet normal 0.980825 -0.194891 0
    outer loop
      vertex 50.7204 23.8053 0
      vertex 50.7051 23.7283 2.2
      vertex 50.7051 23.7283 0
    endloop
  endfacet
  facet normal 0.831658 0.555288 0
    outer loop
      vertex 50.824 10.4847 2.2
      vertex 50.7804 10.55 0
      vertex 50.7804 10.55 2.2
    endloop
  endfacet
  facet normal 0.831658 0.555288 0
    outer loop
      vertex 50.7804 10.55 0
      vertex 50.824 10.4847 2.2
      vertex 50.824 10.4847 0
    endloop
  endfacet
  facet normal 0.997886 -0.0649964 0
    outer loop
      vertex 50.7 23.65 2.2
      vertex 50.7051 23.7283 0
      vertex 50.7051 23.7283 2.2
    endloop
  endfacet
  facet normal 0.997886 -0.0649964 0
    outer loop
      vertex 50.7051 23.7283 0
      vertex 50.7 23.65 2.2
      vertex 50.7 23.65 0
    endloop
  endfacet
  facet normal 0.0649964 0.997886 -0
    outer loop
      vertex 51.3 10.25 0
      vertex 51.2217 10.2551 2.2
      vertex 51.3 10.25 2.2
    endloop
  endfacet
  facet normal 0.0649964 0.997886 0
    outer loop
      vertex 51.2217 10.2551 2.2
      vertex 51.3 10.25 0
      vertex 51.2217 10.2551 0
    endloop
  endfacet
  facet normal 1 0 0
    outer loop
      vertex 50.7 23.65 2.2
      vertex 50.7 20.0511 0.65
      vertex 50.7 23.65 0
    endloop
  endfacet
  facet normal 1 0 0
    outer loop
      vertex 50.7 23.65 2.2
      vertex 50.7 17.8647 0.65
      vertex 50.7 20.0511 0.65
    endloop
  endfacet
  facet normal 1 -0 0
    outer loop
      vertex 50.7 10.85 2.2
      vertex 50.7 17.8647 0.65
      vertex 50.7 23.65 2.2
    endloop
  endfacet
  facet normal 1 0 0
    outer loop
      vertex 50.7 10.85 0
      vertex 50.7 17.8647 0.65
      vertex 50.7 10.85 2.2
    endloop
  endfacet
  facet normal 1 0 0
    outer loop
      vertex 50.7 17.8647 0.65
      vertex 50.7 10.85 0
      vertex 50.7 17.8647 0
    endloop
  endfacet
  facet normal 1 0 0
    outer loop
      vertex 50.7 23.65 0
      vertex 50.7 20.0511 0.65
      vertex 50.7 20.0511 0
    endloop
  endfacet
  facet normal 0.0649964 -0.997886 0
    outer loop
      vertex 51.2217 24.2449 0
      vertex 51.3 24.25 2.2
      vertex 51.2217 24.2449 2.2
    endloop
  endfacet
  facet normal 0.0649964 -0.997886 0
    outer loop
      vertex 51.3 24.25 2.2
      vertex 51.2217 24.2449 0
      vertex 51.3 24.25 0
    endloop
  endfacet
  facet normal -0.896961 0.44211 0
    outer loop
      vertex 52.1696 10.55 0
      vertex 52.2043 10.6204 2.2
      vertex 52.2043 10.6204 0
    endloop
  endfacet
  facet normal -0.896961 0.44211 0
    outer loop
      vertex 52.2043 10.6204 2.2
      vertex 52.1696 10.55 0
      vertex 52.1696 10.55 2.2
    endloop
  endfacet
  facet normal -0.44211 0.896961 0
    outer loop
      vertex 51.95 10.3304 0
      vertex 51.8796 10.2957 2.2
      vertex 51.95 10.3304 2.2
    endloop
  endfacet
  facet normal -0.44211 0.896961 0
    outer loop
      vertex 51.8796 10.2957 2.2
      vertex 51.95 10.3304 0
      vertex 51.8796 10.2957 0
    endloop
  endfacet
  facet normal 0.194891 0.980825 -0
    outer loop
      vertex 51.2217 10.2551 0
      vertex 51.1447 10.2704 2.2
      vertex 51.2217 10.2551 2.2
    endloop
  endfacet
  facet normal 0.194891 0.980825 0
    outer loop
      vertex 51.1447 10.2704 2.2
      vertex 51.2217 10.2551 0
      vertex 51.1447 10.2704 0
    endloop
  endfacet
  facet normal -0.194891 0.980825 0
    outer loop
      vertex 51.8053 10.2704 0
      vertex 51.7283 10.2551 2.2
      vertex 51.8053 10.2704 2.2
    endloop
  endfacet
  facet normal -0.194891 0.980825 0
    outer loop
      vertex 51.7283 10.2551 2.2
      vertex 51.8053 10.2704 0
      vertex 51.7283 10.2551 0
    endloop
  endfacet
  facet normal -0.831658 0.555288 0
    outer loop
      vertex 52.126 10.4847 0
      vertex 52.1696 10.55 2.2
      vertex 52.1696 10.55 0
    endloop
  endfacet
  facet normal -0.831658 0.555288 0
    outer loop
      vertex 52.1696 10.55 2.2
      vertex 52.126 10.4847 0
      vertex 52.126 10.4847 2.2
    endloop
  endfacet
  facet normal 0.752103 -0.659046 0
    outer loop
      vertex 50.824 24.0153 2.2
      vertex 50.8757 24.0743 0
      vertex 50.8757 24.0743 2.2
    endloop
  endfacet
  facet normal 0.752103 -0.659046 0
    outer loop
      vertex 50.8757 24.0743 0
      vertex 50.824 24.0153 2.2
      vertex 50.824 24.0153 0
    endloop
  endfacet
  facet normal -0.322337 -0.946625 0
    outer loop
      vertex 51.8053 24.2296 0
      vertex 51.8796 24.2043 2.2
      vertex 51.8053 24.2296 2.2
    endloop
  endfacet
  facet normal -0.322337 -0.946625 -0
    outer loop
      vertex 51.8796 24.2043 2.2
      vertex 51.8053 24.2296 0
      vertex 51.8796 24.2043 0
    endloop
  endfacet
  facet normal -0.555288 -0.831658 0
    outer loop
      vertex 51.95 24.1696 0
      vertex 52.0153 24.126 2.2
      vertex 51.95 24.1696 2.2
    endloop
  endfacet
  facet normal -0.555288 -0.831658 -0
    outer loop
      vertex 52.0153 24.126 2.2
      vertex 51.95 24.1696 0
      vertex 52.0153 24.126 0
    endloop
  endfacet
  facet normal 0.946625 0.322337 0
    outer loop
      vertex 50.7457 10.6204 2.2
      vertex 50.7204 10.6947 0
      vertex 50.7204 10.6947 2.2
    endloop
  endfacet
  facet normal 0.946625 0.322337 0
    outer loop
      vertex 50.7204 10.6947 0
      vertex 50.7457 10.6204 2.2
      vertex 50.7457 10.6204 0
    endloop
  endfacet
  facet normal -0.194891 -0.980825 0
    outer loop
      vertex 51.7283 24.2449 0
      vertex 51.8053 24.2296 2.2
      vertex 51.7283 24.2449 2.2
    endloop
  endfacet
  facet normal -0.194891 -0.980825 -0
    outer loop
      vertex 51.8053 24.2296 2.2
      vertex 51.7283 24.2449 0
      vertex 51.8053 24.2296 0
    endloop
  endfacet
  facet normal -0.44211 -0.896961 0
    outer loop
      vertex 51.8796 24.2043 0
      vertex 51.95 24.1696 2.2
      vertex 51.8796 24.2043 2.2
    endloop
  endfacet
  facet normal -0.44211 -0.896961 -0
    outer loop
      vertex 51.95 24.1696 2.2
      vertex 51.8796 24.2043 0
      vertex 51.95 24.1696 0
    endloop
  endfacet
  facet normal -0.997886 -0.0649964 0
    outer loop
      vertex 52.25 23.65 0
      vertex 52.2449 23.7283 2.2
      vertex 52.2449 23.7283 0
    endloop
  endfacet
  facet normal -0.997886 -0.0649964 0
    outer loop
      vertex 52.2449 23.7283 2.2
      vertex 52.25 23.65 0
      vertex 52.25 23.65 2.2
    endloop
  endfacet
  facet normal -0.980825 -0.194891 0
    outer loop
      vertex 52.2449 23.7283 0
      vertex 52.2296 23.8053 2.2
      vertex 52.2296 23.8053 0
    endloop
  endfacet
  facet normal -0.980825 -0.194891 0
    outer loop
      vertex 52.2296 23.8053 2.2
      vertex 52.2449 23.7283 0
      vertex 52.2449 23.7283 2.2
    endloop
  endfacet
  facet normal 0.946625 -0.322337 0
    outer loop
      vertex 50.7204 23.8053 2.2
      vertex 50.7457 23.8796 0
      vertex 50.7457 23.8796 2.2
    endloop
  endfacet
  facet normal 0.946625 -0.322337 0
    outer loop
      vertex 50.7457 23.8796 0
      vertex 50.7204 23.8053 2.2
      vertex 50.7204 23.8053 0
    endloop
  endfacet
  facet normal -0.946625 -0.322337 0
    outer loop
      vertex 52.2296 23.8053 0
      vertex 52.2043 23.8796 2.2
      vertex 52.2043 23.8796 0
    endloop
  endfacet
  facet normal -0.946625 -0.322337 0
    outer loop
      vertex 52.2043 23.8796 2.2
      vertex 52.2296 23.8053 0
      vertex 52.2296 23.8053 2.2
    endloop
  endfacet
  facet normal 0.997886 0.0649964 0
    outer loop
      vertex 50.7051 10.7717 2.2
      vertex 50.7 10.85 0
      vertex 50.7 10.85 2.2
    endloop
  endfacet
  facet normal 0.997886 0.0649964 0
    outer loop
      vertex 50.7 10.85 0
      vertex 50.7051 10.7717 2.2
      vertex 50.7051 10.7717 0
    endloop
  endfacet
  facet normal -0.0649964 0.997886 0
    outer loop
      vertex 51.7283 10.2551 0
      vertex 51.65 10.25 2.2
      vertex 51.7283 10.2551 2.2
    endloop
  endfacet
  facet normal -0.0649964 0.997886 0
    outer loop
      vertex 51.65 10.25 2.2
      vertex 51.7283 10.2551 0
      vertex 51.65 10.25 0
    endloop
  endfacet
  facet normal -0.322337 0.946625 0
    outer loop
      vertex 51.8796 10.2957 0
      vertex 51.8053 10.2704 2.2
      vertex 51.8796 10.2957 2.2
    endloop
  endfacet
  facet normal -0.322337 0.946625 0
    outer loop
      vertex 51.8053 10.2704 2.2
      vertex 51.8796 10.2957 0
      vertex 51.8053 10.2704 0
    endloop
  endfacet
  facet normal -0.831658 -0.555288 0
    outer loop
      vertex 52.1696 23.95 0
      vertex 52.126 24.0153 2.2
      vertex 52.126 24.0153 0
    endloop
  endfacet
  facet normal -0.831658 -0.555288 0
    outer loop
      vertex 52.126 24.0153 2.2
      vertex 52.1696 23.95 0
      vertex 52.1696 23.95 2.2
    endloop
  endfacet
  facet normal 0.659046 -0.752103 0
    outer loop
      vertex 50.8757 24.0743 0
      vertex 50.9347 24.126 2.2
      vertex 50.8757 24.0743 2.2
    endloop
  endfacet
  facet normal 0.659046 -0.752103 0
    outer loop
      vertex 50.9347 24.126 2.2
      vertex 50.8757 24.0743 0
      vertex 50.9347 24.126 0
    endloop
  endfacet
  facet normal 0.555288 0.831658 -0
    outer loop
      vertex 51 10.3304 0
      vertex 50.9347 10.374 2.2
      vertex 51 10.3304 2.2
    endloop
  endfacet
  facet normal 0.555288 0.831658 0
    outer loop
      vertex 50.9347 10.374 2.2
      vertex 51 10.3304 0
      vertex 50.9347 10.374 0
    endloop
  endfacet
  facet normal 0.831658 -0.555288 0
    outer loop
      vertex 50.7804 23.95 2.2
      vertex 50.824 24.0153 0
      vertex 50.824 24.0153 2.2
    endloop
  endfacet
  facet normal 0.831658 -0.555288 0
    outer loop
      vertex 50.824 24.0153 0
      vertex 50.7804 23.95 2.2
      vertex 50.7804 23.95 0
    endloop
  endfacet
  facet normal -0.555288 0.831658 0
    outer loop
      vertex 52.0153 10.374 0
      vertex 51.95 10.3304 2.2
      vertex 52.0153 10.374 2.2
    endloop
  endfacet
  facet normal -0.555288 0.831658 0
    outer loop
      vertex 51.95 10.3304 2.2
      vertex 52.0153 10.374 0
      vertex 51.95 10.3304 0
    endloop
  endfacet
  facet normal -0.659046 0.752103 0
    outer loop
      vertex 52.0743 10.4257 0
      vertex 52.0153 10.374 2.2
      vertex 52.0743 10.4257 2.2
    endloop
  endfacet
  facet normal -0.659046 0.752103 0
    outer loop
      vertex 52.0153 10.374 2.2
      vertex 52.0743 10.4257 0
      vertex 52.0153 10.374 0
    endloop
  endfacet
  facet normal 0.896961 -0.44211 0
    outer loop
      vertex 50.7457 23.8796 2.2
      vertex 50.7804 23.95 0
      vertex 50.7804 23.95 2.2
    endloop
  endfacet
  facet normal 0.896961 -0.44211 0
    outer loop
      vertex 50.7804 23.95 0
      vertex 50.7457 23.8796 2.2
      vertex 50.7457 23.8796 0
    endloop
  endfacet
  facet normal 0.322337 0.946625 -0
    outer loop
      vertex 51.1447 10.2704 0
      vertex 51.0704 10.2957 2.2
      vertex 51.1447 10.2704 2.2
    endloop
  endfacet
  facet normal 0.322337 0.946625 0
    outer loop
      vertex 51.0704 10.2957 2.2
      vertex 51.1447 10.2704 0
      vertex 51.0704 10.2957 0
    endloop
  endfacet
  facet normal 0.44211 0.896961 -0
    outer loop
      vertex 51.0704 10.2957 0
      vertex 51 10.3304 2.2
      vertex 51.0704 10.2957 2.2
    endloop
  endfacet
  facet normal 0.44211 0.896961 0
    outer loop
      vertex 51 10.3304 2.2
      vertex 51.0704 10.2957 0
      vertex 51 10.3304 0
    endloop
  endfacet
  facet normal -0.752103 0.659046 0
    outer loop
      vertex 52.0743 10.4257 0
      vertex 52.126 10.4847 2.2
      vertex 52.126 10.4847 0
    endloop
  endfacet
  facet normal -0.752103 0.659046 0
    outer loop
      vertex 52.126 10.4847 2.2
      vertex 52.0743 10.4257 0
      vertex 52.0743 10.4257 2.2
    endloop
  endfacet
  facet normal 0 -1 0
    outer loop
      vertex 51.3 24.25 0
      vertex 51.65 24.25 2.2
      vertex 51.3 24.25 2.2
    endloop
  endfacet
  facet normal 0 -1 -0
    outer loop
      vertex 51.65 24.25 2.2
      vertex 51.3 24.25 0
      vertex 51.65 24.25 0
    endloop
  endfacet
  facet normal -0.980825 0.194891 0
    outer loop
      vertex 52.2296 10.6947 0
      vertex 52.2449 10.7717 2.2
      vertex 52.2449 10.7717 0
    endloop
  endfacet
  facet normal -0.980825 0.194891 0
    outer loop
      vertex 52.2449 10.7717 2.2
      vertex 52.2296 10.6947 0
      vertex 52.2296 10.6947 2.2
    endloop
  endfacet
  facet normal 0 1 -0
    outer loop
      vertex 51.65 10.25 0
      vertex 51.3 10.25 2.2
      vertex 51.65 10.25 2.2
    endloop
  endfacet
  facet normal 0 1 0
    outer loop
      vertex 51.3 10.25 2.2
      vertex 51.65 10.25 0
      vertex 51.3 10.25 0
    endloop
  endfacet
  facet normal -0.659046 -0.752103 0
    outer loop
      vertex 52.0153 24.126 0
      vertex 52.0743 24.0743 2.2
      vertex 52.0153 24.126 2.2
    endloop
  endfacet
  facet normal -0.659046 -0.752103 -0
    outer loop
      vertex 52.0743 24.0743 2.2
      vertex 52.0153 24.126 0
      vertex 52.0743 24.0743 0
    endloop
  endfacet
  facet normal 0.322337 -0.946625 0
    outer loop
      vertex 51.0704 24.2043 0
      vertex 51.1447 24.2296 2.2
      vertex 51.0704 24.2043 2.2
    endloop
  endfacet
  facet normal 0.322337 -0.946625 0
    outer loop
      vertex 51.1447 24.2296 2.2
      vertex 51.0704 24.2043 0
      vertex 51.1447 24.2296 0
    endloop
  endfacet
  facet normal 0.555288 -0.831658 0
    outer loop
      vertex 50.9347 24.126 0
      vertex 51 24.1696 2.2
      vertex 50.9347 24.126 2.2
    endloop
  endfacet
  facet normal 0.555288 -0.831658 0
    outer loop
      vertex 51 24.1696 2.2
      vertex 50.9347 24.126 0
      vertex 51 24.1696 0
    endloop
  endfacet
  facet normal -0.946625 0.322337 0
    outer loop
      vertex 52.2043 10.6204 0
      vertex 52.2296 10.6947 2.2
      vertex 52.2296 10.6947 0
    endloop
  endfacet
  facet normal -0.946625 0.322337 0
    outer loop
      vertex 52.2296 10.6947 2.2
      vertex 52.2043 10.6204 0
      vertex 52.2043 10.6204 2.2
    endloop
  endfacet
  facet normal -0.752103 -0.659046 0
    outer loop
      vertex 52.126 24.0153 0
      vertex 52.0743 24.0743 2.2
      vertex 52.0743 24.0743 0
    endloop
  endfacet
  facet normal -0.752103 -0.659046 0
    outer loop
      vertex 52.0743 24.0743 2.2
      vertex 52.126 24.0153 0
      vertex 52.126 24.0153 2.2
    endloop
  endfacet
  facet normal 0.980825 0.194891 0
    outer loop
      vertex 54.1204 10.6947 2.2
      vertex 54.1051 10.7717 0
      vertex 54.1051 10.7717 2.2
    endloop
  endfacet
  facet normal 0.980825 0.194891 0
    outer loop
      vertex 54.1051 10.7717 0
      vertex 54.1204 10.6947 2.2
      vertex 54.1204 10.6947 0
    endloop
  endfacet
  facet normal -0.997886 0.0649964 0
    outer loop
      vertex 55.6449 10.7717 0
      vertex 55.65 10.85 2.2
      vertex 55.65 10.85 0
    endloop
  endfacet
  facet normal -0.997886 0.0649964 0
    outer loop
      vertex 55.65 10.85 2.2
      vertex 55.6449 10.7717 0
      vertex 55.6449 10.7717 2.2
    endloop
  endfacet
  facet normal 0.896961 0.44211 0
    outer loop
      vertex 54.1804 10.55 2.2
      vertex 54.1457 10.6204 0
      vertex 54.1457 10.6204 2.2
    endloop
  endfacet
  facet normal 0.896961 0.44211 0
    outer loop
      vertex 54.1457 10.6204 0
      vertex 54.1804 10.55 2.2
      vertex 54.1804 10.55 0
    endloop
  endfacet
  facet normal -1 0 0
    outer loop
      vertex 55.65 14.6583 0
      vertex 55.65 10.85 0
      vertex 55.65 14.6583 0.65
    endloop
  endfacet
  facet normal -1 0 0
    outer loop
      vertex 55.65 18.9129 0
      vertex 55.65 15.7151 0
      vertex 55.65 18.9129 0.65
    endloop
  endfacet
  facet normal -1 0 0
    outer loop
      vertex 55.65 19.9697 0.65
      vertex 55.65 23.65 0
      vertex 55.65 19.9697 0
    endloop
  endfacet
  facet normal -1 0 0
    outer loop
      vertex 55.65 23.65 0
      vertex 55.65 19.9697 0.65
      vertex 55.65 23.65 2.2
    endloop
  endfacet
  facet normal -1 0 0
    outer loop
      vertex 55.65 18.9129 0.65
      vertex 55.65 23.65 2.2
      vertex 55.65 19.9697 0.65
    endloop
  endfacet
  facet normal -1 0 0
    outer loop
      vertex 55.65 15.7151 0.65
      vertex 55.65 18.9129 0.65
      vertex 55.65 15.7151 0
    endloop
  endfacet
  facet normal -1 0 0
    outer loop
      vertex 55.65 18.9129 0.65
      vertex 55.65 15.7151 0.65
      vertex 55.65 23.65 2.2
    endloop
  endfacet
  facet normal -1 0 0
    outer loop
      vertex 55.65 10.85 2.2
      vertex 55.65 15.7151 0.65
      vertex 55.65 14.6583 0.65
    endloop
  endfacet
  facet normal -1 0 0
    outer loop
      vertex 55.65 10.85 2.2
      vertex 55.65 14.6583 0.65
      vertex 55.65 10.85 0
    endloop
  endfacet
  facet normal -1 0 0
    outer loop
      vertex 55.65 15.7151 0.65
      vertex 55.65 10.85 2.2
      vertex 55.65 23.65 2.2
    endloop
  endfacet
  facet normal 0.194891 -0.980825 0
    outer loop
      vertex 54.5447 24.2296 0
      vertex 54.6217 24.2449 2.2
      vertex 54.5447 24.2296 2.2
    endloop
  endfacet
  facet normal 0.194891 -0.980825 0
    outer loop
      vertex 54.6217 24.2449 2.2
      vertex 54.5447 24.2296 0
      vertex 54.6217 24.2449 0
    endloop
  endfacet
  facet normal 0.752103 0.659046 0
    outer loop
      vertex 54.2757 10.4257 2.2
      vertex 54.224 10.4847 0
      vertex 54.224 10.4847 2.2
    endloop
  endfacet
  facet normal 0.752103 0.659046 0
    outer loop
      vertex 54.224 10.4847 0
      vertex 54.2757 10.4257 2.2
      vertex 54.2757 10.4257 0
    endloop
  endfacet
  facet normal -0.0649964 -0.997886 0
    outer loop
      vertex 55.05 24.25 0
      vertex 55.1283 24.2449 2.2
      vertex 55.05 24.25 2.2
    endloop
  endfacet
  facet normal -0.0649964 -0.997886 -0
    outer loop
      vertex 55.1283 24.2449 2.2
      vertex 55.05 24.25 0
      vertex 55.1283 24.2449 0
    endloop
  endfacet
  facet normal 0.44211 -0.896961 0
    outer loop
      vertex 54.4 24.1696 0
      vertex 54.4704 24.2043 2.2
      vertex 54.4 24.1696 2.2
    endloop
  endfacet
  facet normal 0.44211 -0.896961 0
    outer loop
      vertex 54.4704 24.2043 2.2
      vertex 54.4 24.1696 0
      vertex 54.4704 24.2043 0
    endloop
  endfacet
  facet normal -0.896961 -0.44211 0
    outer loop
      vertex 55.6043 23.8796 0
      vertex 55.5696 23.95 2.2
      vertex 55.5696 23.95 0
    endloop
  endfacet
  facet normal -0.896961 -0.44211 0
    outer loop
      vertex 55.5696 23.95 2.2
      vertex 55.6043 23.8796 0
      vertex 55.6043 23.8796 2.2
    endloop
  endfacet
  facet normal 0.659046 0.752103 -0
    outer loop
      vertex 54.3347 10.374 0
      vertex 54.2757 10.4257 2.2
      vertex 54.3347 10.374 2.2
    endloop
  endfacet
  facet normal 0.659046 0.752103 0
    outer loop
      vertex 54.2757 10.4257 2.2
      vertex 54.3347 10.374 0
      vertex 54.2757 10.4257 0
    endloop
  endfacet
  facet normal 0.980825 -0.194891 0
    outer loop
      vertex 54.1051 23.7283 2.2
      vertex 54.1204 23.8053 0
      vertex 54.1204 23.8053 2.2
    endloop
  endfacet
  facet normal 0.980825 -0.194891 0
    outer loop
      vertex 54.1204 23.8053 0
      vertex 54.1051 23.7283 2.2
      vertex 54.1051 23.7283 0
    endloop
  endfacet
  facet normal 0.831658 0.555288 0
    outer loop
      vertex 54.224 10.4847 2.2
      vertex 54.1804 10.55 0
      vertex 54.1804 10.55 2.2
    endloop
  endfacet
  facet normal 0.831658 0.555288 0
    outer loop
      vertex 54.1804 10.55 0
      vertex 54.224 10.4847 2.2
      vertex 54.224 10.4847 0
    endloop
  endfacet
  facet normal 0.997886 -0.0649964 0
    outer loop
      vertex 54.1 23.65 2.2
      vertex 54.1051 23.7283 0
      vertex 54.1051 23.7283 2.2
    endloop
  endfacet
  facet normal 0.997886 -0.0649964 0
    outer loop
      vertex 54.1051 23.7283 0
      vertex 54.1 23.65 2.2
      vertex 54.1 23.65 0
    endloop
  endfacet
  facet normal 0.0649964 0.997886 -0
    outer loop
      vertex 54.7 10.25 0
      vertex 54.6217 10.2551 2.2
      vertex 54.7 10.25 2.2
    endloop
  endfacet
  facet normal 0.0649964 0.997886 0
    outer loop
      vertex 54.6217 10.2551 2.2
      vertex 54.7 10.25 0
      vertex 54.6217 10.2551 0
    endloop
  endfacet
  facet normal 1 0 0
    outer loop
      vertex 54.1 23.65 2.2
      vertex 54.1 20.0511 0.65
      vertex 54.1 23.65 0
    endloop
  endfacet
  facet normal 1 0 0
    outer loop
      vertex 54.1 23.65 2.2
      vertex 54.1 18.9318 0.65
      vertex 54.1 20.0511 0.65
    endloop
  endfacet
  facet normal 1 -0 0
    outer loop
      vertex 54.1 10.85 2.2
      vertex 54.1 18.9318 0.65
      vertex 54.1 23.65 2.2
    endloop
  endfacet
  facet normal 1 0 0
    outer loop
      vertex 54.1 10.85 0
      vertex 54.1 18.9318 0.65
      vertex 54.1 10.85 2.2
    endloop
  endfacet
  facet normal 1 0 0
    outer loop
      vertex 54.1 18.9318 0.65
      vertex 54.1 10.85 0
      vertex 54.1 18.9318 0
    endloop
  endfacet
  facet normal 1 0 0
    outer loop
      vertex 54.1 23.65 0
      vertex 54.1 20.0511 0.65
      vertex 54.1 20.0511 0
    endloop
  endfacet
  facet normal 0.0649964 -0.997886 0
    outer loop
      vertex 54.6217 24.2449 0
      vertex 54.7 24.25 2.2
      vertex 54.6217 24.2449 2.2
    endloop
  endfacet
  facet normal 0.0649964 -0.997886 0
    outer loop
      vertex 54.7 24.25 2.2
      vertex 54.6217 24.2449 0
      vertex 54.7 24.25 0
    endloop
  endfacet
  facet normal -0.896961 0.44211 0
    outer loop
      vertex 55.5696 10.55 0
      vertex 55.6043 10.6204 2.2
      vertex 55.6043 10.6204 0
    endloop
  endfacet
  facet normal -0.896961 0.44211 0
    outer loop
      vertex 55.6043 10.6204 2.2
      vertex 55.5696 10.55 0
      vertex 55.5696 10.55 2.2
    endloop
  endfacet
  facet normal -0.44211 0.896961 0
    outer loop
      vertex 55.35 10.3304 0
      vertex 55.2796 10.2957 2.2
      vertex 55.35 10.3304 2.2
    endloop
  endfacet
  facet normal -0.44211 0.896961 0
    outer loop
      vertex 55.2796 10.2957 2.2
      vertex 55.35 10.3304 0
      vertex 55.2796 10.2957 0
    endloop
  endfacet
  facet normal 0.194891 0.980825 -0
    outer loop
      vertex 54.6217 10.2551 0
      vertex 54.5447 10.2704 2.2
      vertex 54.6217 10.2551 2.2
    endloop
  endfacet
  facet normal 0.194891 0.980825 0
    outer loop
      vertex 54.5447 10.2704 2.2
      vertex 54.6217 10.2551 0
      vertex 54.5447 10.2704 0
    endloop
  endfacet
  facet normal -0.194891 0.980825 0
    outer loop
      vertex 55.2053 10.2704 0
      vertex 55.1283 10.2551 2.2
      vertex 55.2053 10.2704 2.2
    endloop
  endfacet
  facet normal -0.194891 0.980825 0
    outer loop
      vertex 55.1283 10.2551 2.2
      vertex 55.2053 10.2704 0
      vertex 55.1283 10.2551 0
    endloop
  endfacet
  facet normal -0.831658 0.555288 0
    outer loop
      vertex 55.526 10.4847 0
      vertex 55.5696 10.55 2.2
      vertex 55.5696 10.55 0
    endloop
  endfacet
  facet normal -0.831658 0.555288 0
    outer loop
      vertex 55.5696 10.55 2.2
      vertex 55.526 10.4847 0
      vertex 55.526 10.4847 2.2
    endloop
  endfacet
  facet normal 0.752103 -0.659046 0
    outer loop
      vertex 54.224 24.0153 2.2
      vertex 54.2757 24.0743 0
      vertex 54.2757 24.0743 2.2
    endloop
  endfacet
  facet normal 0.752103 -0.659046 0
    outer loop
      vertex 54.2757 24.0743 0
      vertex 54.224 24.0153 2.2
      vertex 54.224 24.0153 0
    endloop
  endfacet
  facet normal -0.322337 -0.946625 0
    outer loop
      vertex 55.2053 24.2296 0
      vertex 55.2796 24.2043 2.2
      vertex 55.2053 24.2296 2.2
    endloop
  endfacet
  facet normal -0.322337 -0.946625 -0
    outer loop
      vertex 55.2796 24.2043 2.2
      vertex 55.2053 24.2296 0
      vertex 55.2796 24.2043 0
    endloop
  endfacet
  facet normal 0.946625 0.322337 0
    outer loop
      vertex 54.1457 10.6204 2.2
      vertex 54.1204 10.6947 0
      vertex 54.1204 10.6947 2.2
    endloop
  endfacet
  facet normal 0.946625 0.322337 0
    outer loop
      vertex 54.1204 10.6947 0
      vertex 54.1457 10.6204 2.2
      vertex 54.1457 10.6204 0
    endloop
  endfacet
  facet normal -0.194891 -0.980825 0
    outer loop
      vertex 55.1283 24.2449 0
      vertex 55.2053 24.2296 2.2
      vertex 55.1283 24.2449 2.2
    endloop
  endfacet
  facet normal -0.194891 -0.980825 -0
    outer loop
      vertex 55.2053 24.2296 2.2
      vertex 55.1283 24.2449 0
      vertex 55.2053 24.2296 0
    endloop
  endfacet
  facet normal -0.44211 -0.896961 0
    outer loop
      vertex 55.2796 24.2043 0
      vertex 55.35 24.1696 2.2
      vertex 55.2796 24.2043 2.2
    endloop
  endfacet
  facet normal -0.44211 -0.896961 -0
    outer loop
      vertex 55.35 24.1696 2.2
      vertex 55.2796 24.2043 0
      vertex 55.35 24.1696 0
    endloop
  endfacet
  facet normal -0.997886 -0.0649964 0
    outer loop
      vertex 55.65 23.65 0
      vertex 55.6449 23.7283 2.2
      vertex 55.6449 23.7283 0
    endloop
  endfacet
  facet normal -0.997886 -0.0649964 0
    outer loop
      vertex 55.6449 23.7283 2.2
      vertex 55.65 23.65 0
      vertex 55.65 23.65 2.2
    endloop
  endfacet
  facet normal -0.980825 -0.194891 0
    outer loop
      vertex 55.6449 23.7283 0
      vertex 55.6296 23.8053 2.2
      vertex 55.6296 23.8053 0
    endloop
  endfacet
  facet normal -0.980825 -0.194891 0
    outer loop
      vertex 55.6296 23.8053 2.2
      vertex 55.6449 23.7283 0
      vertex 55.6449 23.7283 2.2
    endloop
  endfacet
  facet normal 0.946625 -0.322337 0
    outer loop
      vertex 54.1204 23.8053 2.2
      vertex 54.1457 23.8796 0
      vertex 54.1457 23.8796 2.2
    endloop
  endfacet
  facet normal 0.946625 -0.322337 0
    outer loop
      vertex 54.1457 23.8796 0
      vertex 54.1204 23.8053 2.2
      vertex 54.1204 23.8053 0
    endloop
  endfacet
  facet normal -0.946625 -0.322337 0
    outer loop
      vertex 55.6296 23.8053 0
      vertex 55.6043 23.8796 2.2
      vertex 55.6043 23.8796 0
    endloop
  endfacet
  facet normal -0.946625 -0.322337 0
    outer loop
      vertex 55.6043 23.8796 2.2
      vertex 55.6296 23.8053 0
      vertex 55.6296 23.8053 2.2
    endloop
  endfacet
  facet normal 0.997886 0.0649964 0
    outer loop
      vertex 54.1051 10.7717 2.2
      vertex 54.1 10.85 0
      vertex 54.1 10.85 2.2
    endloop
  endfacet
  facet normal 0.997886 0.0649964 0
    outer loop
      vertex 54.1 10.85 0
      vertex 54.1051 10.7717 2.2
      vertex 54.1051 10.7717 0
    endloop
  endfacet
  facet normal -0.0649964 0.997886 0
    outer loop
      vertex 55.1283 10.2551 0
      vertex 55.05 10.25 2.2
      vertex 55.1283 10.2551 2.2
    endloop
  endfacet
  facet normal -0.0649964 0.997886 0
    outer loop
      vertex 55.05 10.25 2.2
      vertex 55.1283 10.2551 0
      vertex 55.05 10.25 0
    endloop
  endfacet
  facet normal -0.555288 -0.831658 0
    outer loop
      vertex 55.35 24.1696 0
      vertex 55.4153 24.126 2.2
      vertex 55.35 24.1696 2.2
    endloop
  endfacet
  facet normal -0.555288 -0.831658 -0
    outer loop
      vertex 55.4153 24.126 2.2
      vertex 55.35 24.1696 0
      vertex 55.4153 24.126 0
    endloop
  endfacet
  facet normal -0.322337 0.946625 0
    outer loop
      vertex 55.2796 10.2957 0
      vertex 55.2053 10.2704 2.2
      vertex 55.2796 10.2957 2.2
    endloop
  endfacet
  facet normal -0.322337 0.946625 0
    outer loop
      vertex 55.2053 10.2704 2.2
      vertex 55.2796 10.2957 0
      vertex 55.2053 10.2704 0
    endloop
  endfacet
  facet normal -0.831658 -0.555288 0
    outer loop
      vertex 55.5696 23.95 0
      vertex 55.526 24.0153 2.2
      vertex 55.526 24.0153 0
    endloop
  endfacet
  facet normal -0.831658 -0.555288 0
    outer loop
      vertex 55.526 24.0153 2.2
      vertex 55.5696 23.95 0
      vertex 55.5696 23.95 2.2
    endloop
  endfacet
  facet normal 0.659046 -0.752103 0
    outer loop
      vertex 54.2757 24.0743 0
      vertex 54.3347 24.126 2.2
      vertex 54.2757 24.0743 2.2
    endloop
  endfacet
  facet normal 0.659046 -0.752103 0
    outer loop
      vertex 54.3347 24.126 2.2
      vertex 54.2757 24.0743 0
      vertex 54.3347 24.126 0
    endloop
  endfacet
  facet normal 0.555288 0.831658 -0
    outer loop
      vertex 54.4 10.3304 0
      vertex 54.3347 10.374 2.2
      vertex 54.4 10.3304 2.2
    endloop
  endfacet
  facet normal 0.555288 0.831658 0
    outer loop
      vertex 54.3347 10.374 2.2
      vertex 54.4 10.3304 0
      vertex 54.3347 10.374 0
    endloop
  endfacet
  facet normal 0.831658 -0.555288 0
    outer loop
      vertex 54.1804 23.95 2.2
      vertex 54.224 24.0153 0
      vertex 54.224 24.0153 2.2
    endloop
  endfacet
  facet normal 0.831658 -0.555288 0
    outer loop
      vertex 54.224 24.0153 0
      vertex 54.1804 23.95 2.2
      vertex 54.1804 23.95 0
    endloop
  endfacet
  facet normal -0.555288 0.831658 0
    outer loop
      vertex 55.4153 10.374 0
      vertex 55.35 10.3304 2.2
      vertex 55.4153 10.374 2.2
    endloop
  endfacet
  facet normal -0.555288 0.831658 0
    outer loop
      vertex 55.35 10.3304 2.2
      vertex 55.4153 10.374 0
      vertex 55.35 10.3304 0
    endloop
  endfacet
  facet normal -0.659046 0.752103 0
    outer loop
      vertex 55.4743 10.4257 0
      vertex 55.4153 10.374 2.2
      vertex 55.4743 10.4257 2.2
    endloop
  endfacet
  facet normal -0.659046 0.752103 0
    outer loop
      vertex 55.4153 10.374 2.2
      vertex 55.4743 10.4257 0
      vertex 55.4153 10.374 0
    endloop
  endfacet
  facet normal 0.896961 -0.44211 0
    outer loop
      vertex 54.1457 23.8796 2.2
      vertex 54.1804 23.95 0
      vertex 54.1804 23.95 2.2
    endloop
  endfacet
  facet normal 0.896961 -0.44211 0
    outer loop
      vertex 54.1804 23.95 0
      vertex 54.1457 23.8796 2.2
      vertex 54.1457 23.8796 0
    endloop
  endfacet
  facet normal 0.322337 0.946625 -0
    outer loop
      vertex 54.5447 10.2704 0
      vertex 54.4704 10.2957 2.2
      vertex 54.5447 10.2704 2.2
    endloop
  endfacet
  facet normal 0.322337 0.946625 0
    outer loop
      vertex 54.4704 10.2957 2.2
      vertex 54.5447 10.2704 0
      vertex 54.4704 10.2957 0
    endloop
  endfacet
  facet normal 0.44211 0.896961 -0
    outer loop
      vertex 54.4704 10.2957 0
      vertex 54.4 10.3304 2.2
      vertex 54.4704 10.2957 2.2
    endloop
  endfacet
  facet normal 0.44211 0.896961 0
    outer loop
      vertex 54.4 10.3304 2.2
      vertex 54.4704 10.2957 0
      vertex 54.4 10.3304 0
    endloop
  endfacet
  facet normal -0.752103 0.659046 0
    outer loop
      vertex 55.4743 10.4257 0
      vertex 55.526 10.4847 2.2
      vertex 55.526 10.4847 0
    endloop
  endfacet
  facet normal -0.752103 0.659046 0
    outer loop
      vertex 55.526 10.4847 2.2
      vertex 55.4743 10.4257 0
      vertex 55.4743 10.4257 2.2
    endloop
  endfacet
  facet normal 0 -1 0
    outer loop
      vertex 54.7 24.25 0
      vertex 55.05 24.25 2.2
      vertex 54.7 24.25 2.2
    endloop
  endfacet
  facet normal 0 -1 -0
    outer loop
      vertex 55.05 24.25 2.2
      vertex 54.7 24.25 0
      vertex 55.05 24.25 0
    endloop
  endfacet
  facet normal -0.980825 0.194891 0
    outer loop
      vertex 55.6296 10.6947 0
      vertex 55.6449 10.7717 2.2
      vertex 55.6449 10.7717 0
    endloop
  endfacet
  facet normal -0.980825 0.194891 0
    outer loop
      vertex 55.6449 10.7717 2.2
      vertex 55.6296 10.6947 0
      vertex 55.6296 10.6947 2.2
    endloop
  endfacet
  facet normal 0 1 -0
    outer loop
      vertex 55.05 10.25 0
      vertex 54.7 10.25 2.2
      vertex 55.05 10.25 2.2
    endloop
  endfacet
  facet normal 0 1 0
    outer loop
      vertex 54.7 10.25 2.2
      vertex 55.05 10.25 0
      vertex 54.7 10.25 0
    endloop
  endfacet
  facet normal -0.659046 -0.752103 0
    outer loop
      vertex 55.4153 24.126 0
      vertex 55.4743 24.0743 2.2
      vertex 55.4153 24.126 2.2
    endloop
  endfacet
  facet normal -0.659046 -0.752103 -0
    outer loop
      vertex 55.4743 24.0743 2.2
      vertex 55.4153 24.126 0
      vertex 55.4743 24.0743 0
    endloop
  endfacet
  facet normal 0.322337 -0.946625 0
    outer loop
      vertex 54.4704 24.2043 0
      vertex 54.5447 24.2296 2.2
      vertex 54.4704 24.2043 2.2
    endloop
  endfacet
  facet normal 0.322337 -0.946625 0
    outer loop
      vertex 54.5447 24.2296 2.2
      vertex 54.4704 24.2043 0
      vertex 54.5447 24.2296 0
    endloop
  endfacet
  facet normal 0.555288 -0.831658 0
    outer loop
      vertex 54.3347 24.126 0
      vertex 54.4 24.1696 2.2
      vertex 54.3347 24.126 2.2
    endloop
  endfacet
  facet normal 0.555288 -0.831658 0
    outer loop
      vertex 54.4 24.1696 2.2
      vertex 54.3347 24.126 0
      vertex 54.4 24.1696 0
    endloop
  endfacet
  facet normal -0.946625 0.322337 0
    outer loop
      vertex 55.6043 10.6204 0
      vertex 55.6296 10.6947 2.2
      vertex 55.6296 10.6947 0
    endloop
  endfacet
  facet normal -0.946625 0.322337 0
    outer loop
      vertex 55.6296 10.6947 2.2
      vertex 55.6043 10.6204 0
      vertex 55.6043 10.6204 2.2
    endloop
  endfacet
  facet normal -0.752103 -0.659046 0
    outer loop
      vertex 55.526 24.0153 0
      vertex 55.4743 24.0743 2.2
      vertex 55.4743 24.0743 0
    endloop
  endfacet
  facet normal -0.752103 -0.659046 0
    outer loop
      vertex 55.4743 24.0743 2.2
      vertex 55.526 24.0153 0
      vertex 55.526 24.0153 2.2
    endloop
  endfacet
  facet normal 0.980825 0.194891 0
    outer loop
      vertex 57.5204 10.6947 2.2
      vertex 57.5051 10.7717 0
      vertex 57.5051 10.7717 2.2
    endloop
  endfacet
  facet normal 0.980825 0.194891 0
    outer loop
      vertex 57.5051 10.7717 0
      vertex 57.5204 10.6947 2.2
      vertex 57.5204 10.6947 0
    endloop
  endfacet
  facet normal -0.997886 0.0649964 0
    outer loop
      vertex 59.0449 10.7717 0
      vertex 59.05 10.85 2.2
      vertex 59.05 10.85 0
    endloop
  endfacet
  facet normal -0.997886 0.0649964 0
    outer loop
      vertex 59.05 10.85 2.2
      vertex 59.0449 10.7717 0
      vertex 59.0449 10.7717 2.2
    endloop
  endfacet
  facet normal 0.896961 0.44211 0
    outer loop
      vertex 57.5804 10.55 2.2
      vertex 57.5457 10.6204 0
      vertex 57.5457 10.6204 2.2
    endloop
  endfacet
  facet normal 0.896961 0.44211 0
    outer loop
      vertex 57.5457 10.6204 0
      vertex 57.5804 10.55 2.2
      vertex 57.5804 10.55 0
    endloop
  endfacet
  facet normal -1 0 0
    outer loop
      vertex 59.05 15.33 0
      vertex 59.05 10.85 0
      vertex 59.05 15.33 0.65
    endloop
  endfacet
  facet normal -1 0 0
    outer loop
      vertex 59.05 19.2979 0.65
      vertex 59.05 23.65 0
      vertex 59.05 19.2979 0
    endloop
  endfacet
  facet normal -1 0 0
    outer loop
      vertex 59.05 23.65 0
      vertex 59.05 19.2979 0.65
      vertex 59.05 23.65 2.2
    endloop
  endfacet
  facet normal -1 0 0
    outer loop
      vertex 59.05 15.33 0.65
      vertex 59.05 23.65 2.2
      vertex 59.05 19.2979 0.65
    endloop
  endfacet
  facet normal -1 0 0
    outer loop
      vertex 59.05 10.85 2.2
      vertex 59.05 15.33 0.65
      vertex 59.05 10.85 0
    endloop
  endfacet
  facet normal -1 0 0
    outer loop
      vertex 59.05 15.33 0.65
      vertex 59.05 10.85 2.2
      vertex 59.05 23.65 2.2
    endloop
  endfacet
  facet normal 0.194891 -0.980825 0
    outer loop
      vertex 57.9447 24.2296 0
      vertex 58.0217 24.2449 2.2
      vertex 57.9447 24.2296 2.2
    endloop
  endfacet
  facet normal 0.194891 -0.980825 0
    outer loop
      vertex 58.0217 24.2449 2.2
      vertex 57.9447 24.2296 0
      vertex 58.0217 24.2449 0
    endloop
  endfacet
  facet normal 0.752103 0.659046 0
    outer loop
      vertex 57.6757 10.4257 2.2
      vertex 57.624 10.4847 0
      vertex 57.624 10.4847 2.2
    endloop
  endfacet
  facet normal 0.752103 0.659046 0
    outer loop
      vertex 57.624 10.4847 0
      vertex 57.6757 10.4257 2.2
      vertex 57.6757 10.4257 0
    endloop
  endfacet
  facet normal -0.0649964 -0.997886 0
    outer loop
      vertex 58.45 24.25 0
      vertex 58.5283 24.2449 2.2
      vertex 58.45 24.25 2.2
    endloop
  endfacet
  facet normal -0.0649964 -0.997886 -0
    outer loop
      vertex 58.5283 24.2449 2.2
      vertex 58.45 24.25 0
      vertex 58.5283 24.2449 0
    endloop
  endfacet
  facet normal 0.44211 -0.896961 0
    outer loop
      vertex 57.8 24.1696 0
      vertex 57.8704 24.2043 2.2
      vertex 57.8 24.1696 2.2
    endloop
  endfacet
  facet normal 0.44211 -0.896961 0
    outer loop
      vertex 57.8704 24.2043 2.2
      vertex 57.8 24.1696 0
      vertex 57.8704 24.2043 0
    endloop
  endfacet
  facet normal -0.896961 -0.44211 0
    outer loop
      vertex 59.0043 23.8796 0
      vertex 58.9696 23.95 2.2
      vertex 58.9696 23.95 0
    endloop
  endfacet
  facet normal -0.896961 -0.44211 0
    outer loop
      vertex 58.9696 23.95 2.2
      vertex 59.0043 23.8796 0
      vertex 59.0043 23.8796 2.2
    endloop
  endfacet
  facet normal 0.659046 0.752103 -0
    outer loop
      vertex 57.7347 10.374 0
      vertex 57.6757 10.4257 2.2
      vertex 57.7347 10.374 2.2
    endloop
  endfacet
  facet normal 0.659046 0.752103 0
    outer loop
      vertex 57.6757 10.4257 2.2
      vertex 57.7347 10.374 0
      vertex 57.6757 10.4257 0
    endloop
  endfacet
  facet normal 0.980825 -0.194891 0
    outer loop
      vertex 57.5051 23.7283 2.2
      vertex 57.5204 23.8053 0
      vertex 57.5204 23.8053 2.2
    endloop
  endfacet
  facet normal 0.980825 -0.194891 0
    outer loop
      vertex 57.5204 23.8053 0
      vertex 57.5051 23.7283 2.2
      vertex 57.5051 23.7283 0
    endloop
  endfacet
  facet normal 0.831658 0.555288 0
    outer loop
      vertex 57.624 10.4847 2.2
      vertex 57.5804 10.55 0
      vertex 57.5804 10.55 2.2
    endloop
  endfacet
  facet normal 0.831658 0.555288 0
    outer loop
      vertex 57.5804 10.55 0
      vertex 57.624 10.4847 2.2
      vertex 57.624 10.4847 0
    endloop
  endfacet
  facet normal 0.997886 -0.0649964 0
    outer loop
      vertex 57.5 23.65 2.2
      vertex 57.5051 23.7283 0
      vertex 57.5051 23.7283 2.2
    endloop
  endfacet
  facet normal 0.997886 -0.0649964 0
    outer loop
      vertex 57.5051 23.7283 0
      vertex 57.5 23.65 2.2
      vertex 57.5 23.65 0
    endloop
  endfacet
  facet normal 0.0649964 0.997886 -0
    outer loop
      vertex 58.1 10.25 0
      vertex 58.0217 10.2551 2.2
      vertex 58.1 10.25 2.2
    endloop
  endfacet
  facet normal 0.0649964 0.997886 0
    outer loop
      vertex 58.0217 10.2551 2.2
      vertex 58.1 10.25 0
      vertex 58.0217 10.2551 0
    endloop
  endfacet
  facet normal 1 0 0
    outer loop
      vertex 57.5 23.65 2.2
      vertex 57.5 20.0939 0.65
      vertex 57.5 23.65 0
    endloop
  endfacet
  facet normal 1 0 0
    outer loop
      vertex 57.5 23.65 2.2
      vertex 57.5 18.9402 0.65
      vertex 57.5 20.0939 0.65
    endloop
  endfacet
  facet normal 1 0 0
    outer loop
      vertex 57.5 18.9402 0.65
      vertex 57.5 15.6878 0.65
      vertex 57.5 18.9402 0
    endloop
  endfacet
  facet normal 1 0 0
    outer loop
      vertex 57.5 23.65 2.2
      vertex 57.5 15.6878 0.65
      vertex 57.5 18.9402 0.65
    endloop
  endfacet
  facet normal 1 -0 0
    outer loop
      vertex 57.5 10.85 2.2
      vertex 57.5 15.6878 0.65
      vertex 57.5 23.65 2.2
    endloop
  endfacet
  facet normal 1 0 0
    outer loop
      vertex 57.5 15.6878 0.65
      vertex 57.5 10.85 2.2
      vertex 57.5 14.5341 0.65
    endloop
  endfacet
  facet normal 1 0 0
    outer loop
      vertex 57.5 10.85 0
      vertex 57.5 14.5341 0.65
      vertex 57.5 10.85 2.2
    endloop
  endfacet
  facet normal 1 0 0
    outer loop
      vertex 57.5 14.5341 0.65
      vertex 57.5 10.85 0
      vertex 57.5 14.5341 0
    endloop
  endfacet
  facet normal 1 0 0
    outer loop
      vertex 57.5 23.65 0
      vertex 57.5 20.0939 0.65
      vertex 57.5 20.0939 0
    endloop
  endfacet
  facet normal 1 0 0
    outer loop
      vertex 57.5 18.9402 0
      vertex 57.5 15.6878 0.65
      vertex 57.5 15.6878 0
    endloop
  endfacet
  facet normal 0.0649964 -0.997886 0
    outer loop
      vertex 58.0217 24.2449 0
      vertex 58.1 24.25 2.2
      vertex 58.0217 24.2449 2.2
    endloop
  endfacet
  facet normal 0.0649964 -0.997886 0
    outer loop
      vertex 58.1 24.25 2.2
      vertex 58.0217 24.2449 0
      vertex 58.1 24.25 0
    endloop
  endfacet
  facet normal -0.896961 0.44211 0
    outer loop
      vertex 58.9696 10.55 0
      vertex 59.0043 10.6204 2.2
      vertex 59.0043 10.6204 0
    endloop
  endfacet
  facet normal -0.896961 0.44211 0
    outer loop
      vertex 59.0043 10.6204 2.2
      vertex 58.9696 10.55 0
      vertex 58.9696 10.55 2.2
    endloop
  endfacet
  facet normal -0.44211 0.896961 0
    outer loop
      vertex 58.75 10.3304 0
      vertex 58.6796 10.2957 2.2
      vertex 58.75 10.3304 2.2
    endloop
  endfacet
  facet normal -0.44211 0.896961 0
    outer loop
      vertex 58.6796 10.2957 2.2
      vertex 58.75 10.3304 0
      vertex 58.6796 10.2957 0
    endloop
  endfacet
  facet normal 0.194891 0.980825 -0
    outer loop
      vertex 58.0217 10.2551 0
      vertex 57.9447 10.2704 2.2
      vertex 58.0217 10.2551 2.2
    endloop
  endfacet
  facet normal 0.194891 0.980825 0
    outer loop
      vertex 57.9447 10.2704 2.2
      vertex 58.0217 10.2551 0
      vertex 57.9447 10.2704 0
    endloop
  endfacet
  facet normal -0.194891 0.980825 0
    outer loop
      vertex 58.6053 10.2704 0
      vertex 58.5283 10.2551 2.2
      vertex 58.6053 10.2704 2.2
    endloop
  endfacet
  facet normal -0.194891 0.980825 0
    outer loop
      vertex 58.5283 10.2551 2.2
      vertex 58.6053 10.2704 0
      vertex 58.5283 10.2551 0
    endloop
  endfacet
  facet normal -0.831658 0.555288 0
    outer loop
      vertex 58.926 10.4847 0
      vertex 58.9696 10.55 2.2
      vertex 58.9696 10.55 0
    endloop
  endfacet
  facet normal -0.831658 0.555288 0
    outer loop
      vertex 58.9696 10.55 2.2
      vertex 58.926 10.4847 0
      vertex 58.926 10.4847 2.2
    endloop
  endfacet
  facet normal 0.752103 -0.659046 0
    outer loop
      vertex 57.624 24.0153 2.2
      vertex 57.6757 24.0743 0
      vertex 57.6757 24.0743 2.2
    endloop
  endfacet
  facet normal 0.752103 -0.659046 0
    outer loop
      vertex 57.6757 24.0743 0
      vertex 57.624 24.0153 2.2
      vertex 57.624 24.0153 0
    endloop
  endfacet
  facet normal -0.322337 -0.946625 0
    outer loop
      vertex 58.6053 24.2296 0
      vertex 58.6796 24.2043 2.2
      vertex 58.6053 24.2296 2.2
    endloop
  endfacet
  facet normal -0.322337 -0.946625 -0
    outer loop
      vertex 58.6796 24.2043 2.2
      vertex 58.6053 24.2296 0
      vertex 58.6796 24.2043 0
    endloop
  endfacet
  facet normal 0.946625 0.322337 0
    outer loop
      vertex 57.5457 10.6204 2.2
      vertex 57.5204 10.6947 0
      vertex 57.5204 10.6947 2.2
    endloop
  endfacet
  facet normal 0.946625 0.322337 0
    outer loop
      vertex 57.5204 10.6947 0
      vertex 57.5457 10.6204 2.2
      vertex 57.5457 10.6204 0
    endloop
  endfacet
  facet normal -0.194891 -0.980825 0
    outer loop
      vertex 58.5283 24.2449 0
      vertex 58.6053 24.2296 2.2
      vertex 58.5283 24.2449 2.2
    endloop
  endfacet
  facet normal -0.194891 -0.980825 -0
    outer loop
      vertex 58.6053 24.2296 2.2
      vertex 58.5283 24.2449 0
      vertex 58.6053 24.2296 0
    endloop
  endfacet
  facet normal -0.44211 -0.896961 0
    outer loop
      vertex 58.6796 24.2043 0
      vertex 58.75 24.1696 2.2
      vertex 58.6796 24.2043 2.2
    endloop
  endfacet
  facet normal -0.44211 -0.896961 -0
    outer loop
      vertex 58.75 24.1696 2.2
      vertex 58.6796 24.2043 0
      vertex 58.75 24.1696 0
    endloop
  endfacet
  facet normal -0.997886 -0.0649964 0
    outer loop
      vertex 59.05 23.65 0
      vertex 59.0449 23.7283 2.2
      vertex 59.0449 23.7283 0
    endloop
  endfacet
  facet normal -0.997886 -0.0649964 0
    outer loop
      vertex 59.0449 23.7283 2.2
      vertex 59.05 23.65 0
      vertex 59.05 23.65 2.2
    endloop
  endfacet
  facet normal -0.980825 -0.194891 0
    outer loop
      vertex 59.0449 23.7283 0
      vertex 59.0296 23.8053 2.2
      vertex 59.0296 23.8053 0
    endloop
  endfacet
  facet normal -0.980825 -0.194891 0
    outer loop
      vertex 59.0296 23.8053 2.2
      vertex 59.0449 23.7283 0
      vertex 59.0449 23.7283 2.2
    endloop
  endfacet
  facet normal 0.946625 -0.322337 0
    outer loop
      vertex 57.5204 23.8053 2.2
      vertex 57.5457 23.8796 0
      vertex 57.5457 23.8796 2.2
    endloop
  endfacet
  facet normal 0.946625 -0.322337 0
    outer loop
      vertex 57.5457 23.8796 0
      vertex 57.5204 23.8053 2.2
      vertex 57.5204 23.8053 0
    endloop
  endfacet
  facet normal -0.946625 -0.322337 0
    outer loop
      vertex 59.0296 23.8053 0
      vertex 59.0043 23.8796 2.2
      vertex 59.0043 23.8796 0
    endloop
  endfacet
  facet normal -0.946625 -0.322337 0
    outer loop
      vertex 59.0043 23.8796 2.2
      vertex 59.0296 23.8053 0
      vertex 59.0296 23.8053 2.2
    endloop
  endfacet
  facet normal 0.997886 0.0649964 0
    outer loop
      vertex 57.5051 10.7717 2.2
      vertex 57.5 10.85 0
      vertex 57.5 10.85 2.2
    endloop
  endfacet
  facet normal 0.997886 0.0649964 0
    outer loop
      vertex 57.5 10.85 0
      vertex 57.5051 10.7717 2.2
      vertex 57.5051 10.7717 0
    endloop
  endfacet
  facet normal -0.0649964 0.997886 0
    outer loop
      vertex 58.5283 10.2551 0
      vertex 58.45 10.25 2.2
      vertex 58.5283 10.2551 2.2
    endloop
  endfacet
  facet normal -0.0649964 0.997886 0
    outer loop
      vertex 58.45 10.25 2.2
      vertex 58.5283 10.2551 0
      vertex 58.45 10.25 0
    endloop
  endfacet
  facet normal -0.555288 -0.831658 0
    outer loop
      vertex 58.75 24.1696 0
      vertex 58.8153 24.126 2.2
      vertex 58.75 24.1696 2.2
    endloop
  endfacet
  facet normal -0.555288 -0.831658 -0
    outer loop
      vertex 58.8153 24.126 2.2
      vertex 58.75 24.1696 0
      vertex 58.8153 24.126 0
    endloop
  endfacet
  facet normal -0.322337 0.946625 0
    outer loop
      vertex 58.6796 10.2957 0
      vertex 58.6053 10.2704 2.2
      vertex 58.6796 10.2957 2.2
    endloop
  endfacet
  facet normal -0.322337 0.946625 0
    outer loop
      vertex 58.6053 10.2704 2.2
      vertex 58.6796 10.2957 0
      vertex 58.6053 10.2704 0
    endloop
  endfacet
  facet normal -0.831658 -0.555288 0
    outer loop
      vertex 58.9696 23.95 0
      vertex 58.926 24.0153 2.2
      vertex 58.926 24.0153 0
    endloop
  endfacet
  facet normal -0.831658 -0.555288 0
    outer loop
      vertex 58.926 24.0153 2.2
      vertex 58.9696 23.95 0
      vertex 58.9696 23.95 2.2
    endloop
  endfacet
  facet normal 0.659046 -0.752103 0
    outer loop
      vertex 57.6757 24.0743 0
      vertex 57.7347 24.126 2.2
      vertex 57.6757 24.0743 2.2
    endloop
  endfacet
  facet normal 0.659046 -0.752103 0
    outer loop
      vertex 57.7347 24.126 2.2
      vertex 57.6757 24.0743 0
      vertex 57.7347 24.126 0
    endloop
  endfacet
  facet normal 0.555288 0.831658 -0
    outer loop
      vertex 57.8 10.3304 0
      vertex 57.7347 10.374 2.2
      vertex 57.8 10.3304 2.2
    endloop
  endfacet
  facet normal 0.555288 0.831658 0
    outer loop
      vertex 57.7347 10.374 2.2
      vertex 57.8 10.3304 0
      vertex 57.7347 10.374 0
    endloop
  endfacet
  facet normal 0.831658 -0.555288 0
    outer loop
      vertex 57.5804 23.95 2.2
      vertex 57.624 24.0153 0
      vertex 57.624 24.0153 2.2
    endloop
  endfacet
  facet normal 0.831658 -0.555288 0
    outer loop
      vertex 57.624 24.0153 0
      vertex 57.5804 23.95 2.2
      vertex 57.5804 23.95 0
    endloop
  endfacet
  facet normal -0.555288 0.831658 0
    outer loop
      vertex 58.8153 10.374 0
      vertex 58.75 10.3304 2.2
      vertex 58.8153 10.374 2.2
    endloop
  endfacet
  facet normal -0.555288 0.831658 0
    outer loop
      vertex 58.75 10.3304 2.2
      vertex 58.8153 10.374 0
      vertex 58.75 10.3304 0
    endloop
  endfacet
  facet normal -0.659046 0.752103 0
    outer loop
      vertex 58.8743 10.4257 0
      vertex 58.8153 10.374 2.2
      vertex 58.8743 10.4257 2.2
    endloop
  endfacet
  facet normal -0.659046 0.752103 0
    outer loop
      vertex 58.8153 10.374 2.2
      vertex 58.8743 10.4257 0
      vertex 58.8153 10.374 0
    endloop
  endfacet
  facet normal 0.896961 -0.44211 0
    outer loop
      vertex 57.5457 23.8796 2.2
      vertex 57.5804 23.95 0
      vertex 57.5804 23.95 2.2
    endloop
  endfacet
  facet normal 0.896961 -0.44211 0
    outer loop
      vertex 57.5804 23.95 0
      vertex 57.5457 23.8796 2.2
      vertex 57.5457 23.8796 0
    endloop
  endfacet
  facet normal 0.322337 0.946625 -0
    outer loop
      vertex 57.9447 10.2704 0
      vertex 57.8704 10.2957 2.2
      vertex 57.9447 10.2704 2.2
    endloop
  endfacet
  facet normal 0.322337 0.946625 0
    outer loop
      vertex 57.8704 10.2957 2.2
      vertex 57.9447 10.2704 0
      vertex 57.8704 10.2957 0
    endloop
  endfacet
  facet normal 0.44211 0.896961 -0
    outer loop
      vertex 57.8704 10.2957 0
      vertex 57.8 10.3304 2.2
      vertex 57.8704 10.2957 2.2
    endloop
  endfacet
  facet normal 0.44211 0.896961 0
    outer loop
      vertex 57.8 10.3304 2.2
      vertex 57.8704 10.2957 0
      vertex 57.8 10.3304 0
    endloop
  endfacet
  facet normal -0.752103 0.659046 0
    outer loop
      vertex 58.8743 10.4257 0
      vertex 58.926 10.4847 2.2
      vertex 58.926 10.4847 0
    endloop
  endfacet
  facet normal -0.752103 0.659046 0
    outer loop
      vertex 58.926 10.4847 2.2
      vertex 58.8743 10.4257 0
      vertex 58.8743 10.4257 2.2
    endloop
  endfacet
  facet normal 0 -1 0
    outer loop
      vertex 58.1 24.25 0
      vertex 58.45 24.25 2.2
      vertex 58.1 24.25 2.2
    endloop
  endfacet
  facet normal 0 -1 -0
    outer loop
      vertex 58.45 24.25 2.2
      vertex 58.1 24.25 0
      vertex 58.45 24.25 0
    endloop
  endfacet
  facet normal -0.980825 0.194891 0
    outer loop
      vertex 59.0296 10.6947 0
      vertex 59.0449 10.7717 2.2
      vertex 59.0449 10.7717 0
    endloop
  endfacet
  facet normal -0.980825 0.194891 0
    outer loop
      vertex 59.0449 10.7717 2.2
      vertex 59.0296 10.6947 0
      vertex 59.0296 10.6947 2.2
    endloop
  endfacet
  facet normal 0 1 -0
    outer loop
      vertex 58.45 10.25 0
      vertex 58.1 10.25 2.2
      vertex 58.45 10.25 2.2
    endloop
  endfacet
  facet normal 0 1 0
    outer loop
      vertex 58.1 10.25 2.2
      vertex 58.45 10.25 0
      vertex 58.1 10.25 0
    endloop
  endfacet
  facet normal -0.659046 -0.752103 0
    outer loop
      vertex 58.8153 24.126 0
      vertex 58.8743 24.0743 2.2
      vertex 58.8153 24.126 2.2
    endloop
  endfacet
  facet normal -0.659046 -0.752103 -0
    outer loop
      vertex 58.8743 24.0743 2.2
      vertex 58.8153 24.126 0
      vertex 58.8743 24.0743 0
    endloop
  endfacet
  facet normal 0.322337 -0.946625 0
    outer loop
      vertex 57.8704 24.2043 0
      vertex 57.9447 24.2296 2.2
      vertex 57.8704 24.2043 2.2
    endloop
  endfacet
  facet normal 0.322337 -0.946625 0
    outer loop
      vertex 57.9447 24.2296 2.2
      vertex 57.8704 24.2043 0
      vertex 57.9447 24.2296 0
    endloop
  endfacet
  facet normal 0.555288 -0.831658 0
    outer loop
      vertex 57.7347 24.126 0
      vertex 57.8 24.1696 2.2
      vertex 57.7347 24.126 2.2
    endloop
  endfacet
  facet normal 0.555288 -0.831658 0
    outer loop
      vertex 57.8 24.1696 2.2
      vertex 57.7347 24.126 0
      vertex 57.8 24.1696 0
    endloop
  endfacet
  facet normal -0.946625 0.322337 0
    outer loop
      vertex 59.0043 10.6204 0
      vertex 59.0296 10.6947 2.2
      vertex 59.0296 10.6947 0
    endloop
  endfacet
  facet normal -0.946625 0.322337 0
    outer loop
      vertex 59.0296 10.6947 2.2
      vertex 59.0043 10.6204 0
      vertex 59.0043 10.6204 2.2
    endloop
  endfacet
  facet normal -0.752103 -0.659046 0
    outer loop
      vertex 58.926 24.0153 0
      vertex 58.8743 24.0743 2.2
      vertex 58.8743 24.0743 0
    endloop
  endfacet
  facet normal -0.752103 -0.659046 0
    outer loop
      vertex 58.8743 24.0743 2.2
      vertex 58.926 24.0153 0
      vertex 58.926 24.0153 2.2
    endloop
  endfacet
  facet normal 0 0 -1
    outer loop
      vertex 59.05 15.33 0.65
      vertex 59.7656 17.3121 0.65
      vertex 59.7493 16.9496 0.65
    endloop
  endfacet
  facet normal 0 0 -1
    outer loop
      vertex 59.05 15.33 0.65
      vertex 59.7493 16.9496 0.65
      vertex 59.7004 16.6092 0.65
    endloop
  endfacet
  facet normal 0 0 -1
    outer loop
      vertex 59.05 19.2979 0.65
      vertex 59.7656 17.3121 0.65
      vertex 59.05 15.33 0.65
    endloop
  endfacet
  facet normal 0 0 -1
    outer loop
      vertex 59.05 15.33 0.65
      vertex 59.7004 16.6092 0.65
      vertex 59.6189 16.291 0.65
    endloop
  endfacet
  facet normal 0 0 -1
    outer loop
      vertex 59.7656 17.3121 0.65
      vertex 59.05 19.2979 0.65
      vertex 59.7493 17.6757 0.65
    endloop
  endfacet
  facet normal 0 0 -1
    outer loop
      vertex 59.05 15.33 0.65
      vertex 59.6189 16.291 0.65
      vertex 59.5049 15.9951 0.65
    endloop
  endfacet
  facet normal 0 0 -1
    outer loop
      vertex 59.7493 17.6757 0.65
      vertex 59.05 19.2979 0.65
      vertex 59.7004 18.0169 0.65
    endloop
  endfacet
  facet normal 0 0 -1
    outer loop
      vertex 59.05 15.33 0.65
      vertex 59.5049 15.9951 0.65
      vertex 59.3583 15.7213 0.65
    endloop
  endfacet
  facet normal 0 0 -1
    outer loop
      vertex 59.7004 18.0169 0.65
      vertex 59.05 19.2979 0.65
      vertex 59.6189 18.3357 0.65
    endloop
  endfacet
  facet normal 0 0 -1
    outer loop
      vertex 59.05 15.33 0.65
      vertex 59.3583 15.7213 0.65
      vertex 59.1791 15.4698 0.65
    endloop
  endfacet
  facet normal 0 0 -1
    outer loop
      vertex 59.6189 18.3357 0.65
      vertex 59.05 19.2979 0.65
      vertex 59.5049 18.6322 0.65
    endloop
  endfacet
  facet normal 0 0 -1
    outer loop
      vertex 59.5049 18.6322 0.65
      vertex 59.05 19.2979 0.65
      vertex 59.3583 18.9063 0.65
    endloop
  endfacet
  facet normal 0 0 -1
    outer loop
      vertex 59.3583 18.9063 0.65
      vertex 59.05 19.2979 0.65
      vertex 59.1791 19.1581 0.65
    endloop
  endfacet
  facet normal 0 0 -1
    outer loop
      vertex 57.4465 18.9706 0.65
      vertex 57.5 20.0939 0.65
      vertex 57.5 18.9402 0.65
    endloop
  endfacet
  facet normal 0 0 -1
    outer loop
      vertex 57.277 19.0396 0.65
      vertex 57.5 20.0939 0.65
      vertex 57.4465 18.9706 0.65
    endloop
  endfacet
  facet normal 0 0 -1
    outer loop
      vertex 57.0944 19.0889 0.65
      vertex 57.5 20.0939 0.65
      vertex 57.277 19.0396 0.65
    endloop
  endfacet
  facet normal -0 0 -1
    outer loop
      vertex 57.5 20.0939 0.65
      vertex 57.0944 19.0889 0.65
      vertex 57.1818 20.1358 0.65
    endloop
  endfacet
  facet normal 0 0 -1
    outer loop
      vertex 56.8986 19.1185 0.65
      vertex 57.1818 20.1358 0.65
      vertex 57.0944 19.0889 0.65
    endloop
  endfacet
  facet normal 0 0 -1
    outer loop
      vertex 56.8986 19.1185 0.65
      vertex 56.8031 20.1514 0.65
      vertex 57.1818 20.1358 0.65
    endloop
  endfacet
  facet normal 0 0 -1
    outer loop
      vertex 56.6896 19.1284 0.65
      vertex 56.8031 20.1514 0.65
      vertex 56.8986 19.1185 0.65
    endloop
  endfacet
  facet normal 0 0 -1
    outer loop
      vertex 56.6896 19.1284 0.65
      vertex 56.6731 20.1493 0.65
      vertex 56.8031 20.1514 0.65
    endloop
  endfacet
  facet normal 0 0 -1
    outer loop
      vertex 56.5445 20.143 0.65
      vertex 56.6896 19.1284 0.65
      vertex 56.5701 19.1259 0.65
    endloop
  endfacet
  facet normal 0 0 -1
    outer loop
      vertex 56.6896 19.1284 0.65
      vertex 56.5445 20.143 0.65
      vertex 56.6731 20.1493 0.65
    endloop
  endfacet
  facet normal 0 0 -1
    outer loop
      vertex 56.4175 20.1325 0.65
      vertex 56.5701 19.1259 0.65
      vertex 56.4523 19.1182 0.65
    endloop
  endfacet
  facet normal 0 0 -1
    outer loop
      vertex 56.5701 19.1259 0.65
      vertex 56.4175 20.1325 0.65
      vertex 56.5445 20.143 0.65
    endloop
  endfacet
  facet normal 0 0 -1
    outer loop
      vertex 56.2919 20.1178 0.65
      vertex 56.4523 19.1182 0.65
      vertex 56.336 19.1056 0.65
    endloop
  endfacet
  facet normal 0 0 -1
    outer loop
      vertex 56.4523 19.1182 0.65
      vertex 56.2919 20.1178 0.65
      vertex 56.4175 20.1325 0.65
    endloop
  endfacet
  facet normal 0 0 -1
    outer loop
      vertex 56.1679 20.099 0.65
      vertex 56.336 19.1056 0.65
      vertex 56.2215 19.0878 0.65
    endloop
  endfacet
  facet normal 0 0 -1
    outer loop
      vertex 56.336 19.1056 0.65
      vertex 56.1679 20.099 0.65
      vertex 56.2919 20.1178 0.65
    endloop
  endfacet
  facet normal 0 0 -1
    outer loop
      vertex 55.9243 20.0487 0.65
      vertex 56.2215 19.0878 0.65
      vertex 56.1086 19.065 0.65
    endloop
  endfacet
  facet normal 0 0 -1
    outer loop
      vertex 56.2215 19.0878 0.65
      vertex 56.0453 20.0759 0.65
      vertex 56.1679 20.099 0.65
    endloop
  endfacet
  facet normal 0 0 -1
    outer loop
      vertex 55.8046 20.0173 0.65
      vertex 56.1086 19.065 0.65
      vertex 55.9973 19.0371 0.65
    endloop
  endfacet
  facet normal 0 0 -1
    outer loop
      vertex 56.2215 19.0878 0.65
      vertex 55.9243 20.0487 0.65
      vertex 56.0453 20.0759 0.65
    endloop
  endfacet
  facet normal 0 0 -1
    outer loop
      vertex 55.65 19.9697 0.65
      vertex 55.9973 19.0371 0.65
      vertex 55.8877 19.0042 0.65
    endloop
  endfacet
  facet normal 0 0 -1
    outer loop
      vertex 56.1086 19.065 0.65
      vertex 55.8046 20.0173 0.65
      vertex 55.9243 20.0487 0.65
    endloop
  endfacet
  facet normal 0 0 -1
    outer loop
      vertex 55.65 19.9697 0.65
      vertex 55.8877 19.0042 0.65
      vertex 55.7786 18.9658 0.65
    endloop
  endfacet
  facet normal 0 0 -1
    outer loop
      vertex 55.9973 19.0371 0.65
      vertex 55.6863 19.982 0.65
      vertex 55.8046 20.0173 0.65
    endloop
  endfacet
  facet normal 0 0 -1
    outer loop
      vertex 55.65 19.9697 0.65
      vertex 55.7786 18.9658 0.65
      vertex 55.6691 18.9216 0.65
    endloop
  endfacet
  facet normal 0 0 -1
    outer loop
      vertex 55.65 19.9697 0.65
      vertex 55.6691 18.9216 0.65
      vertex 55.65 18.9129 0.65
    endloop
  endfacet
  facet normal 0 0 -1
    outer loop
      vertex 55.9973 19.0371 0.65
      vertex 55.65 19.9697 0.65
      vertex 55.6863 19.982 0.65
    endloop
  endfacet
  facet normal 0 0 -1
    outer loop
      vertex 57.5 14.5341 0.65
      vertex 57.4465 15.6574 0.65
      vertex 57.5 15.6878 0.65
    endloop
  endfacet
  facet normal 0 0 -1
    outer loop
      vertex 57.5 14.5341 0.65
      vertex 57.277 15.5884 0.65
      vertex 57.4465 15.6574 0.65
    endloop
  endfacet
  facet normal 0 0 -1
    outer loop
      vertex 57.0944 15.5391 0.65
      vertex 57.5 14.5341 0.65
      vertex 57.1818 14.4922 0.65
    endloop
  endfacet
  facet normal 0 0 -1
    outer loop
      vertex 57.5 14.5341 0.65
      vertex 57.0944 15.5391 0.65
      vertex 57.277 15.5884 0.65
    endloop
  endfacet
  facet normal 0 0 -1
    outer loop
      vertex 57.1818 14.4922 0.65
      vertex 56.8986 15.5095 0.65
      vertex 57.0944 15.5391 0.65
    endloop
  endfacet
  facet normal 0 0 -1
    outer loop
      vertex 56.8031 14.4766 0.65
      vertex 56.8986 15.5095 0.65
      vertex 57.1818 14.4922 0.65
    endloop
  endfacet
  facet normal 0 0 -1
    outer loop
      vertex 56.8031 14.4766 0.65
      vertex 56.6896 15.4996 0.65
      vertex 56.8986 15.5095 0.65
    endloop
  endfacet
  facet normal 0 0 -1
    outer loop
      vertex 56.6731 14.4787 0.65
      vertex 56.6896 15.4996 0.65
      vertex 56.8031 14.4766 0.65
    endloop
  endfacet
  facet normal 0 0 -1
    outer loop
      vertex 56.5445 14.485 0.65
      vertex 56.6896 15.4996 0.65
      vertex 56.6731 14.4787 0.65
    endloop
  endfacet
  facet normal -0 0 -1
    outer loop
      vertex 56.6896 15.4996 0.65
      vertex 56.5445 14.485 0.65
      vertex 56.5701 15.5021 0.65
    endloop
  endfacet
  facet normal 0 0 -1
    outer loop
      vertex 56.4175 14.4955 0.65
      vertex 56.5701 15.5021 0.65
      vertex 56.5445 14.485 0.65
    endloop
  endfacet
  facet normal -0 0 -1
    outer loop
      vertex 56.5701 15.5021 0.65
      vertex 56.4175 14.4955 0.65
      vertex 56.4523 15.5097 0.65
    endloop
  endfacet
  facet normal 0 0 -1
    outer loop
      vertex 56.2919 14.5101 0.65
      vertex 56.4523 15.5097 0.65
      vertex 56.4175 14.4955 0.65
    endloop
  endfacet
  facet normal -0 0 -1
    outer loop
      vertex 56.4523 15.5097 0.65
      vertex 56.2919 14.5101 0.65
      vertex 56.336 15.5224 0.65
    endloop
  endfacet
  facet normal 0 0 -1
    outer loop
      vertex 56.1679 14.529 0.65
      vertex 56.336 15.5224 0.65
      vertex 56.2919 14.5101 0.65
    endloop
  endfacet
  facet normal -0 0 -1
    outer loop
      vertex 56.336 15.5224 0.65
      vertex 56.1679 14.529 0.65
      vertex 56.2215 15.5401 0.65
    endloop
  endfacet
  facet normal 0 0 -1
    outer loop
      vertex 56.0453 14.552 0.65
      vertex 56.2215 15.5401 0.65
      vertex 56.1679 14.529 0.65
    endloop
  endfacet
  facet normal 0 0 -1
    outer loop
      vertex 55.9243 14.5793 0.65
      vertex 56.2215 15.5401 0.65
      vertex 56.0453 14.552 0.65
    endloop
  endfacet
  facet normal -0 0 -1
    outer loop
      vertex 56.2215 15.5401 0.65
      vertex 55.9243 14.5793 0.65
      vertex 56.1086 15.5629 0.65
    endloop
  endfacet
  facet normal 0 0 -1
    outer loop
      vertex 55.8046 14.6106 0.65
      vertex 56.1086 15.5629 0.65
      vertex 55.9243 14.5793 0.65
    endloop
  endfacet
  facet normal -0 0 -1
    outer loop
      vertex 56.1086 15.5629 0.65
      vertex 55.8046 14.6106 0.65
      vertex 55.9973 15.5908 0.65
    endloop
  endfacet
  facet normal 0 0 -1
    outer loop
      vertex 55.6863 14.646 0.65
      vertex 55.9973 15.5908 0.65
      vertex 55.8046 14.6106 0.65
    endloop
  endfacet
  facet normal 0 0 -1
    outer loop
      vertex 55.65 14.6583 0.65
      vertex 55.9973 15.5908 0.65
      vertex 55.6863 14.646 0.65
    endloop
  endfacet
  facet normal -0 0 -1
    outer loop
      vertex 55.9973 15.5908 0.65
      vertex 55.65 14.6583 0.65
      vertex 55.8877 15.6237 0.65
    endloop
  endfacet
  facet normal -0 0 -1
    outer loop
      vertex 55.8877 15.6237 0.65
      vertex 55.65 14.6583 0.65
      vertex 55.7786 15.6621 0.65
    endloop
  endfacet
  facet normal -0 0 -1
    outer loop
      vertex 55.7786 15.6621 0.65
      vertex 55.65 14.6583 0.65
      vertex 55.6691 15.7063 0.65
    endloop
  endfacet
  facet normal -0 0 -1
    outer loop
      vertex 55.6691 15.7063 0.65
      vertex 55.65 14.6583 0.65
      vertex 55.65 15.7151 0.65
    endloop
  endfacet
  facet normal 0 0 -1
    outer loop
      vertex 52.7536 14.5838 0.65
      vertex 52.25 14.5838 0.65
      vertex 52.7536 16.8872 0.65
    endloop
  endfacet
  facet normal 0 0 -1
    outer loop
      vertex 54.1 18.9318 0.65
      vertex 53.2955 20.0511 0.65
      vertex 54.1 20.0511 0.65
    endloop
  endfacet
  facet normal 0 0 -1
    outer loop
      vertex 52.25 18.4151 0.65
      vertex 54.1 18.9318 0.65
      vertex 52.7536 16.8872 0.65
    endloop
  endfacet
  facet normal 0 0 -1
    outer loop
      vertex 52.25 18.4151 0.65
      vertex 52.7536 16.8872 0.65
      vertex 52.25 14.5838 0.65
    endloop
  endfacet
  facet normal -0 0 -1
    outer loop
      vertex 54.1 18.9318 0.65
      vertex 52.25 18.4151 0.65
      vertex 53.2955 20.0511 0.65
    endloop
  endfacet
  facet normal 0 0 -1
    outer loop
      vertex 50.7 17.8647 0.65
      vertex 49.2601 20.0511 0.65
      vertex 50.7 20.0511 0.65
    endloop
  endfacet
  facet normal 0 0 -1
    outer loop
      vertex 36.7973 14.8689 0.65
      vertex 36.6484 15.9828 0.65
      vertex 36.7973 16.0595 0.65
    endloop
  endfacet
  facet normal 0 0 -1
    outer loop
      vertex 36.3549 15.8463 0.65
      vertex 36.7973 14.8689 0.65
      vertex 36.6477 14.8154 0.65
    endloop
  endfacet
  facet normal 0 0 -1
    outer loop
      vertex 36.7973 14.8689 0.65
      vertex 36.5009 15.9118 0.65
      vertex 36.6484 15.9828 0.65
    endloop
  endfacet
  facet normal 0 0 -1
    outer loop
      vertex 36.2102 15.7865 0.65
      vertex 36.6477 14.8154 0.65
      vertex 36.4981 14.7657 0.65
    endloop
  endfacet
  facet normal 0 0 -1
    outer loop
      vertex 36.7973 14.8689 0.65
      vertex 36.3549 15.8463 0.65
      vertex 36.5009 15.9118 0.65
    endloop
  endfacet
  facet normal 0 0 -1
    outer loop
      vertex 36.067 15.7322 0.65
      vertex 36.4981 14.7657 0.65
      vertex 36.3485 14.7199 0.65
    endloop
  endfacet
  facet normal 0 0 -1
    outer loop
      vertex 36.6477 14.8154 0.65
      vertex 36.2102 15.7865 0.65
      vertex 36.3549 15.8463 0.65
    endloop
  endfacet
  facet normal 0 0 -1
    outer loop
      vertex 35.9252 15.6835 0.65
      vertex 36.3485 14.7199 0.65
      vertex 36.1989 14.678 0.65
    endloop
  endfacet
  facet normal 0 0 -1
    outer loop
      vertex 36.4981 14.7657 0.65
      vertex 36.067 15.7322 0.65
      vertex 36.2102 15.7865 0.65
    endloop
  endfacet
  facet normal 0 0 -1
    outer loop
      vertex 35.7848 15.6405 0.65
      vertex 36.1989 14.678 0.65
      vertex 36.0493 14.64 0.65
    endloop
  endfacet
  facet normal 0 0 -1
    outer loop
      vertex 36.3485 14.7199 0.65
      vertex 35.9252 15.6835 0.65
      vertex 36.067 15.7322 0.65
    endloop
  endfacet
  facet normal 0 0 -1
    outer loop
      vertex 35.7848 15.6405 0.65
      vertex 36.0493 14.64 0.65
      vertex 35.8996 14.6058 0.65
    endloop
  endfacet
  facet normal 0 0 -1
    outer loop
      vertex 36.1989 14.678 0.65
      vertex 35.7848 15.6405 0.65
      vertex 35.9252 15.6835 0.65
    endloop
  endfacet
  facet normal 0 0 -1
    outer loop
      vertex 35.6458 15.6031 0.65
      vertex 35.8996 14.6058 0.65
      vertex 35.75 14.5756 0.65
    endloop
  endfacet
  facet normal 0 0 -1
    outer loop
      vertex 35.8996 14.6058 0.65
      vertex 35.6458 15.6031 0.65
      vertex 35.7848 15.6405 0.65
    endloop
  endfacet
  facet normal 0 0 -1
    outer loop
      vertex 35.5083 15.5715 0.65
      vertex 35.75 14.5756 0.65
      vertex 35.6005 14.5493 0.65
    endloop
  endfacet
  facet normal 0 0 -1
    outer loop
      vertex 35.75 14.5756 0.65
      vertex 35.5083 15.5715 0.65
      vertex 35.6458 15.6031 0.65
    endloop
  endfacet
  facet normal 0 0 -1
    outer loop
      vertex 35.3722 15.5456 0.65
      vertex 35.6005 14.5493 0.65
      vertex 35.4511 14.5271 0.65
    endloop
  endfacet
  facet normal 0 0 -1
    outer loop
      vertex 35.6005 14.5493 0.65
      vertex 35.3722 15.5456 0.65
      vertex 35.5083 15.5715 0.65
    endloop
  endfacet
  facet normal 0 0 -1
    outer loop
      vertex 35.2375 15.5255 0.65
      vertex 35.4511 14.5271 0.65
      vertex 35.3018 14.5089 0.65
    endloop
  endfacet
  facet normal 0 0 -1
    outer loop
      vertex 35.4511 14.5271 0.65
      vertex 35.2375 15.5255 0.65
      vertex 35.3722 15.5456 0.65
    endloop
  endfacet
  facet normal 0 0 -1
    outer loop
      vertex 35.1042 15.5111 0.65
      vertex 35.3018 14.5089 0.65
      vertex 35.1528 14.4948 0.65
    endloop
  endfacet
  facet normal 0 0 -1
    outer loop
      vertex 35.3018 14.5089 0.65
      vertex 35.1042 15.5111 0.65
      vertex 35.2375 15.5255 0.65
    endloop
  endfacet
  facet normal 0 0 -1
    outer loop
      vertex 34.9723 15.5025 0.65
      vertex 35.1528 14.4948 0.65
      vertex 35.0038 14.4847 0.65
    endloop
  endfacet
  facet normal 0 0 -1
    outer loop
      vertex 35.1528 14.4948 0.65
      vertex 34.9723 15.5025 0.65
      vertex 35.1042 15.5111 0.65
    endloop
  endfacet
  facet normal 0 0 -1
    outer loop
      vertex 34.8419 15.4996 0.65
      vertex 35.0038 14.4847 0.65
      vertex 34.855 14.4786 0.65
    endloop
  endfacet
  facet normal 0 0 -1
    outer loop
      vertex 35.0038 14.4847 0.65
      vertex 34.8419 15.4996 0.65
      vertex 34.9723 15.5025 0.65
    endloop
  endfacet
  facet normal 0 0 -1
    outer loop
      vertex 34.7064 14.4766 0.65
      vertex 34.8419 15.4996 0.65
      vertex 34.855 14.4786 0.65
    endloop
  endfacet
  facet normal -0 0 -1
    outer loop
      vertex 34.8419 15.4996 0.65
      vertex 34.7064 14.4766 0.65
      vertex 34.7145 15.5027 0.65
    endloop
  endfacet
  facet normal 0 0 -1
    outer loop
      vertex 34.7064 14.4766 0.65
      vertex 34.5959 15.5121 0.65
      vertex 34.7145 15.5027 0.65
    endloop
  endfacet
  facet normal 0 0 -1
    outer loop
      vertex 34.403 14.4856 0.65
      vertex 34.5959 15.5121 0.65
      vertex 34.7064 14.4766 0.65
    endloop
  endfacet
  facet normal -0 0 -1
    outer loop
      vertex 34.5959 15.5121 0.65
      vertex 34.403 14.4856 0.65
      vertex 34.4861 15.5278 0.65
    endloop
  endfacet
  facet normal 0 0 -1
    outer loop
      vertex 34.403 14.4856 0.65
      vertex 34.3851 15.5498 0.65
      vertex 34.4861 15.5278 0.65
    endloop
  endfacet
  facet normal 0 0 -1
    outer loop
      vertex 34.1227 14.5126 0.65
      vertex 34.3851 15.5498 0.65
      vertex 34.403 14.4856 0.65
    endloop
  endfacet
  facet normal -0 0 -1
    outer loop
      vertex 34.3851 15.5498 0.65
      vertex 34.1227 14.5126 0.65
      vertex 34.293 15.578 0.65
    endloop
  endfacet
  facet normal 0 0 -1
    outer loop
      vertex 33.8655 14.5577 0.65
      vertex 34.293 15.578 0.65
      vertex 34.1227 14.5126 0.65
    endloop
  endfacet
  facet normal -0 0 -1
    outer loop
      vertex 34.293 15.578 0.65
      vertex 33.8655 14.5577 0.65
      vertex 34.2097 15.6125 0.65
    endloop
  endfacet
  facet normal -0 0 -1
    outer loop
      vertex 34.2097 15.6125 0.65
      vertex 33.8655 14.5577 0.65
      vertex 34.1352 15.6533 0.65
    endloop
  endfacet
  facet normal 0 0 -1
    outer loop
      vertex 33.6314 14.6207 0.65
      vertex 34.1352 15.6533 0.65
      vertex 33.8655 14.5577 0.65
    endloop
  endfacet
  facet normal -0 0 -1
    outer loop
      vertex 34.1352 15.6533 0.65
      vertex 33.6314 14.6207 0.65
      vertex 34.0701 15.6999 0.65
    endloop
  endfacet
  facet normal 0 0 -1
    outer loop
      vertex 33.4204 14.7018 0.65
      vertex 34.0701 15.6999 0.65
      vertex 33.6314 14.6207 0.65
    endloop
  endfacet
  facet normal -0 0 -1
    outer loop
      vertex 34.0701 15.6999 0.65
      vertex 33.4204 14.7018 0.65
      vertex 34.015 15.7519 0.65
    endloop
  endfacet
  facet normal 0 0 -1
    outer loop
      vertex 33.2325 14.8008 0.65
      vertex 34.015 15.7519 0.65
      vertex 33.4204 14.7018 0.65
    endloop
  endfacet
  facet normal -0 0 -1
    outer loop
      vertex 34.015 15.7519 0.65
      vertex 33.0677 14.9179 0.65
      vertex 33.9699 15.8093 0.65
    endloop
  endfacet
  facet normal 0 0 -1
    outer loop
      vertex 33.0677 14.9179 0.65
      vertex 34.015 15.7519 0.65
      vertex 33.2325 14.8008 0.65
    endloop
  endfacet
  facet normal 0 0 -1
    outer loop
      vertex 36.8449 18.4549 0.65
      vertex 35.5636 18.4957 0.65
      vertex 35.5669 18.5566 0.65
    endloop
  endfacet
  facet normal 0 0 -1
    outer loop
      vertex 35.8887 17.0465 0.65
      vertex 35.5536 18.4389 0.65
      vertex 35.5636 18.4957 0.65
    endloop
  endfacet
  facet normal 0 0 -1
    outer loop
      vertex 35.8887 17.0465 0.65
      vertex 35.537 18.3859 0.65
      vertex 35.5536 18.4389 0.65
    endloop
  endfacet
  facet normal 0 0 -1
    outer loop
      vertex 35.8887 17.0465 0.65
      vertex 35.5137 18.337 0.65
      vertex 35.537 18.3859 0.65
    endloop
  endfacet
  facet normal 0 0 -1
    outer loop
      vertex 35.2156 18.115 0.65
      vertex 35.6993 16.975 0.65
      vertex 35.492 16.9119 0.65
    endloop
  endfacet
  facet normal 0 0 -1
    outer loop
      vertex 35.8887 17.0465 0.65
      vertex 35.4838 18.292 0.65
      vertex 35.5137 18.337 0.65
    endloop
  endfacet
  facet normal 0 0 -1
    outer loop
      vertex 35.8887 17.0465 0.65
      vertex 35.4472 18.251 0.65
      vertex 35.4838 18.292 0.65
    endloop
  endfacet
  facet normal 0 0 -1
    outer loop
      vertex 35.8887 17.0465 0.65
      vertex 35.404 18.2139 0.65
      vertex 35.4472 18.251 0.65
    endloop
  endfacet
  facet normal 0 0 -1
    outer loop
      vertex 35.8887 17.0465 0.65
      vertex 35.352 18.1795 0.65
      vertex 35.404 18.2139 0.65
    endloop
  endfacet
  facet normal 0 0 -1
    outer loop
      vertex 35.8887 17.0465 0.65
      vertex 35.2892 18.1466 0.65
      vertex 35.352 18.1795 0.65
    endloop
  endfacet
  facet normal 0 0 -1
    outer loop
      vertex 35.0358 18.0562 0.65
      vertex 35.492 16.9119 0.65
      vertex 35.2666 16.8574 0.65
    endloop
  endfacet
  facet normal 0 0 -1
    outer loop
      vertex 35.6993 16.975 0.65
      vertex 35.2156 18.115 0.65
      vertex 35.2892 18.1466 0.65
    endloop
  endfacet
  facet normal 0 0 -1
    outer loop
      vertex 35.492 16.9119 0.65
      vertex 35.1311 18.0849 0.65
      vertex 35.2156 18.115 0.65
    endloop
  endfacet
  facet normal 0 0 -1
    outer loop
      vertex 35.492 16.9119 0.65
      vertex 35.0358 18.0562 0.65
      vertex 35.1311 18.0849 0.65
    endloop
  endfacet
  facet normal 0 0 -1
    outer loop
      vertex 35.2666 16.8574 0.65
      vertex 34.9296 18.029 0.65
      vertex 35.0358 18.0562 0.65
    endloop
  endfacet
  facet normal 0 0 -1
    outer loop
      vertex 35.2666 16.8574 0.65
      vertex 34.8126 18.0031 0.65
      vertex 34.9296 18.029 0.65
    endloop
  endfacet
  facet normal 0 0 -1
    outer loop
      vertex 34.721 16.7366 0.65
      vertex 34.8126 18.0031 0.65
      vertex 35.2666 16.8574 0.65
    endloop
  endfacet
  facet normal 0 0 -1
    outer loop
      vertex 34.212 17.8823 0.65
      vertex 34.721 16.7366 0.65
      vertex 34.5855 16.7047 0.65
    endloop
  endfacet
  facet normal 0 0 -1
    outer loop
      vertex 34.212 17.8823 0.65
      vertex 34.5855 16.7047 0.65
      vertex 34.4635 16.6715 0.65
    endloop
  endfacet
  facet normal 0 0 -1
    outer loop
      vertex 34.212 17.8823 0.65
      vertex 34.4635 16.6715 0.65
      vertex 34.355 16.6371 0.65
    endloop
  endfacet
  facet normal 0 0 -1
    outer loop
      vertex 33.9623 17.8261 0.65
      vertex 34.355 16.6371 0.65
      vertex 34.2601 16.6016 0.65
    endloop
  endfacet
  facet normal 0 0 -1
    outer loop
      vertex 34.721 16.7366 0.65
      vertex 34.212 17.8823 0.65
      vertex 34.8126 18.0031 0.65
    endloop
  endfacet
  facet normal 0 0 -1
    outer loop
      vertex 33.734 17.7621 0.65
      vertex 34.2601 16.6016 0.65
      vertex 34.1787 16.5648 0.65
    endloop
  endfacet
  facet normal 0 0 -1
    outer loop
      vertex 33.5273 17.6904 0.65
      vertex 34.1787 16.5648 0.65
      vertex 34.1108 16.5269 0.65
    endloop
  endfacet
  facet normal 0 0 -1
    outer loop
      vertex 33.5273 17.6904 0.65
      vertex 34.1108 16.5269 0.65
      vertex 34.0564 16.4877 0.65
    endloop
  endfacet
  facet normal 0 0 -1
    outer loop
      vertex 33.1785 17.5236 0.65
      vertex 34.0564 16.4877 0.65
      vertex 34.0122 16.4456 0.65
    endloop
  endfacet
  facet normal 0 0 -1
    outer loop
      vertex 33.0364 17.4285 0.65
      vertex 34.0122 16.4456 0.65
      vertex 33.9748 16.3987 0.65
    endloop
  endfacet
  facet normal 0 0 -1
    outer loop
      vertex 34.355 16.6371 0.65
      vertex 33.9623 17.8261 0.65
      vertex 34.212 17.8823 0.65
    endloop
  endfacet
  facet normal 0 0 -1
    outer loop
      vertex 32.7274 17.0866 0.65
      vertex 33.9748 16.3987 0.65
      vertex 33.9442 16.347 0.65
    endloop
  endfacet
  facet normal 0 0 -1
    outer loop
      vertex 32.6018 16.796 0.65
      vertex 33.9442 16.347 0.65
      vertex 33.9204 16.2906 0.65
    endloop
  endfacet
  facet normal 0 0 -1
    outer loop
      vertex 32.5626 16.6314 0.65
      vertex 33.9204 16.2906 0.65
      vertex 33.9034 16.2293 0.65
    endloop
  endfacet
  facet normal 0 0 -1
    outer loop
      vertex 32.5312 16.2637 0.65
      vertex 33.9034 16.2293 0.65
      vertex 33.8932 16.1633 0.65
    endloop
  endfacet
  facet normal 0 0 -1
    outer loop
      vertex 32.5422 16.0147 0.65
      vertex 33.8932 16.1633 0.65
      vertex 33.8898 16.0925 0.65
    endloop
  endfacet
  facet normal 0 0 -1
    outer loop
      vertex 34.2601 16.6016 0.65
      vertex 33.734 17.7621 0.65
      vertex 33.9623 17.8261 0.65
    endloop
  endfacet
  facet normal 0 0 -1
    outer loop
      vertex 32.9254 15.0535 0.65
      vertex 33.9699 15.8093 0.65
      vertex 33.0677 14.9179 0.65
    endloop
  endfacet
  facet normal -0 0 -1
    outer loop
      vertex 33.9699 15.8093 0.65
      vertex 32.9254 15.0535 0.65
      vertex 33.9349 15.872 0.65
    endloop
  endfacet
  facet normal 0 0 -1
    outer loop
      vertex 34.1787 16.5648 0.65
      vertex 33.5273 17.6904 0.65
      vertex 33.734 17.7621 0.65
    endloop
  endfacet
  facet normal 0 0 -1
    outer loop
      vertex 32.8049 15.2079 0.65
      vertex 33.9349 15.872 0.65
      vertex 32.9254 15.0535 0.65
    endloop
  endfacet
  facet normal -0 0 -1
    outer loop
      vertex 33.8932 16.1633 0.65
      vertex 32.5422 16.0147 0.65
      vertex 32.5312 16.2637 0.65
    endloop
  endfacet
  facet normal 0 0 -1
    outer loop
      vertex 32.7064 15.3812 0.65
      vertex 33.9349 15.872 0.65
      vertex 32.8049 15.2079 0.65
    endloop
  endfacet
  facet normal 0 0 -1
    outer loop
      vertex 33.9034 16.2293 0.65
      vertex 32.5312 16.2637 0.65
      vertex 32.5391 16.454 0.65
    endloop
  endfacet
  facet normal -0 0 -1
    outer loop
      vertex 33.9349 15.872 0.65
      vertex 32.7064 15.3812 0.65
      vertex 33.9098 15.9401 0.65
    endloop
  endfacet
  facet normal 0 0 -1
    outer loop
      vertex 34.0564 16.4877 0.65
      vertex 33.3421 17.6109 0.65
      vertex 33.5273 17.6904 0.65
    endloop
  endfacet
  facet normal 0 0 -1
    outer loop
      vertex 32.6297 15.5735 0.65
      vertex 33.9098 15.9401 0.65
      vertex 32.7064 15.3812 0.65
    endloop
  endfacet
  facet normal 0 0 -1
    outer loop
      vertex 33.9034 16.2293 0.65
      vertex 32.5391 16.454 0.65
      vertex 32.5626 16.6314 0.65
    endloop
  endfacet
  facet normal 0 0 -1
    outer loop
      vertex 34.0564 16.4877 0.65
      vertex 33.1785 17.5236 0.65
      vertex 33.3421 17.6109 0.65
    endloop
  endfacet
  facet normal -0 0 -1
    outer loop
      vertex 33.9098 15.9401 0.65
      vertex 32.6297 15.5735 0.65
      vertex 33.8948 16.0136 0.65
    endloop
  endfacet
  facet normal 0 0 -1
    outer loop
      vertex 33.9204 16.2906 0.65
      vertex 32.5626 16.6314 0.65
      vertex 32.6018 16.796 0.65
    endloop
  endfacet
  facet normal 0 0 -1
    outer loop
      vertex 32.575 15.7847 0.65
      vertex 33.8948 16.0136 0.65
      vertex 32.6297 15.5735 0.65
    endloop
  endfacet
  facet normal 0 0 -1
    outer loop
      vertex 34.0122 16.4456 0.65
      vertex 33.0364 17.4285 0.65
      vertex 33.1785 17.5236 0.65
    endloop
  endfacet
  facet normal 0 0 -1
    outer loop
      vertex 32.5422 16.0147 0.65
      vertex 33.8948 16.0136 0.65
      vertex 32.575 15.7847 0.65
    endloop
  endfacet
  facet normal 0 0 -1
    outer loop
      vertex 33.9442 16.347 0.65
      vertex 32.6018 16.796 0.65
      vertex 32.6568 16.9477 0.65
    endloop
  endfacet
  facet normal 0 0 -1
    outer loop
      vertex 33.8948 16.0136 0.65
      vertex 32.5422 16.0147 0.65
      vertex 33.8898 16.0925 0.65
    endloop
  endfacet
  facet normal 0 0 -1
    outer loop
      vertex 33.9748 16.3987 0.65
      vertex 32.9157 17.3257 0.65
      vertex 33.0364 17.4285 0.65
    endloop
  endfacet
  facet normal 0 0 -1
    outer loop
      vertex 33.9442 16.347 0.65
      vertex 32.6568 16.9477 0.65
      vertex 32.7274 17.0866 0.65
    endloop
  endfacet
  facet normal 0 0 -1
    outer loop
      vertex 33.9748 16.3987 0.65
      vertex 32.7274 17.0866 0.65
      vertex 32.8137 17.2126 0.65
    endloop
  endfacet
  facet normal 0 0 -1
    outer loop
      vertex 33.9748 16.3987 0.65
      vertex 32.8137 17.2126 0.65
      vertex 32.9157 17.3257 0.65
    endloop
  endfacet
  facet normal 0 0 -1
    outer loop
      vertex 35.5636 18.4957 0.65
      vertex 36.8449 18.4549 0.65
      vertex 36.8372 18.274 0.65
    endloop
  endfacet
  facet normal 0 0 -1
    outer loop
      vertex 35.5636 18.4957 0.65
      vertex 36.8372 18.274 0.65
      vertex 36.814 18.1041 0.65
    endloop
  endfacet
  facet normal 0 0 -1
    outer loop
      vertex 36.8449 18.4549 0.65
      vertex 35.5669 18.5566 0.65
      vertex 36.8342 18.6806 0.65
    endloop
  endfacet
  facet normal 0 0 -1
    outer loop
      vertex 35.5636 18.4957 0.65
      vertex 36.814 18.1041 0.65
      vertex 36.7753 17.945 0.65
    endloop
  endfacet
  facet normal 0 0 -1
    outer loop
      vertex 35.562 18.6372 0.65
      vertex 36.8342 18.6806 0.65
      vertex 35.5669 18.5566 0.65
    endloop
  endfacet
  facet normal 0 0 -1
    outer loop
      vertex 35.5636 18.4957 0.65
      vertex 36.7753 17.945 0.65
      vertex 36.7212 17.7969 0.65
    endloop
  endfacet
  facet normal -0 0 -1
    outer loop
      vertex 36.8342 18.6806 0.65
      vertex 35.562 18.6372 0.65
      vertex 36.8019 18.891 0.65
    endloop
  endfacet
  facet normal 0 0 -1
    outer loop
      vertex 35.5636 18.4957 0.65
      vertex 36.7212 17.7969 0.65
      vertex 36.6516 17.6597 0.65
    endloop
  endfacet
  facet normal 0 0 -1
    outer loop
      vertex 35.5472 18.7116 0.65
      vertex 36.8019 18.891 0.65
      vertex 35.562 18.6372 0.65
    endloop
  endfacet
  facet normal 0 0 -1
    outer loop
      vertex 35.5636 18.4957 0.65
      vertex 36.6516 17.6597 0.65
      vertex 36.5665 17.5334 0.65
    endloop
  endfacet
  facet normal 0 0 -1
    outer loop
      vertex 35.5636 18.4957 0.65
      vertex 36.5665 17.5334 0.65
      vertex 36.4659 17.418 0.65
    endloop
  endfacet
  facet normal -0 0 -1
    outer loop
      vertex 36.8019 18.891 0.65
      vertex 35.5472 18.7116 0.65
      vertex 36.7481 19.086 0.65
    endloop
  endfacet
  facet normal 0 0 -1
    outer loop
      vertex 35.5636 18.4957 0.65
      vertex 36.4659 17.418 0.65
      vertex 36.3486 17.3123 0.65
    endloop
  endfacet
  facet normal -0 0 -1
    outer loop
      vertex 36.7481 19.086 0.65
      vertex 35.5472 18.7116 0.65
      vertex 36.6727 19.2655 0.65
    endloop
  endfacet
  facet normal 0 0 -1
    outer loop
      vertex 35.5636 18.4957 0.65
      vertex 36.3486 17.3123 0.65
      vertex 36.2133 17.2152 0.65
    endloop
  endfacet
  facet normal 0 0 -1
    outer loop
      vertex 35.5225 18.7796 0.65
      vertex 36.6727 19.2655 0.65
      vertex 35.5472 18.7116 0.65
    endloop
  endfacet
  facet normal 0 0 -1
    outer loop
      vertex 35.5636 18.4957 0.65
      vertex 36.2133 17.2152 0.65
      vertex 36.06 17.1266 0.65
    endloop
  endfacet
  facet normal -0 0 -1
    outer loop
      vertex 36.6727 19.2655 0.65
      vertex 35.5225 18.7796 0.65
      vertex 36.5759 19.4296 0.65
    endloop
  endfacet
  facet normal 0 0 -1
    outer loop
      vertex 35.5636 18.4957 0.65
      vertex 36.06 17.1266 0.65
      vertex 35.8887 17.0465 0.65
    endloop
  endfacet
  facet normal 0 0 -1
    outer loop
      vertex 35.488 18.8414 0.65
      vertex 36.5759 19.4296 0.65
      vertex 35.5225 18.7796 0.65
    endloop
  endfacet
  facet normal 0 0 -1
    outer loop
      vertex 35.2892 18.1466 0.65
      vertex 35.8887 17.0465 0.65
      vertex 35.6993 16.975 0.65
    endloop
  endfacet
  facet normal -0 0 -1
    outer loop
      vertex 36.5759 19.4296 0.65
      vertex 35.488 18.8414 0.65
      vertex 36.4575 19.5784 0.65
    endloop
  endfacet
  facet normal -0 0 -1
    outer loop
      vertex 36.4575 19.5784 0.65
      vertex 35.488 18.8414 0.65
      vertex 36.3176 19.7117 0.65
    endloop
  endfacet
  facet normal 0 0 -1
    outer loop
      vertex 35.4436 18.8969 0.65
      vertex 36.3176 19.7117 0.65
      vertex 35.488 18.8414 0.65
    endloop
  endfacet
  facet normal -0 0 -1
    outer loop
      vertex 36.3176 19.7117 0.65
      vertex 35.4436 18.8969 0.65
      vertex 36.1575 19.8283 0.65
    endloop
  endfacet
  facet normal 0 0 -1
    outer loop
      vertex 35.3894 18.9461 0.65
      vertex 36.1575 19.8283 0.65
      vertex 35.4436 18.8969 0.65
    endloop
  endfacet
  facet normal -0 0 -1
    outer loop
      vertex 36.1575 19.8283 0.65
      vertex 35.3894 18.9461 0.65
      vertex 35.9786 19.927 0.65
    endloop
  endfacet
  facet normal 0 0 -1
    outer loop
      vertex 35.3253 18.9891 0.65
      vertex 35.9786 19.927 0.65
      vertex 35.3894 18.9461 0.65
    endloop
  endfacet
  facet normal -0 0 -1
    outer loop
      vertex 35.9786 19.927 0.65
      vertex 35.3253 18.9891 0.65
      vertex 35.7809 20.0078 0.65
    endloop
  endfacet
  facet normal 0 0 -1
    outer loop
      vertex 35.2508 19.026 0.65
      vertex 35.7809 20.0078 0.65
      vertex 35.3253 18.9891 0.65
    endloop
  endfacet
  facet normal -0 0 -1
    outer loop
      vertex 35.7809 20.0078 0.65
      vertex 35.2508 19.026 0.65
      vertex 35.5643 20.0706 0.65
    endloop
  endfacet
  facet normal 0 0 -1
    outer loop
      vertex 35.1656 19.0573 0.65
      vertex 35.5643 20.0706 0.65
      vertex 35.2508 19.026 0.65
    endloop
  endfacet
  facet normal -0 0 -1
    outer loop
      vertex 35.5643 20.0706 0.65
      vertex 35.1656 19.0573 0.65
      vertex 35.3289 20.1155 0.65
    endloop
  endfacet
  facet normal 0 0 -1
    outer loop
      vertex 35.0697 19.0829 0.65
      vertex 35.3289 20.1155 0.65
      vertex 35.1656 19.0573 0.65
    endloop
  endfacet
  facet normal -0 0 -1
    outer loop
      vertex 35.3289 20.1155 0.65
      vertex 35.0697 19.0829 0.65
      vertex 35.0747 20.1424 0.65
    endloop
  endfacet
  facet normal 0 0 -1
    outer loop
      vertex 34.963 19.1028 0.65
      vertex 35.0747 20.1424 0.65
      vertex 35.0697 19.0829 0.65
    endloop
  endfacet
  facet normal 0 0 -1
    outer loop
      vertex 34.8455 19.117 0.65
      vertex 35.0747 20.1424 0.65
      vertex 34.963 19.1028 0.65
    endloop
  endfacet
  facet normal 0 0 -1
    outer loop
      vertex 34.8455 19.117 0.65
      vertex 34.8016 20.1514 0.65
      vertex 35.0747 20.1424 0.65
    endloop
  endfacet
  facet normal 0 0 -1
    outer loop
      vertex 34.7172 19.1255 0.65
      vertex 34.8016 20.1514 0.65
      vertex 34.8455 19.117 0.65
    endloop
  endfacet
  facet normal 0 0 -1
    outer loop
      vertex 34.7172 19.1255 0.65
      vertex 34.6724 20.15 0.65
      vertex 34.8016 20.1514 0.65
    endloop
  endfacet
  facet normal 0 0 -1
    outer loop
      vertex 34.5782 19.1284 0.65
      vertex 34.6724 20.15 0.65
      vertex 34.7172 19.1255 0.65
    endloop
  endfacet
  facet normal 0 0 -1
    outer loop
      vertex 34.5782 19.1284 0.65
      vertex 34.5421 20.1458 0.65
      vertex 34.6724 20.15 0.65
    endloop
  endfacet
  facet normal 0 0 -1
    outer loop
      vertex 34.4685 19.1263 0.65
      vertex 34.5421 20.1458 0.65
      vertex 34.5782 19.1284 0.65
    endloop
  endfacet
  facet normal 0 0 -1
    outer loop
      vertex 34.4685 19.1263 0.65
      vertex 34.4108 20.1389 0.65
      vertex 34.5421 20.1458 0.65
    endloop
  endfacet
  facet normal 0 0 -1
    outer loop
      vertex 34.3567 19.12 0.65
      vertex 34.4108 20.1389 0.65
      vertex 34.4685 19.1263 0.65
    endloop
  endfacet
  facet normal 0 0 -1
    outer loop
      vertex 34.3567 19.12 0.65
      vertex 34.2785 20.1292 0.65
      vertex 34.4108 20.1389 0.65
    endloop
  endfacet
  facet normal 0 0 -1
    outer loop
      vertex 34.1451 20.1168 0.65
      vertex 34.3567 19.12 0.65
      vertex 34.2431 19.1095 0.65
    endloop
  endfacet
  facet normal 0 0 -1
    outer loop
      vertex 34.3567 19.12 0.65
      vertex 34.1451 20.1168 0.65
      vertex 34.2785 20.1292 0.65
    endloop
  endfacet
  facet normal 0 0 -1
    outer loop
      vertex 34.0107 20.1015 0.65
      vertex 34.2431 19.1095 0.65
      vertex 34.1274 19.0948 0.65
    endloop
  endfacet
  facet normal 0 0 -1
    outer loop
      vertex 34.2431 19.1095 0.65
      vertex 34.0107 20.1015 0.65
      vertex 34.1451 20.1168 0.65
    endloop
  endfacet
  facet normal 0 0 -1
    outer loop
      vertex 33.8752 20.0835 0.65
      vertex 34.1274 19.0948 0.65
      vertex 34.0099 19.0759 0.65
    endloop
  endfacet
  facet normal 0 0 -1
    outer loop
      vertex 33.7385 20.0628 0.65
      vertex 34.0099 19.0759 0.65
      vertex 33.8904 19.0528 0.65
    endloop
  endfacet
  facet normal 0 0 -1
    outer loop
      vertex 34.1274 19.0948 0.65
      vertex 33.8752 20.0835 0.65
      vertex 34.0107 20.1015 0.65
    endloop
  endfacet
  facet normal 0 0 -1
    outer loop
      vertex 33.6004 20.0392 0.65
      vertex 33.8904 19.0528 0.65
      vertex 33.769 19.0255 0.65
    endloop
  endfacet
  facet normal 0 0 -1
    outer loop
      vertex 34.0099 19.0759 0.65
      vertex 33.7385 20.0628 0.65
      vertex 33.8752 20.0835 0.65
    endloop
  endfacet
  facet normal 0 0 -1
    outer loop
      vertex 33.4611 20.0129 0.65
      vertex 33.769 19.0255 0.65
      vertex 33.6461 18.9941 0.65
    endloop
  endfacet
  facet normal 0 0 -1
    outer loop
      vertex 33.8904 19.0528 0.65
      vertex 33.6004 20.0392 0.65
      vertex 33.7385 20.0628 0.65
    endloop
  endfacet
  facet normal 0 0 -1
    outer loop
      vertex 33.3203 19.9839 0.65
      vertex 33.6461 18.9941 0.65
      vertex 33.5223 18.9586 0.65
    endloop
  endfacet
  facet normal 0 0 -1
    outer loop
      vertex 33.769 19.0255 0.65
      vertex 33.4611 20.0129 0.65
      vertex 33.6004 20.0392 0.65
    endloop
  endfacet
  facet normal 0 0 -1
    outer loop
      vertex 33.1783 19.952 0.65
      vertex 33.5223 18.9586 0.65
      vertex 33.3977 18.9191 0.65
    endloop
  endfacet
  facet normal 0 0 -1
    outer loop
      vertex 33.6461 18.9941 0.65
      vertex 33.3203 19.9839 0.65
      vertex 33.4611 20.0129 0.65
    endloop
  endfacet
  facet normal 0 0 -1
    outer loop
      vertex 33.0349 19.9174 0.65
      vertex 33.3977 18.9191 0.65
      vertex 33.2721 18.8755 0.65
    endloop
  endfacet
  facet normal 0 0 -1
    outer loop
      vertex 33.5223 18.9586 0.65
      vertex 33.1783 19.952 0.65
      vertex 33.3203 19.9839 0.65
    endloop
  endfacet
  facet normal 0 0 -1
    outer loop
      vertex 32.8901 19.88 0.65
      vertex 33.2721 18.8755 0.65
      vertex 33.1457 18.8279 0.65
    endloop
  endfacet
  facet normal 0 0 -1
    outer loop
      vertex 33.3977 18.9191 0.65
      vertex 33.0349 19.9174 0.65
      vertex 33.1783 19.952 0.65
    endloop
  endfacet
  facet normal 0 0 -1
    outer loop
      vertex 32.8901 19.88 0.65
      vertex 33.1457 18.8279 0.65
      vertex 33.0183 18.7763 0.65
    endloop
  endfacet
  facet normal 0 0 -1
    outer loop
      vertex 32.8901 19.88 0.65
      vertex 33.0183 18.7763 0.65
      vertex 32.8901 18.7206 0.65
    endloop
  endfacet
  facet normal 0 0 -1
    outer loop
      vertex 33.2721 18.8755 0.65
      vertex 32.8901 19.88 0.65
      vertex 33.0349 19.9174 0.65
    endloop
  endfacet
  facet normal 0 0 -1
    outer loop
      vertex 22.793 14.5838 0.65
      vertex 24.2029 20.0511 0.65
      vertex 24.2029 14.5838 0.65
    endloop
  endfacet
  facet normal -0 0 -1
    outer loop
      vertex 24.2029 20.0511 0.65
      vertex 22.793 14.5838 0.65
      vertex 22.793 20.0511 0.65
    endloop
  endfacet
  facet normal 0 0 -1
    outer loop
      vertex 28.8699 14.5838 0.65
      vertex 27.4601 15.6482 0.65
      vertex 28.8699 20.0511 0.65
    endloop
  endfacet
  facet normal 0 0 -1
    outer loop
      vertex 24.9846 14.5838 0.65
      vertex 27.4601 15.6482 0.65
      vertex 28.8699 14.5838 0.65
    endloop
  endfacet
  facet normal -0 0 -1
    outer loop
      vertex 27.4601 15.6482 0.65
      vertex 24.9846 14.5838 0.65
      vertex 24.9846 15.6482 0.65
    endloop
  endfacet
  facet normal -0 0 -1
    outer loop
      vertex 28.8699 20.0511 0.65
      vertex 27.4601 15.6482 0.65
      vertex 27.4601 20.0511 0.65
    endloop
  endfacet
  facet normal 0 0 -1
    outer loop
      vertex 20.1412 18.3337 0.65
      vertex 21.4777 14.5838 0.65
      vertex 20.1412 14.5838 0.65
    endloop
  endfacet
  facet normal 0 0 -1
    outer loop
      vertex 21.4777 14.5838 0.65
      vertex 20.1412 18.3337 0.65
      vertex 21.4777 20.0511 0.65
    endloop
  endfacet
  facet normal 0 0 -1
    outer loop
      vertex 20.1412 18.3337 0.65
      vertex 19.9032 20.0511 0.65
      vertex 21.4777 20.0511 0.65
    endloop
  endfacet
  facet normal 0 0 -1
    outer loop
      vertex 17.9148 16.3012 0.65
      vertex 20.1412 18.3337 0.65
      vertex 18.1527 14.5838 0.65
    endloop
  endfacet
  facet normal -0 0 -1
    outer loop
      vertex 20.1412 18.3337 0.65
      vertex 17.9148 16.3012 0.65
      vertex 19.9032 20.0511 0.65
    endloop
  endfacet
  facet normal 0 0 -1
    outer loop
      vertex 16.5782 14.5838 0.65
      vertex 17.9148 16.3012 0.65
      vertex 18.1527 14.5838 0.65
    endloop
  endfacet
  facet normal 0 0 -1
    outer loop
      vertex 16.5782 20.0511 0.65
      vertex 17.9148 16.3012 0.65
      vertex 16.5782 14.5838 0.65
    endloop
  endfacet
  facet normal 0 0 -1
    outer loop
      vertex 17.9148 16.3012 0.65
      vertex 16.5782 20.0511 0.65
      vertex 17.9148 20.0511 0.65
    endloop
  endfacet
  facet normal 0 0 -1
    outer loop
      vertex 40.5 14.4841 0.65
      vertex 40.4252 15.5194 0.65
      vertex 40.5 15.5299 0.65
    endloop
  endfacet
  facet normal 0 0 -1
    outer loop
      vertex 40.2876 14.4766 0.65
      vertex 40.4252 15.5194 0.65
      vertex 40.5 14.4841 0.65
    endloop
  endfacet
  facet normal 0 0 -1
    outer loop
      vertex 40.2876 14.4766 0.65
      vertex 40.2875 15.5134 0.65
      vertex 40.4252 15.5194 0.65
    endloop
  endfacet
  facet normal 0 0 -1
    outer loop
      vertex 40.2876 14.4766 0.65
      vertex 40.1489 15.5194 0.65
      vertex 40.2875 15.5134 0.65
    endloop
  endfacet
  facet normal 0 0 -1
    outer loop
      vertex 39.959 14.4882 0.65
      vertex 40.1489 15.5194 0.65
      vertex 40.2876 14.4766 0.65
    endloop
  endfacet
  facet normal -0 0 -1
    outer loop
      vertex 40.1489 15.5194 0.65
      vertex 39.959 14.4882 0.65
      vertex 40.0219 15.5372 0.65
    endloop
  endfacet
  facet normal 0 0 -1
    outer loop
      vertex 39.6553 14.523 0.65
      vertex 40.0219 15.5372 0.65
      vertex 39.959 14.4882 0.65
    endloop
  endfacet
  facet normal -0 0 -1
    outer loop
      vertex 40.0219 15.5372 0.65
      vertex 39.6553 14.523 0.65
      vertex 39.9065 15.5669 0.65
    endloop
  endfacet
  facet normal -0 0 -1
    outer loop
      vertex 39.9065 15.5669 0.65
      vertex 39.6553 14.523 0.65
      vertex 39.8027 15.6085 0.65
    endloop
  endfacet
  facet normal 0 0 -1
    outer loop
      vertex 39.3767 14.5809 0.65
      vertex 39.8027 15.6085 0.65
      vertex 39.6553 14.523 0.65
    endloop
  endfacet
  facet normal -0 0 -1
    outer loop
      vertex 39.8027 15.6085 0.65
      vertex 39.3767 14.5809 0.65
      vertex 39.7104 15.662 0.65
    endloop
  endfacet
  facet normal 0 0 -1
    outer loop
      vertex 39.123 14.662 0.65
      vertex 39.7104 15.662 0.65
      vertex 39.3767 14.5809 0.65
    endloop
  endfacet
  facet normal -0 0 -1
    outer loop
      vertex 39.7104 15.662 0.65
      vertex 39.123 14.662 0.65
      vertex 39.6298 15.7273 0.65
    endloop
  endfacet
  facet normal 0 0 -1
    outer loop
      vertex 38.8942 14.7663 0.65
      vertex 39.6298 15.7273 0.65
      vertex 39.123 14.662 0.65
    endloop
  endfacet
  facet normal -0 0 -1
    outer loop
      vertex 39.6298 15.7273 0.65
      vertex 38.8942 14.7663 0.65
      vertex 39.5607 15.8046 0.65
    endloop
  endfacet
  facet normal 0 0 -1
    outer loop
      vertex 38.6904 14.8938 0.65
      vertex 39.5607 15.8046 0.65
      vertex 38.8942 14.7663 0.65
    endloop
  endfacet
  facet normal 0 0 -1
    outer loop
      vertex 38.5116 15.0444 0.65
      vertex 39.5607 15.8046 0.65
      vertex 38.6904 14.8938 0.65
    endloop
  endfacet
  facet normal -0 0 -1
    outer loop
      vertex 39.5607 15.8046 0.65
      vertex 38.5116 15.0444 0.65
      vertex 39.5019 15.8957 0.65
    endloop
  endfacet
  facet normal 0 0 -1
    outer loop
      vertex 38.3571 15.2187 0.65
      vertex 39.5019 15.8957 0.65
      vertex 38.5116 15.0444 0.65
    endloop
  endfacet
  facet normal -0 0 -1
    outer loop
      vertex 39.5019 15.8957 0.65
      vertex 38.3571 15.2187 0.65
      vertex 39.4522 16.0025 0.65
    endloop
  endfacet
  facet normal 0 0 -1
    outer loop
      vertex 38.2264 15.4173 0.65
      vertex 39.4522 16.0025 0.65
      vertex 38.3571 15.2187 0.65
    endloop
  endfacet
  facet normal 0 0 -1
    outer loop
      vertex 38.1195 15.64 0.65
      vertex 39.4522 16.0025 0.65
      vertex 38.2264 15.4173 0.65
    endloop
  endfacet
  facet normal -0 0 -1
    outer loop
      vertex 39.4522 16.0025 0.65
      vertex 38.1195 15.64 0.65
      vertex 39.4115 16.1251 0.65
    endloop
  endfacet
  facet normal 0 0 -1
    outer loop
      vertex 38.0363 15.887 0.65
      vertex 39.4115 16.1251 0.65
      vertex 38.1195 15.64 0.65
    endloop
  endfacet
  facet normal -0 0 -1
    outer loop
      vertex 39.4115 16.1251 0.65
      vertex 38.0363 15.887 0.65
      vertex 39.3798 16.2635 0.65
    endloop
  endfacet
  facet normal 0 0 -1
    outer loop
      vertex 37.9769 16.1582 0.65
      vertex 39.3798 16.2635 0.65
      vertex 38.0363 15.887 0.65
    endloop
  endfacet
  facet normal -0 0 -1
    outer loop
      vertex 39.3798 16.2635 0.65
      vertex 37.9769 16.1582 0.65
      vertex 39.3572 16.4177 0.65
    endloop
  endfacet
  facet normal 0 0 -1
    outer loop
      vertex 37.9412 16.4536 0.65
      vertex 39.3572 16.4177 0.65
      vertex 37.9769 16.1582 0.65
    endloop
  endfacet
  facet normal 0 0 -1
    outer loop
      vertex 39.3572 16.4177 0.65
      vertex 37.9412 16.4536 0.65
      vertex 39.3436 16.5876 0.65
    endloop
  endfacet
  facet normal 0 0 -1
    outer loop
      vertex 37.9293 16.7733 0.65
      vertex 39.3436 16.5876 0.65
      vertex 37.9412 16.4536 0.65
    endloop
  endfacet
  facet normal 0 0 -1
    outer loop
      vertex 39.3436 16.5876 0.65
      vertex 37.9293 16.7733 0.65
      vertex 39.3391 16.7733 0.65
    endloop
  endfacet
  facet normal 0 0 -1
    outer loop
      vertex 39.3391 16.7733 0.65
      vertex 37.9293 16.7733 0.65
      vertex 39.3391 20.0511 0.65
    endloop
  endfacet
  facet normal -0 0 -1
    outer loop
      vertex 39.3391 20.0511 0.65
      vertex 37.9293 16.7733 0.65
      vertex 37.9293 20.0511 0.65
    endloop
  endfacet
  facet normal 0 0 -1
    outer loop
      vertex 42.05 15.036 0.65
      vertex 42.6421 16.7733 0.65
      vertex 42.6303 16.4536 0.65
    endloop
  endfacet
  facet normal 0 0 -1
    outer loop
      vertex 42.05 15.036 0.65
      vertex 42.6303 16.4536 0.65
      vertex 42.5946 16.1582 0.65
    endloop
  endfacet
  facet normal 0 0 -1
    outer loop
      vertex 42.05 15.036 0.65
      vertex 42.5946 16.1582 0.65
      vertex 42.5352 15.887 0.65
    endloop
  endfacet
  facet normal 0 0 -1
    outer loop
      vertex 42.05 15.036 0.65
      vertex 42.5352 15.887 0.65
      vertex 42.452 15.64 0.65
    endloop
  endfacet
  facet normal 0 0 -1
    outer loop
      vertex 42.05 15.036 0.65
      vertex 42.452 15.64 0.65
      vertex 42.3451 15.4173 0.65
    endloop
  endfacet
  facet normal 0 0 -1
    outer loop
      vertex 42.05 15.036 0.65
      vertex 42.3451 15.4173 0.65
      vertex 42.2144 15.2187 0.65
    endloop
  endfacet
  facet normal 0 0 -1
    outer loop
      vertex 42.05 15.036 0.65
      vertex 42.2144 15.2187 0.65
      vertex 42.0599 15.0444 0.65
    endloop
  endfacet
  facet normal -0 0 -1
    outer loop
      vertex 42.6421 16.7733 0.65
      vertex 42.05 15.036 0.65
      vertex 42.05 20.0511 0.65
    endloop
  endfacet
  facet normal 0 0 -1
    outer loop
      vertex 42.6421 16.7733 0.65
      vertex 42.05 20.0511 0.65
      vertex 42.6421 20.0511 0.65
    endloop
  endfacet
  facet normal 0 0 -1
    outer loop
      vertex 47.3 18.0785 0.65
      vertex 47.1973 20.0511 0.65
      vertex 47.3 20.0511 0.65
    endloop
  endfacet
  facet normal 0 0 -1
    outer loop
      vertex 45.45 16.7559 0.65
      vertex 47.3 18.0785 0.65
      vertex 45.45 14.5896 0.65
    endloop
  endfacet
  facet normal -0 0 -1
    outer loop
      vertex 47.3 18.0785 0.65
      vertex 45.45 16.7559 0.65
      vertex 47.1973 20.0511 0.65
    endloop
  endfacet
  facet normal 0 0 -1
    outer loop
      vertex 43.8723 14.5838 0.65
      vertex 43.9 20.0511 0.65
      vertex 43.9 14.5838 0.65
    endloop
  endfacet
  facet normal -0 0 -1
    outer loop
      vertex 43.9 20.0511 0.65
      vertex 43.8723 14.5838 0.65
      vertex 43.8723 20.0511 0.65
    endloop
  endfacet
  facet normal 0 0 -1
    outer loop
      vertex 13.9382 16.737 0.65
      vertex 12.9019 17.4621 0.65
      vertex 13.9382 18.0553 0.65
    endloop
  endfacet
  facet normal 0 0 -1
    outer loop
      vertex 11.763 14.5838 0.65
      vertex 12.9019 17.4621 0.65
      vertex 13.9382 16.737 0.65
    endloop
  endfacet
  facet normal 0 0 -1
    outer loop
      vertex 12.9019 17.4621 0.65
      vertex 11.763 14.5838 0.65
      vertex 9.998 14.5838 0.65
    endloop
  endfacet
  facet normal 0 0 -1
    outer loop
      vertex 13.9382 16.737 0.65
      vertex 15.348 14.5838 0.65
      vertex 13.9382 14.5838 0.65
    endloop
  endfacet
  facet normal 0 0 -1
    outer loop
      vertex 15.348 14.5838 0.65
      vertex 13.9382 16.737 0.65
      vertex 15.348 20.0511 0.65
    endloop
  endfacet
  facet normal 0 0 -1
    outer loop
      vertex 13.9382 18.0553 0.65
      vertex 15.348 20.0511 0.65
      vertex 13.9382 16.737 0.65
    endloop
  endfacet
  facet normal -0 0 -1
    outer loop
      vertex 15.348 20.0511 0.65
      vertex 13.9382 18.0553 0.65
      vertex 13.9382 20.0511 0.65
    endloop
  endfacet
  facet normal 0 0 -1
    outer loop
      vertex 12.9019 17.4621 0.65
      vertex 11.9058 20.0511 0.65
      vertex 13.9382 18.0553 0.65
    endloop
  endfacet
  facet normal -0 -0 -1
    outer loop
      vertex 11.9058 20.0511 0.65
      vertex 12.9019 17.4621 0.65
      vertex 10.269 20.0511 0.65
    endloop
  endfacet
  facet normal -0.130551 0.991442 0
    outer loop
      vertex 57.5 14.5341 0
      vertex 57.1818 14.4922 0.65
      vertex 57.5 14.5341 0.65
    endloop
  endfacet
  facet normal -0.130551 0.991442 0
    outer loop
      vertex 57.1818 14.4922 0.65
      vertex 57.5 14.5341 0
      vertex 57.1818 14.4922 0
    endloop
  endfacet
  facet normal -0.734662 0.678433 0
    outer loop
      vertex 59.05 15.33 0
      vertex 59.1791 15.4698 0.65
      vertex 59.1791 15.4698 0
    endloop
  endfacet
  facet normal -0.734662 0.678433 0
    outer loop
      vertex 59.1791 15.4698 0.65
      vertex 59.05 15.33 0
      vertex 59.05 15.33 0.65
    endloop
  endfacet
  facet normal -0.814411 0.580288 0
    outer loop
      vertex 59.1791 15.4698 0
      vertex 59.3583 15.7213 0.65
      vertex 59.3583 15.7213 0
    endloop
  endfacet
  facet normal -0.814411 0.580288 0
    outer loop
      vertex 59.3583 15.7213 0.65
      vertex 59.1791 15.4698 0
      vertex 59.1791 15.4698 0.65
    endloop
  endfacet
  facet normal -0.881585 0.472025 0
    outer loop
      vertex 59.3583 15.7213 0
      vertex 59.5049 15.9951 0.65
      vertex 59.5049 15.9951 0
    endloop
  endfacet
  facet normal -0.881585 0.472025 0
    outer loop
      vertex 59.5049 15.9951 0.65
      vertex 59.3583 15.7213 0
      vertex 59.3583 15.7213 0.65
    endloop
  endfacet
  facet normal -0.933142 0.359507 0
    outer loop
      vertex 59.5049 15.9951 0
      vertex 59.6189 16.291 0.65
      vertex 59.6189 16.291 0
    endloop
  endfacet
  facet normal -0.933142 0.359507 0
    outer loop
      vertex 59.6189 16.291 0.65
      vertex 59.5049 15.9951 0
      vertex 59.5049 15.9951 0.65
    endloop
  endfacet
  facet normal -0.96873 0.248119 0
    outer loop
      vertex 59.6189 16.291 0
      vertex 59.7004 16.6092 0.65
      vertex 59.7004 16.6092 0
    endloop
  endfacet
  facet normal -0.96873 0.248119 0
    outer loop
      vertex 59.7004 16.6092 0.65
      vertex 59.6189 16.291 0
      vertex 59.6189 16.291 0.65
    endloop
  endfacet
  facet normal -0.989839 0.142195 0
    outer loop
      vertex 59.7004 16.6092 0
      vertex 59.7493 16.9496 0.65
      vertex 59.7493 16.9496 0
    endloop
  endfacet
  facet normal -0.989839 0.142195 0
    outer loop
      vertex 59.7493 16.9496 0.65
      vertex 59.7004 16.6092 0
      vertex 59.7004 16.6092 0.65
    endloop
  endfacet
  facet normal -0.998991 0.0449201 0
    outer loop
      vertex 59.7493 16.9496 0
      vertex 59.7656 17.3121 0.65
      vertex 59.7656 17.3121 0
    endloop
  endfacet
  facet normal -0.998991 0.0449201 0
    outer loop
      vertex 59.7656 17.3121 0.65
      vertex 59.7493 16.9496 0
      vertex 59.7493 16.9496 0.65
    endloop
  endfacet
  facet normal -0.998997 -0.0447845 0
    outer loop
      vertex 59.7656 17.3121 0
      vertex 59.7493 17.6757 0.65
      vertex 59.7493 17.6757 0
    endloop
  endfacet
  facet normal -0.998997 -0.0447845 0
    outer loop
      vertex 59.7493 17.6757 0.65
      vertex 59.7656 17.3121 0
      vertex 59.7656 17.3121 0.65
    endloop
  endfacet
  facet normal -0.989886 -0.141868 0
    outer loop
      vertex 59.7493 17.6757 0
      vertex 59.7004 18.0169 0.65
      vertex 59.7004 18.0169 0
    endloop
  endfacet
  facet normal -0.989886 -0.141868 0
    outer loop
      vertex 59.7004 18.0169 0.65
      vertex 59.7493 17.6757 0
      vertex 59.7493 17.6757 0.65
    endloop
  endfacet
  facet normal -0.968842 -0.247681 0
    outer loop
      vertex 59.7004 18.0169 0
      vertex 59.6189 18.3357 0.65
      vertex 59.6189 18.3357 0
    endloop
  endfacet
  facet normal -0.968842 -0.247681 0
    outer loop
      vertex 59.6189 18.3357 0.65
      vertex 59.7004 18.0169 0
      vertex 59.7004 18.0169 0.65
    endloop
  endfacet
  facet normal -0.933386 -0.358874 0
    outer loop
      vertex 59.6189 18.3357 0
      vertex 59.5049 18.6322 0.65
      vertex 59.5049 18.6322 0
    endloop
  endfacet
  facet normal -0.933386 -0.358874 0
    outer loop
      vertex 59.5049 18.6322 0.65
      vertex 59.6189 18.3357 0
      vertex 59.6189 18.3357 0.65
    endloop
  endfacet
  facet normal -0.8818 -0.471623 0
    outer loop
      vertex 59.5049 18.6322 0
      vertex 59.3583 18.9063 0.65
      vertex 59.3583 18.9063 0
    endloop
  endfacet
  facet normal -0.8818 -0.471623 0
    outer loop
      vertex 59.3583 18.9063 0.65
      vertex 59.5049 18.6322 0
      vertex 59.5049 18.6322 0.65
    endloop
  endfacet
  facet normal -0.814738 -0.579829 0
    outer loop
      vertex 59.3583 18.9063 0
      vertex 59.1791 19.1581 0.65
      vertex 59.1791 19.1581 0
    endloop
  endfacet
  facet normal -0.814738 -0.579829 0
    outer loop
      vertex 59.1791 19.1581 0.65
      vertex 59.3583 18.9063 0
      vertex 59.3583 18.9063 0.65
    endloop
  endfacet
  facet normal -0.734662 -0.678433 0
    outer loop
      vertex 59.1791 19.1581 0
      vertex 59.05 19.2979 0.65
      vertex 59.05 19.2979 0
    endloop
  endfacet
  facet normal -0.734662 -0.678433 0
    outer loop
      vertex 59.05 19.2979 0.65
      vertex 59.1791 19.1581 0
      vertex 59.1791 19.1581 0.65
    endloop
  endfacet
  facet normal -0.130551 -0.991442 0
    outer loop
      vertex 57.1818 20.1358 0
      vertex 57.5 20.0939 0.65
      vertex 57.1818 20.1358 0.65
    endloop
  endfacet
  facet normal -0.130551 -0.991442 -0
    outer loop
      vertex 57.5 20.0939 0.65
      vertex 57.1818 20.1358 0
      vertex 57.5 20.0939 0
    endloop
  endfacet
  facet normal -0.0411587 -0.999153 0
    outer loop
      vertex 56.8031 20.1514 0
      vertex 57.1818 20.1358 0.65
      vertex 56.8031 20.1514 0.65
    endloop
  endfacet
  facet normal -0.0411587 -0.999153 -0
    outer loop
      vertex 57.1818 20.1358 0.65
      vertex 56.8031 20.1514 0
      vertex 57.1818 20.1358 0
    endloop
  endfacet
  facet normal 0.0161517 -0.99987 0
    outer loop
      vertex 56.6731 20.1493 0
      vertex 56.8031 20.1514 0.65
      vertex 56.6731 20.1493 0.65
    endloop
  endfacet
  facet normal 0.0161517 -0.99987 0
    outer loop
      vertex 56.8031 20.1514 0.65
      vertex 56.6731 20.1493 0
      vertex 56.8031 20.1514 0
    endloop
  endfacet
  facet normal 0.0489304 -0.998802 0
    outer loop
      vertex 56.5445 20.143 0
      vertex 56.6731 20.1493 0.65
      vertex 56.5445 20.143 0.65
    endloop
  endfacet
  facet normal 0.0489304 -0.998802 0
    outer loop
      vertex 56.6731 20.1493 0.65
      vertex 56.5445 20.143 0
      vertex 56.6731 20.1493 0
    endloop
  endfacet
  facet normal 0.082396 -0.9966 0
    outer loop
      vertex 56.4175 20.1325 0
      vertex 56.5445 20.143 0.65
      vertex 56.4175 20.1325 0.65
    endloop
  endfacet
  facet normal 0.082396 -0.9966 0
    outer loop
      vertex 56.5445 20.143 0.65
      vertex 56.4175 20.1325 0
      vertex 56.5445 20.143 0
    endloop
  endfacet
  facet normal 0.116245 -0.993221 0
    outer loop
      vertex 56.2919 20.1178 0
      vertex 56.4175 20.1325 0.65
      vertex 56.2919 20.1178 0.65
    endloop
  endfacet
  facet normal 0.116245 -0.993221 0
    outer loop
      vertex 56.4175 20.1325 0.65
      vertex 56.2919 20.1178 0
      vertex 56.4175 20.1325 0
    endloop
  endfacet
  facet normal 0.1499 -0.988701 0
    outer loop
      vertex 56.1679 20.099 0
      vertex 56.2919 20.1178 0.65
      vertex 56.1679 20.099 0.65
    endloop
  endfacet
  facet normal 0.1499 -0.988701 0
    outer loop
      vertex 56.2919 20.1178 0.65
      vertex 56.1679 20.099 0
      vertex 56.2919 20.1178 0
    endloop
  endfacet
  facet normal 0.18516 -0.982708 0
    outer loop
      vertex 56.0453 20.0759 0
      vertex 56.1679 20.099 0.65
      vertex 56.0453 20.0759 0.65
    endloop
  endfacet
  facet normal 0.18516 -0.982708 0
    outer loop
      vertex 56.1679 20.099 0.65
      vertex 56.0453 20.0759 0
      vertex 56.1679 20.099 0
    endloop
  endfacet
  facet normal 0.21932 -0.975653 0
    outer loop
      vertex 55.9243 20.0487 0
      vertex 56.0453 20.0759 0.65
      vertex 55.9243 20.0487 0.65
    endloop
  endfacet
  facet normal 0.21932 -0.975653 0
    outer loop
      vertex 56.0453 20.0759 0.65
      vertex 55.9243 20.0487 0
      vertex 56.0453 20.0759 0
    endloop
  endfacet
  facet normal 0.253737 -0.967273 0
    outer loop
      vertex 55.8046 20.0173 0
      vertex 55.9243 20.0487 0.65
      vertex 55.8046 20.0173 0.65
    endloop
  endfacet
  facet normal 0.253737 -0.967273 0
    outer loop
      vertex 55.9243 20.0487 0.65
      vertex 55.8046 20.0173 0
      vertex 55.9243 20.0487 0
    endloop
  endfacet
  facet normal 0.285936 -0.958249 0
    outer loop
      vertex 55.6863 19.982 0
      vertex 55.8046 20.0173 0.65
      vertex 55.6863 19.982 0.65
    endloop
  endfacet
  facet normal 0.285936 -0.958249 0
    outer loop
      vertex 55.8046 20.0173 0.65
      vertex 55.6863 19.982 0
      vertex 55.8046 20.0173 0
    endloop
  endfacet
  facet normal 0.32092 -0.947106 0
    outer loop
      vertex 55.65 19.9697 0
      vertex 55.6863 19.982 0.65
      vertex 55.65 19.9697 0.65
    endloop
  endfacet
  facet normal 0.32092 -0.947106 0
    outer loop
      vertex 55.6863 19.982 0.65
      vertex 55.65 19.9697 0
      vertex 55.6863 19.982 0
    endloop
  endfacet
  facet normal -0.414521 0.91004 0
    outer loop
      vertex 55.6691 18.9216 0
      vertex 55.65 18.9129 0.65
      vertex 55.6691 18.9216 0.65
    endloop
  endfacet
  facet normal -0.414521 0.91004 0
    outer loop
      vertex 55.65 18.9129 0.65
      vertex 55.6691 18.9216 0
      vertex 55.65 18.9129 0
    endloop
  endfacet
  facet normal -0.374309 0.927304 0
    outer loop
      vertex 55.7786 18.9658 0
      vertex 55.6691 18.9216 0.65
      vertex 55.7786 18.9658 0.65
    endloop
  endfacet
  facet normal -0.374309 0.927304 0
    outer loop
      vertex 55.6691 18.9216 0.65
      vertex 55.7786 18.9658 0
      vertex 55.6691 18.9216 0
    endloop
  endfacet
  facet normal -0.332006 0.943277 0
    outer loop
      vertex 55.8877 19.0042 0
      vertex 55.7786 18.9658 0.65
      vertex 55.8877 19.0042 0.65
    endloop
  endfacet
  facet normal -0.332006 0.943277 0
    outer loop
      vertex 55.7786 18.9658 0.65
      vertex 55.8877 19.0042 0
      vertex 55.7786 18.9658 0
    endloop
  endfacet
  facet normal -0.287508 0.957778 0
    outer loop
      vertex 55.9973 19.0371 0
      vertex 55.8877 19.0042 0.65
      vertex 55.9973 19.0371 0.65
    endloop
  endfacet
  facet normal -0.287508 0.957778 0
    outer loop
      vertex 55.8877 19.0042 0.65
      vertex 55.9973 19.0371 0
      vertex 55.8877 19.0042 0
    endloop
  endfacet
  facet normal -0.243151 0.969989 0
    outer loop
      vertex 56.1086 19.065 0
      vertex 55.9973 19.0371 0.65
      vertex 56.1086 19.065 0.65
    endloop
  endfacet
  facet normal -0.243151 0.969989 0
    outer loop
      vertex 55.9973 19.0371 0.65
      vertex 56.1086 19.065 0
      vertex 55.9973 19.0371 0
    endloop
  endfacet
  facet normal -0.197952 0.980212 0
    outer loop
      vertex 56.2215 19.0878 0
      vertex 56.1086 19.065 0.65
      vertex 56.2215 19.0878 0.65
    endloop
  endfacet
  facet normal -0.197952 0.980212 0
    outer loop
      vertex 56.1086 19.065 0.65
      vertex 56.2215 19.0878 0
      vertex 56.1086 19.065 0
    endloop
  endfacet
  facet normal -0.153613 0.988131 0
    outer loop
      vertex 56.336 19.1056 0
      vertex 56.2215 19.0878 0.65
      vertex 56.336 19.1056 0.65
    endloop
  endfacet
  facet normal -0.153613 0.988131 0
    outer loop
      vertex 56.2215 19.0878 0.65
      vertex 56.336 19.1056 0
      vertex 56.2215 19.0878 0
    endloop
  endfacet
  facet normal -0.10771 0.994182 0
    outer loop
      vertex 56.4523 19.1182 0
      vertex 56.336 19.1056 0.65
      vertex 56.4523 19.1182 0.65
    endloop
  endfacet
  facet normal -0.10771 0.994182 0
    outer loop
      vertex 56.336 19.1056 0.65
      vertex 56.4523 19.1182 0
      vertex 56.336 19.1056 0
    endloop
  endfacet
  facet normal -0.0652258 0.997871 0
    outer loop
      vertex 56.5701 19.1259 0
      vertex 56.4523 19.1182 0.65
      vertex 56.5701 19.1259 0.65
    endloop
  endfacet
  facet normal -0.0652258 0.997871 0
    outer loop
      vertex 56.4523 19.1182 0.65
      vertex 56.5701 19.1259 0
      vertex 56.4523 19.1182 0
    endloop
  endfacet
  facet normal -0.0209159 0.999781 0
    outer loop
      vertex 56.6896 19.1284 0
      vertex 56.5701 19.1259 0.65
      vertex 56.6896 19.1284 0.65
    endloop
  endfacet
  facet normal -0.0209159 0.999781 0
    outer loop
      vertex 56.5701 19.1259 0.65
      vertex 56.6896 19.1284 0
      vertex 56.5701 19.1259 0
    endloop
  endfacet
  facet normal 0.0473154 0.99888 -0
    outer loop
      vertex 56.8986 19.1185 0
      vertex 56.6896 19.1284 0.65
      vertex 56.8986 19.1185 0.65
    endloop
  endfacet
  facet normal 0.0473154 0.99888 0
    outer loop
      vertex 56.6896 19.1284 0.65
      vertex 56.8986 19.1185 0
      vertex 56.6896 19.1284 0
    endloop
  endfacet
  facet normal 0.149476 0.988765 -0
    outer loop
      vertex 57.0944 19.0889 0
      vertex 56.8986 19.1185 0.65
      vertex 57.0944 19.0889 0.65
    endloop
  endfacet
  facet normal 0.149476 0.988765 0
    outer loop
      vertex 56.8986 19.1185 0.65
      vertex 57.0944 19.0889 0
      vertex 56.8986 19.1185 0
    endloop
  endfacet
  facet normal 0.260656 0.965432 -0
    outer loop
      vertex 57.277 19.0396 0
      vertex 57.0944 19.0889 0.65
      vertex 57.277 19.0396 0.65
    endloop
  endfacet
  facet normal 0.260656 0.965432 0
    outer loop
      vertex 57.0944 19.0889 0.65
      vertex 57.277 19.0396 0
      vertex 57.0944 19.0889 0
    endloop
  endfacet
  facet normal 0.377037 0.926198 -0
    outer loop
      vertex 57.4465 18.9706 0
      vertex 57.277 19.0396 0.65
      vertex 57.4465 18.9706 0.65
    endloop
  endfacet
  facet normal 0.377037 0.926198 0
    outer loop
      vertex 57.277 19.0396 0.65
      vertex 57.4465 18.9706 0
      vertex 57.277 19.0396 0
    endloop
  endfacet
  facet normal 0.494037 0.869441 -0
    outer loop
      vertex 57.5 18.9402 0
      vertex 57.4465 18.9706 0.65
      vertex 57.5 18.9402 0.65
    endloop
  endfacet
  facet normal 0.494037 0.869441 0
    outer loop
      vertex 57.4465 18.9706 0.65
      vertex 57.5 18.9402 0
      vertex 57.4465 18.9706 0
    endloop
  endfacet
  facet normal 0.494037 -0.869441 0
    outer loop
      vertex 57.4465 15.6574 0
      vertex 57.5 15.6878 0.65
      vertex 57.4465 15.6574 0.65
    endloop
  endfacet
  facet normal 0.494037 -0.869441 0
    outer loop
      vertex 57.5 15.6878 0.65
      vertex 57.4465 15.6574 0
      vertex 57.5 15.6878 0
    endloop
  endfacet
  facet normal 0.377037 -0.926198 0
    outer loop
      vertex 57.277 15.5884 0
      vertex 57.4465 15.6574 0.65
      vertex 57.277 15.5884 0.65
    endloop
  endfacet
  facet normal 0.377037 -0.926198 0
    outer loop
      vertex 57.4465 15.6574 0.65
      vertex 57.277 15.5884 0
      vertex 57.4465 15.6574 0
    endloop
  endfacet
  facet normal 0.260656 -0.965432 0
    outer loop
      vertex 57.0944 15.5391 0
      vertex 57.277 15.5884 0.65
      vertex 57.0944 15.5391 0.65
    endloop
  endfacet
  facet normal 0.260656 -0.965432 0
    outer loop
      vertex 57.277 15.5884 0.65
      vertex 57.0944 15.5391 0
      vertex 57.277 15.5884 0
    endloop
  endfacet
  facet normal 0.149476 -0.988765 0
    outer loop
      vertex 56.8986 15.5095 0
      vertex 57.0944 15.5391 0.65
      vertex 56.8986 15.5095 0.65
    endloop
  endfacet
  facet normal 0.149476 -0.988765 0
    outer loop
      vertex 57.0944 15.5391 0.65
      vertex 56.8986 15.5095 0
      vertex 57.0944 15.5391 0
    endloop
  endfacet
  facet normal 0.0473154 -0.99888 0
    outer loop
      vertex 56.6896 15.4996 0
      vertex 56.8986 15.5095 0.65
      vertex 56.6896 15.4996 0.65
    endloop
  endfacet
  facet normal 0.0473154 -0.99888 0
    outer loop
      vertex 56.8986 15.5095 0.65
      vertex 56.6896 15.4996 0
      vertex 56.8986 15.5095 0
    endloop
  endfacet
  facet normal -0.0209159 -0.999781 0
    outer loop
      vertex 56.5701 15.5021 0
      vertex 56.6896 15.4996 0.65
      vertex 56.5701 15.5021 0.65
    endloop
  endfacet
  facet normal -0.0209159 -0.999781 -0
    outer loop
      vertex 56.6896 15.4996 0.65
      vertex 56.5701 15.5021 0
      vertex 56.6896 15.4996 0
    endloop
  endfacet
  facet normal -0.0643823 -0.997925 0
    outer loop
      vertex 56.4523 15.5097 0
      vertex 56.5701 15.5021 0.65
      vertex 56.4523 15.5097 0.65
    endloop
  endfacet
  facet normal -0.0643823 -0.997925 -0
    outer loop
      vertex 56.5701 15.5021 0.65
      vertex 56.4523 15.5097 0
      vertex 56.5701 15.5021 0
    endloop
  endfacet
  facet normal -0.108555 -0.99409 0
    outer loop
      vertex 56.336 15.5224 0
      vertex 56.4523 15.5097 0.65
      vertex 56.336 15.5224 0.65
    endloop
  endfacet
  facet normal -0.108555 -0.99409 -0
    outer loop
      vertex 56.4523 15.5097 0.65
      vertex 56.336 15.5224 0
      vertex 56.4523 15.5097 0
    endloop
  endfacet
  facet normal -0.152771 -0.988262 0
    outer loop
      vertex 56.2215 15.5401 0
      vertex 56.336 15.5224 0.65
      vertex 56.2215 15.5401 0.65
    endloop
  endfacet
  facet normal -0.152771 -0.988262 -0
    outer loop
      vertex 56.336 15.5224 0.65
      vertex 56.2215 15.5401 0
      vertex 56.336 15.5224 0
    endloop
  endfacet
  facet normal -0.197952 -0.980212 0
    outer loop
      vertex 56.1086 15.5629 0
      vertex 56.2215 15.5401 0.65
      vertex 56.1086 15.5629 0.65
    endloop
  endfacet
  facet normal -0.197952 -0.980212 -0
    outer loop
      vertex 56.2215 15.5401 0.65
      vertex 56.1086 15.5629 0
      vertex 56.2215 15.5401 0
    endloop
  endfacet
  facet normal -0.243151 -0.969989 0
    outer loop
      vertex 55.9973 15.5908 0
      vertex 56.1086 15.5629 0.65
      vertex 55.9973 15.5908 0.65
    endloop
  endfacet
  facet normal -0.243151 -0.969989 -0
    outer loop
      vertex 56.1086 15.5629 0.65
      vertex 55.9973 15.5908 0
      vertex 56.1086 15.5629 0
    endloop
  endfacet
  facet normal -0.287508 -0.957778 0
    outer loop
      vertex 55.8877 15.6237 0
      vertex 55.9973 15.5908 0.65
      vertex 55.8877 15.6237 0.65
    endloop
  endfacet
  facet normal -0.287508 -0.957778 -0
    outer loop
      vertex 55.9973 15.5908 0.65
      vertex 55.8877 15.6237 0
      vertex 55.9973 15.5908 0
    endloop
  endfacet
  facet normal -0.332006 -0.943277 0
    outer loop
      vertex 55.7786 15.6621 0
      vertex 55.8877 15.6237 0.65
      vertex 55.7786 15.6621 0.65
    endloop
  endfacet
  facet normal -0.332006 -0.943277 -0
    outer loop
      vertex 55.8877 15.6237 0.65
      vertex 55.7786 15.6621 0
      vertex 55.8877 15.6237 0
    endloop
  endfacet
  facet normal -0.374309 -0.927304 0
    outer loop
      vertex 55.6691 15.7063 0
      vertex 55.7786 15.6621 0.65
      vertex 55.6691 15.7063 0.65
    endloop
  endfacet
  facet normal -0.374309 -0.927304 -0
    outer loop
      vertex 55.7786 15.6621 0.65
      vertex 55.6691 15.7063 0
      vertex 55.7786 15.6621 0
    endloop
  endfacet
  facet normal -0.418455 -0.908238 0
    outer loop
      vertex 55.65 15.7151 0
      vertex 55.6691 15.7063 0.65
      vertex 55.65 15.7151 0.65
    endloop
  endfacet
  facet normal -0.418455 -0.908238 -0
    outer loop
      vertex 55.6691 15.7063 0.65
      vertex 55.65 15.7151 0
      vertex 55.6691 15.7063 0
    endloop
  endfacet
  facet normal 0.32092 0.947106 -0
    outer loop
      vertex 55.6863 14.646 0
      vertex 55.65 14.6583 0.65
      vertex 55.6863 14.646 0.65
    endloop
  endfacet
  facet normal 0.32092 0.947106 0
    outer loop
      vertex 55.65 14.6583 0.65
      vertex 55.6863 14.646 0
      vertex 55.65 14.6583 0
    endloop
  endfacet
  facet normal 0.286679 0.958027 -0
    outer loop
      vertex 55.8046 14.6106 0
      vertex 55.6863 14.646 0.65
      vertex 55.8046 14.6106 0.65
    endloop
  endfacet
  facet normal 0.286679 0.958027 0
    outer loop
      vertex 55.6863 14.646 0.65
      vertex 55.8046 14.6106 0
      vertex 55.6863 14.646 0
    endloop
  endfacet
  facet normal 0.252981 0.967471 -0
    outer loop
      vertex 55.9243 14.5793 0
      vertex 55.8046 14.6106 0.65
      vertex 55.9243 14.5793 0.65
    endloop
  endfacet
  facet normal 0.252981 0.967471 0
    outer loop
      vertex 55.8046 14.6106 0.65
      vertex 55.9243 14.5793 0
      vertex 55.8046 14.6106 0
    endloop
  endfacet
  facet normal 0.220088 0.97548 -0
    outer loop
      vertex 56.0453 14.552 0
      vertex 55.9243 14.5793 0.65
      vertex 56.0453 14.552 0.65
    endloop
  endfacet
  facet normal 0.220088 0.97548 0
    outer loop
      vertex 55.9243 14.5793 0.65
      vertex 56.0453 14.552 0
      vertex 55.9243 14.5793 0
    endloop
  endfacet
  facet normal 0.184385 0.982854 -0
    outer loop
      vertex 56.1679 14.529 0
      vertex 56.0453 14.552 0.65
      vertex 56.1679 14.529 0.65
    endloop
  endfacet
  facet normal 0.184385 0.982854 0
    outer loop
      vertex 56.0453 14.552 0.65
      vertex 56.1679 14.529 0
      vertex 56.0453 14.552 0
    endloop
  endfacet
  facet normal 0.150679 0.988583 -0
    outer loop
      vertex 56.2919 14.5101 0
      vertex 56.1679 14.529 0.65
      vertex 56.2919 14.5101 0.65
    endloop
  endfacet
  facet normal 0.150679 0.988583 0
    outer loop
      vertex 56.1679 14.529 0.65
      vertex 56.2919 14.5101 0
      vertex 56.1679 14.529 0
    endloop
  endfacet
  facet normal 0.115465 0.993312 -0
    outer loop
      vertex 56.4175 14.4955 0
      vertex 56.2919 14.5101 0.65
      vertex 56.4175 14.4955 0.65
    endloop
  endfacet
  facet normal 0.115465 0.993312 0
    outer loop
      vertex 56.2919 14.5101 0.65
      vertex 56.4175 14.4955 0
      vertex 56.2919 14.5101 0
    endloop
  endfacet
  facet normal 0.082396 0.9966 -0
    outer loop
      vertex 56.5445 14.485 0
      vertex 56.4175 14.4955 0.65
      vertex 56.5445 14.485 0.65
    endloop
  endfacet
  facet normal 0.082396 0.9966 0
    outer loop
      vertex 56.4175 14.4955 0.65
      vertex 56.5445 14.485 0
      vertex 56.4175 14.4955 0
    endloop
  endfacet
  facet normal 0.0489304 0.998802 -0
    outer loop
      vertex 56.6731 14.4787 0
      vertex 56.5445 14.485 0.65
      vertex 56.6731 14.4787 0.65
    endloop
  endfacet
  facet normal 0.0489304 0.998802 0
    outer loop
      vertex 56.5445 14.485 0.65
      vertex 56.6731 14.4787 0
      vertex 56.5445 14.485 0
    endloop
  endfacet
  facet normal 0.0161517 0.99987 -0
    outer loop
      vertex 56.8031 14.4766 0
      vertex 56.6731 14.4787 0.65
      vertex 56.8031 14.4766 0.65
    endloop
  endfacet
  facet normal 0.0161517 0.99987 0
    outer loop
      vertex 56.6731 14.4787 0.65
      vertex 56.8031 14.4766 0
      vertex 56.6731 14.4787 0
    endloop
  endfacet
  facet normal -0.0411587 0.999153 0
    outer loop
      vertex 57.1818 14.4922 0
      vertex 56.8031 14.4766 0.65
      vertex 57.1818 14.4922 0.65
    endloop
  endfacet
  facet normal -0.0411587 0.999153 0
    outer loop
      vertex 56.8031 14.4766 0.65
      vertex 57.1818 14.4922 0
      vertex 56.8031 14.4766 0
    endloop
  endfacet
  facet normal -0.0409602 0.999161 0
    outer loop
      vertex 35.0038 14.4847 0
      vertex 34.855 14.4786 0.65
      vertex 35.0038 14.4847 0.65
    endloop
  endfacet
  facet normal -0.0409602 0.999161 0
    outer loop
      vertex 34.855 14.4786 0.65
      vertex 35.0038 14.4847 0
      vertex 34.855 14.4786 0
    endloop
  endfacet
  facet normal -0.06763 0.99771 0
    outer loop
      vertex 35.1528 14.4948 0
      vertex 35.0038 14.4847 0.65
      vertex 35.1528 14.4948 0.65
    endloop
  endfacet
  facet normal -0.06763 0.99771 0
    outer loop
      vertex 35.0038 14.4847 0.65
      vertex 35.1528 14.4948 0
      vertex 35.0038 14.4847 0
    endloop
  endfacet
  facet normal -0.09421 0.995552 0
    outer loop
      vertex 35.3018 14.5089 0
      vertex 35.1528 14.4948 0.65
      vertex 35.3018 14.5089 0.65
    endloop
  endfacet
  facet normal -0.09421 0.995552 0
    outer loop
      vertex 35.1528 14.4948 0.65
      vertex 35.3018 14.5089 0
      vertex 35.1528 14.4948 0
    endloop
  endfacet
  facet normal -0.121006 0.992652 0
    outer loop
      vertex 35.4511 14.5271 0
      vertex 35.3018 14.5089 0.65
      vertex 35.4511 14.5271 0.65
    endloop
  endfacet
  facet normal -0.121006 0.992652 0
    outer loop
      vertex 35.3018 14.5089 0.65
      vertex 35.4511 14.5271 0
      vertex 35.3018 14.5089 0
    endloop
  endfacet
  facet normal -0.146981 0.989139 0
    outer loop
      vertex 35.6005 14.5493 0
      vertex 35.4511 14.5271 0.65
      vertex 35.6005 14.5493 0.65
    endloop
  endfacet
  facet normal -0.146981 0.989139 0
    outer loop
      vertex 35.4511 14.5271 0.65
      vertex 35.6005 14.5493 0
      vertex 35.4511 14.5271 0
    endloop
  endfacet
  facet normal -0.173259 0.984876 0
    outer loop
      vertex 35.75 14.5756 0
      vertex 35.6005 14.5493 0.65
      vertex 35.75 14.5756 0.65
    endloop
  endfacet
  facet normal -0.173259 0.984876 0
    outer loop
      vertex 35.6005 14.5493 0.65
      vertex 35.75 14.5756 0
      vertex 35.6005 14.5493 0
    endloop
  endfacet
  facet normal -0.19788 0.980226 0
    outer loop
      vertex 35.8996 14.6058 0
      vertex 35.75 14.5756 0.65
      vertex 35.8996 14.6058 0.65
    endloop
  endfacet
  facet normal -0.19788 0.980226 0
    outer loop
      vertex 35.75 14.5756 0.65
      vertex 35.8996 14.6058 0
      vertex 35.75 14.5756 0
    endloop
  endfacet
  facet normal -0.222719 0.974883 0
    outer loop
      vertex 36.0493 14.64 0
      vertex 35.8996 14.6058 0.65
      vertex 36.0493 14.64 0.65
    endloop
  endfacet
  facet normal -0.222719 0.974883 0
    outer loop
      vertex 35.8996 14.6058 0.65
      vertex 36.0493 14.64 0
      vertex 35.8996 14.6058 0
    endloop
  endfacet
  facet normal -0.246192 0.969221 0
    outer loop
      vertex 36.1989 14.678 0
      vertex 36.0493 14.64 0.65
      vertex 36.1989 14.678 0.65
    endloop
  endfacet
  facet normal -0.246192 0.969221 0
    outer loop
      vertex 36.0493 14.64 0.65
      vertex 36.1989 14.678 0
      vertex 36.0493 14.64 0
    endloop
  endfacet
  facet normal -0.269702 0.962944 0
    outer loop
      vertex 36.3485 14.7199 0
      vertex 36.1989 14.678 0.65
      vertex 36.3485 14.7199 0.65
    endloop
  endfacet
  facet normal -0.269702 0.962944 0
    outer loop
      vertex 36.1989 14.678 0.65
      vertex 36.3485 14.7199 0
      vertex 36.1989 14.678 0
    endloop
  endfacet
  facet normal -0.292738 0.956193 0
    outer loop
      vertex 36.4981 14.7657 0
      vertex 36.3485 14.7199 0.65
      vertex 36.4981 14.7657 0.65
    endloop
  endfacet
  facet normal -0.292738 0.956193 0
    outer loop
      vertex 36.3485 14.7199 0.65
      vertex 36.4981 14.7657 0
      vertex 36.3485 14.7199 0
    endloop
  endfacet
  facet normal -0.315276 0.949 0
    outer loop
      vertex 36.6477 14.8154 0
      vertex 36.4981 14.7657 0.65
      vertex 36.6477 14.8154 0.65
    endloop
  endfacet
  facet normal -0.315276 0.949 0
    outer loop
      vertex 36.4981 14.7657 0.65
      vertex 36.6477 14.8154 0
      vertex 36.4981 14.7657 0
    endloop
  endfacet
  facet normal -0.336735 0.941599 0
    outer loop
      vertex 36.7973 14.8689 0
      vertex 36.6477 14.8154 0.65
      vertex 36.7973 14.8689 0.65
    endloop
  endfacet
  facet normal -0.336735 0.941599 0
    outer loop
      vertex 36.6477 14.8154 0.65
      vertex 36.7973 14.8689 0
      vertex 36.6477 14.8154 0
    endloop
  endfacet
  facet normal -1 0 0
    outer loop
      vertex 36.7973 14.8689 0
      vertex 36.7973 16.0595 0.65
      vertex 36.7973 16.0595 0
    endloop
  endfacet
  facet normal -1 -0 0
    outer loop
      vertex 36.7973 16.0595 0.65
      vertex 36.7973 14.8689 0
      vertex 36.7973 14.8689 0.65
    endloop
  endfacet
  facet normal 0.457928 -0.888989 0
    outer loop
      vertex 36.6484 15.9828 0
      vertex 36.7973 16.0595 0.65
      vertex 36.6484 15.9828 0.65
    endloop
  endfacet
  facet normal 0.457928 -0.888989 0
    outer loop
      vertex 36.7973 16.0595 0.65
      vertex 36.6484 15.9828 0
      vertex 36.7973 16.0595 0
    endloop
  endfacet
  facet normal 0.433724 -0.901046 0
    outer loop
      vertex 36.5009 15.9118 0
      vertex 36.6484 15.9828 0.65
      vertex 36.5009 15.9118 0.65
    endloop
  endfacet
  facet normal 0.433724 -0.901046 0
    outer loop
      vertex 36.6484 15.9828 0.65
      vertex 36.5009 15.9118 0
      vertex 36.6484 15.9828 0
    endloop
  endfacet
  facet normal 0.409325 -0.912389 0
    outer loop
      vertex 36.3549 15.8463 0
      vertex 36.5009 15.9118 0.65
      vertex 36.3549 15.8463 0.65
    endloop
  endfacet
  facet normal 0.409325 -0.912389 0
    outer loop
      vertex 36.5009 15.9118 0.65
      vertex 36.3549 15.8463 0
      vertex 36.5009 15.9118 0
    endloop
  endfacet
  facet normal 0.381938 -0.924188 0
    outer loop
      vertex 36.2102 15.7865 0
      vertex 36.3549 15.8463 0.65
      vertex 36.2102 15.7865 0.65
    endloop
  endfacet
  facet normal 0.381938 -0.924188 0
    outer loop
      vertex 36.3549 15.8463 0.65
      vertex 36.2102 15.7865 0
      vertex 36.3549 15.8463 0
    endloop
  endfacet
  facet normal 0.354556 -0.935035 0
    outer loop
      vertex 36.067 15.7322 0
      vertex 36.2102 15.7865 0.65
      vertex 36.067 15.7322 0.65
    endloop
  endfacet
  facet normal 0.354556 -0.935035 0
    outer loop
      vertex 36.2102 15.7865 0.65
      vertex 36.067 15.7322 0
      vertex 36.2102 15.7865 0
    endloop
  endfacet
  facet normal 0.324819 -0.945776 0
    outer loop
      vertex 35.9252 15.6835 0
      vertex 36.067 15.7322 0.65
      vertex 35.9252 15.6835 0.65
    endloop
  endfacet
  facet normal 0.324819 -0.945776 0
    outer loop
      vertex 36.067 15.7322 0.65
      vertex 35.9252 15.6835 0
      vertex 36.067 15.7322 0
    endloop
  endfacet
  facet normal 0.292841 -0.956161 0
    outer loop
      vertex 35.7848 15.6405 0
      vertex 35.9252 15.6835 0.65
      vertex 35.7848 15.6405 0.65
    endloop
  endfacet
  facet normal 0.292841 -0.956161 0
    outer loop
      vertex 35.9252 15.6835 0.65
      vertex 35.7848 15.6405 0
      vertex 35.9252 15.6835 0
    endloop
  endfacet
  facet normal 0.259824 -0.965656 0
    outer loop
      vertex 35.6458 15.6031 0
      vertex 35.7848 15.6405 0.65
      vertex 35.6458 15.6031 0.65
    endloop
  endfacet
  facet normal 0.259824 -0.965656 0
    outer loop
      vertex 35.7848 15.6405 0.65
      vertex 35.6458 15.6031 0
      vertex 35.7848 15.6405 0
    endloop
  endfacet
  facet normal 0.223979 -0.974594 0
    outer loop
      vertex 35.5083 15.5715 0
      vertex 35.6458 15.6031 0.65
      vertex 35.5083 15.5715 0.65
    endloop
  endfacet
  facet normal 0.223979 -0.974594 0
    outer loop
      vertex 35.6458 15.6031 0.65
      vertex 35.5083 15.5715 0
      vertex 35.6458 15.6031 0
    endloop
  endfacet
  facet normal 0.186946 -0.98237 0
    outer loop
      vertex 35.3722 15.5456 0
      vertex 35.5083 15.5715 0.65
      vertex 35.3722 15.5456 0.65
    endloop
  endfacet
  facet normal 0.186946 -0.98237 0
    outer loop
      vertex 35.5083 15.5715 0.65
      vertex 35.3722 15.5456 0
      vertex 35.5083 15.5715 0
    endloop
  endfacet
  facet normal 0.147586 -0.989049 0
    outer loop
      vertex 35.2375 15.5255 0
      vertex 35.3722 15.5456 0.65
      vertex 35.2375 15.5255 0.65
    endloop
  endfacet
  facet normal 0.147586 -0.989049 0
    outer loop
      vertex 35.3722 15.5456 0.65
      vertex 35.2375 15.5255 0
      vertex 35.3722 15.5456 0
    endloop
  endfacet
  facet normal 0.107402 -0.994216 0
    outer loop
      vertex 35.1042 15.5111 0
      vertex 35.2375 15.5255 0.65
      vertex 35.1042 15.5111 0.65
    endloop
  endfacet
  facet normal 0.107402 -0.994216 0
    outer loop
      vertex 35.2375 15.5255 0.65
      vertex 35.1042 15.5111 0
      vertex 35.2375 15.5255 0
    endloop
  endfacet
  facet normal 0.0650628 -0.997881 0
    outer loop
      vertex 34.9723 15.5025 0
      vertex 35.1042 15.5111 0.65
      vertex 34.9723 15.5025 0.65
    endloop
  endfacet
  facet normal 0.0650628 -0.997881 0
    outer loop
      vertex 35.1042 15.5111 0.65
      vertex 34.9723 15.5025 0
      vertex 35.1042 15.5111 0
    endloop
  endfacet
  facet normal 0.0222338 -0.999753 0
    outer loop
      vertex 34.8419 15.4996 0
      vertex 34.9723 15.5025 0.65
      vertex 34.8419 15.4996 0.65
    endloop
  endfacet
  facet normal 0.0222338 -0.999753 0
    outer loop
      vertex 34.9723 15.5025 0.65
      vertex 34.8419 15.4996 0
      vertex 34.9723 15.5025 0
    endloop
  endfacet
  facet normal -0.0243256 -0.999704 0
    outer loop
      vertex 34.7145 15.5027 0
      vertex 34.8419 15.4996 0.65
      vertex 34.7145 15.5027 0.65
    endloop
  endfacet
  facet normal -0.0243256 -0.999704 -0
    outer loop
      vertex 34.8419 15.4996 0.65
      vertex 34.7145 15.5027 0
      vertex 34.8419 15.4996 0
    endloop
  endfacet
  facet normal -0.0790102 -0.996874 0
    outer loop
      vertex 34.5959 15.5121 0
      vertex 34.7145 15.5027 0.65
      vertex 34.5959 15.5121 0.65
    endloop
  endfacet
  facet normal -0.0790102 -0.996874 -0
    outer loop
      vertex 34.7145 15.5027 0.65
      vertex 34.5959 15.5121 0
      vertex 34.7145 15.5027 0
    endloop
  endfacet
  facet normal -0.141548 -0.989931 0
    outer loop
      vertex 34.4861 15.5278 0
      vertex 34.5959 15.5121 0.65
      vertex 34.4861 15.5278 0.65
    endloop
  endfacet
  facet normal -0.141548 -0.989931 -0
    outer loop
      vertex 34.5959 15.5121 0.65
      vertex 34.4861 15.5278 0
      vertex 34.5959 15.5121 0
    endloop
  endfacet
  facet normal -0.212831 -0.977089 0
    outer loop
      vertex 34.3851 15.5498 0
      vertex 34.4861 15.5278 0.65
      vertex 34.3851 15.5498 0.65
    endloop
  endfacet
  facet normal -0.212831 -0.977089 -0
    outer loop
      vertex 34.4861 15.5278 0.65
      vertex 34.3851 15.5498 0
      vertex 34.4861 15.5278 0
    endloop
  endfacet
  facet normal -0.292772 -0.956182 0
    outer loop
      vertex 34.293 15.578 0
      vertex 34.3851 15.5498 0.65
      vertex 34.293 15.578 0.65
    endloop
  endfacet
  facet normal -0.292772 -0.956182 -0
    outer loop
      vertex 34.3851 15.5498 0.65
      vertex 34.293 15.578 0
      vertex 34.3851 15.5498 0
    endloop
  endfacet
  facet normal -0.382646 -0.923895 0
    outer loop
      vertex 34.2097 15.6125 0
      vertex 34.293 15.578 0.65
      vertex 34.2097 15.6125 0.65
    endloop
  endfacet
  facet normal -0.382646 -0.923895 -0
    outer loop
      vertex 34.293 15.578 0.65
      vertex 34.2097 15.6125 0
      vertex 34.293 15.578 0
    endloop
  endfacet
  facet normal -0.480336 -0.877084 0
    outer loop
      vertex 34.1352 15.6533 0
      vertex 34.2097 15.6125 0.65
      vertex 34.1352 15.6533 0.65
    endloop
  endfacet
  facet normal -0.480336 -0.877084 -0
    outer loop
      vertex 34.2097 15.6125 0.65
      vertex 34.1352 15.6533 0
      vertex 34.2097 15.6125 0
    endloop
  endfacet
  facet normal -0.582065 -0.813142 0
    outer loop
      vertex 34.0701 15.6999 0
      vertex 34.1352 15.6533 0.65
      vertex 34.0701 15.6999 0.65
    endloop
  endfacet
  facet normal -0.582065 -0.813142 -0
    outer loop
      vertex 34.1352 15.6533 0.65
      vertex 34.0701 15.6999 0
      vertex 34.1352 15.6533 0
    endloop
  endfacet
  facet normal -0.686352 -0.727269 0
    outer loop
      vertex 34.015 15.7519 0
      vertex 34.0701 15.6999 0.65
      vertex 34.015 15.7519 0.65
    endloop
  endfacet
  facet normal -0.686352 -0.727269 -0
    outer loop
      vertex 34.0701 15.6999 0.65
      vertex 34.015 15.7519 0
      vertex 34.0701 15.6999 0
    endloop
  endfacet
  facet normal -0.786318 -0.617822 0
    outer loop
      vertex 34.015 15.7519 0
      vertex 33.9699 15.8093 0.65
      vertex 33.9699 15.8093 0
    endloop
  endfacet
  facet normal -0.786318 -0.617822 0
    outer loop
      vertex 33.9699 15.8093 0.65
      vertex 34.015 15.7519 0
      vertex 34.015 15.7519 0.65
    endloop
  endfacet
  facet normal -0.87317 -0.487416 0
    outer loop
      vertex 33.9699 15.8093 0
      vertex 33.9349 15.872 0.65
      vertex 33.9349 15.872 0
    endloop
  endfacet
  facet normal -0.87317 -0.487416 0
    outer loop
      vertex 33.9349 15.872 0.65
      vertex 33.9699 15.8093 0
      vertex 33.9699 15.8093 0.65
    endloop
  endfacet
  facet normal -0.938296 -0.345833 0
    outer loop
      vertex 33.9349 15.872 0
      vertex 33.9098 15.9401 0.65
      vertex 33.9098 15.9401 0
    endloop
  endfacet
  facet normal -0.938296 -0.345833 0
    outer loop
      vertex 33.9098 15.9401 0.65
      vertex 33.9349 15.872 0
      vertex 33.9349 15.872 0.65
    endloop
  endfacet
  facet normal -0.979804 -0.19996 0
    outer loop
      vertex 33.9098 15.9401 0
      vertex 33.8948 16.0136 0.65
      vertex 33.8948 16.0136 0
    endloop
  endfacet
  facet normal -0.979804 -0.19996 0
    outer loop
      vertex 33.8948 16.0136 0.65
      vertex 33.9098 15.9401 0
      vertex 33.9098 15.9401 0.65
    endloop
  endfacet
  facet normal -0.997998 -0.0632445 0
    outer loop
      vertex 33.8948 16.0136 0
      vertex 33.8898 16.0925 0.65
      vertex 33.8898 16.0925 0
    endloop
  endfacet
  facet normal -0.997998 -0.0632445 0
    outer loop
      vertex 33.8898 16.0925 0.65
      vertex 33.8948 16.0136 0
      vertex 33.8948 16.0136 0.65
    endloop
  endfacet
  facet normal -0.998849 0.0479673 0
    outer loop
      vertex 33.8898 16.0925 0
      vertex 33.8932 16.1633 0.65
      vertex 33.8932 16.1633 0
    endloop
  endfacet
  facet normal -0.998849 0.0479673 0
    outer loop
      vertex 33.8932 16.1633 0.65
      vertex 33.8898 16.0925 0
      vertex 33.8898 16.0925 0.65
    endloop
  endfacet
  facet normal -0.988268 0.152732 0
    outer loop
      vertex 33.8932 16.1633 0
      vertex 33.9034 16.2293 0.65
      vertex 33.9034 16.2293 0
    endloop
  endfacet
  facet normal -0.988268 0.152732 0
    outer loop
      vertex 33.9034 16.2293 0.65
      vertex 33.8932 16.1633 0
      vertex 33.8932 16.1633 0.65
    endloop
  endfacet
  facet normal -0.96363 0.267238 0
    outer loop
      vertex 33.9034 16.2293 0
      vertex 33.9204 16.2906 0.65
      vertex 33.9204 16.2906 0
    endloop
  endfacet
  facet normal -0.96363 0.267238 0
    outer loop
      vertex 33.9204 16.2906 0.65
      vertex 33.9034 16.2293 0
      vertex 33.9034 16.2293 0.65
    endloop
  endfacet
  facet normal -0.921328 0.388787 0
    outer loop
      vertex 33.9204 16.2906 0
      vertex 33.9442 16.347 0.65
      vertex 33.9442 16.347 0
    endloop
  endfacet
  facet normal -0.921328 0.388787 0
    outer loop
      vertex 33.9442 16.347 0.65
      vertex 33.9204 16.2906 0
      vertex 33.9204 16.2906 0.65
    endloop
  endfacet
  facet normal -0.860562 0.509346 0
    outer loop
      vertex 33.9442 16.347 0
      vertex 33.9748 16.3987 0.65
      vertex 33.9748 16.3987 0
    endloop
  endfacet
  facet normal -0.860562 0.509346 0
    outer loop
      vertex 33.9748 16.3987 0.65
      vertex 33.9442 16.347 0
      vertex 33.9442 16.347 0.65
    endloop
  endfacet
  facet normal -0.781844 0.623474 0
    outer loop
      vertex 33.9748 16.3987 0
      vertex 34.0122 16.4456 0.65
      vertex 34.0122 16.4456 0
    endloop
  endfacet
  facet normal -0.781844 0.623474 0
    outer loop
      vertex 34.0122 16.4456 0.65
      vertex 33.9748 16.3987 0
      vertex 33.9748 16.3987 0.65
    endloop
  endfacet
  facet normal -0.689696 0.724099 0
    outer loop
      vertex 34.0564 16.4877 0
      vertex 34.0122 16.4456 0.65
      vertex 34.0564 16.4877 0.65
    endloop
  endfacet
  facet normal -0.689696 0.724099 0
    outer loop
      vertex 34.0122 16.4456 0.65
      vertex 34.0564 16.4877 0
      vertex 34.0122 16.4456 0
    endloop
  endfacet
  facet normal -0.584619 0.811308 0
    outer loop
      vertex 34.1108 16.5269 0
      vertex 34.0564 16.4877 0.65
      vertex 34.1108 16.5269 0.65
    endloop
  endfacet
  facet normal -0.584619 0.811308 0
    outer loop
      vertex 34.0564 16.4877 0.65
      vertex 34.1108 16.5269 0
      vertex 34.0564 16.4877 0
    endloop
  endfacet
  facet normal -0.487389 0.873185 0
    outer loop
      vertex 34.1787 16.5648 0
      vertex 34.1108 16.5269 0.65
      vertex 34.1787 16.5648 0.65
    endloop
  endfacet
  facet normal -0.487389 0.873185 0
    outer loop
      vertex 34.1108 16.5269 0.65
      vertex 34.1787 16.5648 0
      vertex 34.1108 16.5269 0
    endloop
  endfacet
  facet normal -0.411947 0.911208 0
    outer loop
      vertex 34.2601 16.6016 0
      vertex 34.1787 16.5648 0.65
      vertex 34.2601 16.6016 0.65
    endloop
  endfacet
  facet normal -0.411947 0.911208 0
    outer loop
      vertex 34.1787 16.5648 0.65
      vertex 34.2601 16.6016 0
      vertex 34.1787 16.5648 0
    endloop
  endfacet
  facet normal -0.350366 0.936613 0
    outer loop
      vertex 34.355 16.6371 0
      vertex 34.2601 16.6016 0.65
      vertex 34.355 16.6371 0.65
    endloop
  endfacet
  facet normal -0.350366 0.936613 0
    outer loop
      vertex 34.2601 16.6016 0.65
      vertex 34.355 16.6371 0
      vertex 34.2601 16.6016 0
    endloop
  endfacet
  facet normal -0.302224 0.953237 0
    outer loop
      vertex 34.4635 16.6715 0
      vertex 34.355 16.6371 0.65
      vertex 34.4635 16.6715 0.65
    endloop
  endfacet
  facet normal -0.302224 0.953237 0
    outer loop
      vertex 34.355 16.6371 0.65
      vertex 34.4635 16.6715 0
      vertex 34.355 16.6371 0
    endloop
  endfacet
  facet normal -0.262582 0.96491 0
    outer loop
      vertex 34.5855 16.7047 0
      vertex 34.4635 16.6715 0.65
      vertex 34.5855 16.7047 0.65
    endloop
  endfacet
  facet normal -0.262582 0.96491 0
    outer loop
      vertex 34.4635 16.6715 0.65
      vertex 34.5855 16.7047 0
      vertex 34.4635 16.6715 0
    endloop
  endfacet
  facet normal -0.229159 0.973389 0
    outer loop
      vertex 34.721 16.7366 0
      vertex 34.5855 16.7047 0.65
      vertex 34.721 16.7366 0.65
    endloop
  endfacet
  facet normal -0.229159 0.973389 0
    outer loop
      vertex 34.5855 16.7047 0.65
      vertex 34.721 16.7366 0
      vertex 34.5855 16.7047 0
    endloop
  endfacet
  facet normal -0.216172 0.976355 0
    outer loop
      vertex 35.2666 16.8574 0
      vertex 34.721 16.7366 0.65
      vertex 35.2666 16.8574 0.65
    endloop
  endfacet
  facet normal -0.216172 0.976355 0
    outer loop
      vertex 34.721 16.7366 0.65
      vertex 35.2666 16.8574 0
      vertex 34.721 16.7366 0
    endloop
  endfacet
  facet normal -0.23502 0.971991 0
    outer loop
      vertex 35.492 16.9119 0
      vertex 35.2666 16.8574 0.65
      vertex 35.492 16.9119 0.65
    endloop
  endfacet
  facet normal -0.23502 0.971991 0
    outer loop
      vertex 35.2666 16.8574 0.65
      vertex 35.492 16.9119 0
      vertex 35.2666 16.8574 0
    endloop
  endfacet
  facet normal -0.291198 0.956663 0
    outer loop
      vertex 35.6993 16.975 0
      vertex 35.492 16.9119 0.65
      vertex 35.6993 16.975 0.65
    endloop
  endfacet
  facet normal -0.291198 0.956663 0
    outer loop
      vertex 35.492 16.9119 0.65
      vertex 35.6993 16.975 0
      vertex 35.492 16.9119 0
    endloop
  endfacet
  facet normal -0.35318 0.935556 0
    outer loop
      vertex 35.8887 17.0465 0
      vertex 35.6993 16.975 0.65
      vertex 35.8887 17.0465 0.65
    endloop
  endfacet
  facet normal -0.35318 0.935556 0
    outer loop
      vertex 35.6993 16.975 0.65
      vertex 35.8887 17.0465 0
      vertex 35.6993 16.975 0
    endloop
  endfacet
  facet normal -0.42358 0.905859 0
    outer loop
      vertex 36.06 17.1266 0
      vertex 35.8887 17.0465 0.65
      vertex 36.06 17.1266 0.65
    endloop
  endfacet
  facet normal -0.42358 0.905859 0
    outer loop
      vertex 35.8887 17.0465 0.65
      vertex 36.06 17.1266 0
      vertex 35.8887 17.0465 0
    endloop
  endfacet
  facet normal -0.500391 0.8658 0
    outer loop
      vertex 36.2133 17.2152 0
      vertex 36.06 17.1266 0.65
      vertex 36.2133 17.2152 0.65
    endloop
  endfacet
  facet normal -0.500391 0.8658 0
    outer loop
      vertex 36.06 17.1266 0.65
      vertex 36.2133 17.2152 0
      vertex 36.06 17.1266 0
    endloop
  endfacet
  facet normal -0.583054 0.812433 0
    outer loop
      vertex 36.3486 17.3123 0
      vertex 36.2133 17.2152 0.65
      vertex 36.3486 17.3123 0.65
    endloop
  endfacet
  facet normal -0.583054 0.812433 0
    outer loop
      vertex 36.2133 17.2152 0.65
      vertex 36.3486 17.3123 0
      vertex 36.2133 17.2152 0
    endloop
  endfacet
  facet normal -0.669419 0.742885 0
    outer loop
      vertex 36.4659 17.418 0
      vertex 36.3486 17.3123 0.65
      vertex 36.4659 17.418 0.65
    endloop
  endfacet
  facet normal -0.669419 0.742885 0
    outer loop
      vertex 36.3486 17.3123 0.65
      vertex 36.4659 17.418 0
      vertex 36.3486 17.3123 0
    endloop
  endfacet
  facet normal -0.753789 0.657116 0
    outer loop
      vertex 36.4659 17.418 0
      vertex 36.5665 17.5334 0.65
      vertex 36.5665 17.5334 0
    endloop
  endfacet
  facet normal -0.753789 0.657116 0
    outer loop
      vertex 36.5665 17.5334 0.65
      vertex 36.4659 17.418 0
      vertex 36.4659 17.418 0.65
    endloop
  endfacet
  facet normal -0.829313 0.558785 0
    outer loop
      vertex 36.5665 17.5334 0
      vertex 36.6516 17.6597 0.65
      vertex 36.6516 17.6597 0
    endloop
  endfacet
  facet normal -0.829313 0.558785 0
    outer loop
      vertex 36.6516 17.6597 0.65
      vertex 36.5665 17.5334 0
      vertex 36.5665 17.5334 0.65
    endloop
  endfacet
  facet normal -0.891812 0.452406 0
    outer loop
      vertex 36.6516 17.6597 0
      vertex 36.7212 17.7969 0.65
      vertex 36.7212 17.7969 0
    endloop
  endfacet
  facet normal -0.891812 0.452406 0
    outer loop
      vertex 36.7212 17.7969 0.65
      vertex 36.6516 17.6597 0
      vertex 36.6516 17.6597 0.65
    endloop
  endfacet
  facet normal -0.939292 0.343118 0
    outer loop
      vertex 36.7212 17.7969 0
      vertex 36.7753 17.945 0.65
      vertex 36.7753 17.945 0
    endloop
  endfacet
  facet normal -0.939292 0.343118 0
    outer loop
      vertex 36.7753 17.945 0.65
      vertex 36.7212 17.7969 0
      vertex 36.7212 17.7969 0.65
    endloop
  endfacet
  facet normal -0.971668 0.236352 0
    outer loop
      vertex 36.7753 17.945 0
      vertex 36.814 18.1041 0.65
      vertex 36.814 18.1041 0
    endloop
  endfacet
  facet normal -0.971668 0.236352 0
    outer loop
      vertex 36.814 18.1041 0.65
      vertex 36.7753 17.945 0
      vertex 36.7753 17.945 0.65
    endloop
  endfacet
  facet normal -0.990805 0.135295 0
    outer loop
      vertex 36.814 18.1041 0
      vertex 36.8372 18.274 0.65
      vertex 36.8372 18.274 0
    endloop
  endfacet
  facet normal -0.990805 0.135295 0
    outer loop
      vertex 36.8372 18.274 0.65
      vertex 36.814 18.1041 0
      vertex 36.814 18.1041 0.65
    endloop
  endfacet
  facet normal -0.999095 0.0425264 0
    outer loop
      vertex 36.8372 18.274 0
      vertex 36.8449 18.4549 0.65
      vertex 36.8449 18.4549 0
    endloop
  endfacet
  facet normal -0.999095 0.0425264 0
    outer loop
      vertex 36.8449 18.4549 0.65
      vertex 36.8372 18.274 0
      vertex 36.8372 18.274 0.65
    endloop
  endfacet
  facet normal -0.998878 -0.0473549 0
    outer loop
      vertex 36.8449 18.4549 0
      vertex 36.8342 18.6806 0.65
      vertex 36.8342 18.6806 0
    endloop
  endfacet
  facet normal -0.998878 -0.0473549 0
    outer loop
      vertex 36.8342 18.6806 0.65
      vertex 36.8449 18.4549 0
      vertex 36.8449 18.4549 0.65
    endloop
  endfacet
  facet normal -0.988421 -0.151739 0
    outer loop
      vertex 36.8342 18.6806 0
      vertex 36.8019 18.891 0.65
      vertex 36.8019 18.891 0
    endloop
  endfacet
  facet normal -0.988421 -0.151739 0
    outer loop
      vertex 36.8019 18.891 0.65
      vertex 36.8342 18.6806 0
      vertex 36.8342 18.6806 0.65
    endloop
  endfacet
  facet normal -0.963984 -0.265961 0
    outer loop
      vertex 36.8019 18.891 0
      vertex 36.7481 19.086 0.65
      vertex 36.7481 19.086 0
    endloop
  endfacet
  facet normal -0.963984 -0.265961 0
    outer loop
      vertex 36.7481 19.086 0.65
      vertex 36.8019 18.891 0
      vertex 36.8019 18.891 0.65
    endloop
  endfacet
  facet normal -0.921964 -0.387276 0
    outer loop
      vertex 36.7481 19.086 0
      vertex 36.6727 19.2655 0.65
      vertex 36.6727 19.2655 0
    endloop
  endfacet
  facet normal -0.921964 -0.387276 0
    outer loop
      vertex 36.6727 19.2655 0.65
      vertex 36.7481 19.086 0
      vertex 36.7481 19.086 0.65
    endloop
  endfacet
  facet normal -0.861313 -0.508075 0
    outer loop
      vertex 36.6727 19.2655 0
      vertex 36.5759 19.4296 0.65
      vertex 36.5759 19.4296 0
    endloop
  endfacet
  facet normal -0.861313 -0.508075 0
    outer loop
      vertex 36.5759 19.4296 0.65
      vertex 36.6727 19.2655 0
      vertex 36.6727 19.2655 0.65
    endloop
  endfacet
  facet normal -0.782508 -0.622641 0
    outer loop
      vertex 36.5759 19.4296 0
      vertex 36.4575 19.5784 0.65
      vertex 36.4575 19.5784 0
    endloop
  endfacet
  facet normal -0.782508 -0.622641 0
    outer loop
      vertex 36.4575 19.5784 0.65
      vertex 36.5759 19.4296 0
      vertex 36.5759 19.4296 0.65
    endloop
  endfacet
  facet normal -0.689823 -0.723978 0
    outer loop
      vertex 36.3176 19.7117 0
      vertex 36.4575 19.5784 0.65
      vertex 36.3176 19.7117 0.65
    endloop
  endfacet
  facet normal -0.689823 -0.723978 -0
    outer loop
      vertex 36.4575 19.5784 0.65
      vertex 36.3176 19.7117 0
      vertex 36.4575 19.5784 0
    endloop
  endfacet
  facet normal -0.588712 -0.808343 0
    outer loop
      vertex 36.1575 19.8283 0
      vertex 36.3176 19.7117 0.65
      vertex 36.1575 19.8283 0.65
    endloop
  endfacet
  facet normal -0.588712 -0.808343 -0
    outer loop
      vertex 36.3176 19.7117 0.65
      vertex 36.1575 19.8283 0
      vertex 36.3176 19.7117 0
    endloop
  endfacet
  facet normal -0.483064 -0.875585 0
    outer loop
      vertex 35.9786 19.927 0
      vertex 36.1575 19.8283 0.65
      vertex 35.9786 19.927 0.65
    endloop
  endfacet
  facet normal -0.483064 -0.875585 -0
    outer loop
      vertex 36.1575 19.8283 0.65
      vertex 35.9786 19.927 0
      vertex 36.1575 19.8283 0
    endloop
  endfacet
  facet normal -0.378323 -0.925674 0
    outer loop
      vertex 35.7809 20.0078 0
      vertex 35.9786 19.927 0.65
      vertex 35.7809 20.0078 0.65
    endloop
  endfacet
  facet normal -0.378323 -0.925674 -0
    outer loop
      vertex 35.9786 19.927 0.65
      vertex 35.7809 20.0078 0
      vertex 35.9786 19.927 0
    endloop
  endfacet
  facet normal -0.278467 -0.960446 0
    outer loop
      vertex 35.5643 20.0706 0
      vertex 35.7809 20.0078 0.65
      vertex 35.5643 20.0706 0.65
    endloop
  endfacet
  facet normal -0.278467 -0.960446 -0
    outer loop
      vertex 35.7809 20.0078 0.65
      vertex 35.5643 20.0706 0
      vertex 35.7809 20.0078 0
    endloop
  endfacet
  facet normal -0.187361 -0.982291 0
    outer loop
      vertex 35.3289 20.1155 0
      vertex 35.5643 20.0706 0.65
      vertex 35.3289 20.1155 0.65
    endloop
  endfacet
  facet normal -0.187361 -0.982291 -0
    outer loop
      vertex 35.5643 20.0706 0.65
      vertex 35.3289 20.1155 0
      vertex 35.5643 20.0706 0
    endloop
  endfacet
  facet normal -0.105235 -0.994447 0
    outer loop
      vertex 35.0747 20.1424 0
      vertex 35.3289 20.1155 0.65
      vertex 35.0747 20.1424 0.65
    endloop
  endfacet
  facet normal -0.105235 -0.994447 -0
    outer loop
      vertex 35.3289 20.1155 0.65
      vertex 35.0747 20.1424 0
      vertex 35.3289 20.1155 0
    endloop
  endfacet
  facet normal -0.0329371 -0.999457 0
    outer loop
      vertex 34.8016 20.1514 0
      vertex 35.0747 20.1424 0.65
      vertex 34.8016 20.1514 0.65
    endloop
  endfacet
  facet normal -0.0329371 -0.999457 -0
    outer loop
      vertex 35.0747 20.1424 0.65
      vertex 34.8016 20.1514 0
      vertex 35.0747 20.1424 0
    endloop
  endfacet
  facet normal 0.0108353 -0.999941 0
    outer loop
      vertex 34.6724 20.15 0
      vertex 34.8016 20.1514 0.65
      vertex 34.6724 20.15 0.65
    endloop
  endfacet
  facet normal 0.0108353 -0.999941 0
    outer loop
      vertex 34.8016 20.1514 0.65
      vertex 34.6724 20.15 0
      vertex 34.8016 20.1514 0
    endloop
  endfacet
  facet normal 0.0322166 -0.999481 0
    outer loop
      vertex 34.5421 20.1458 0
      vertex 34.6724 20.15 0.65
      vertex 34.5421 20.1458 0.65
    endloop
  endfacet
  facet normal 0.0322166 -0.999481 0
    outer loop
      vertex 34.6724 20.15 0.65
      vertex 34.5421 20.1458 0
      vertex 34.6724 20.15 0
    endloop
  endfacet
  facet normal 0.052479 -0.998622 0
    outer loop
      vertex 34.4108 20.1389 0
      vertex 34.5421 20.1458 0.65
      vertex 34.4108 20.1389 0.65
    endloop
  endfacet
  facet normal 0.052479 -0.998622 0
    outer loop
      vertex 34.5421 20.1458 0.65
      vertex 34.4108 20.1389 0
      vertex 34.5421 20.1458 0
    endloop
  endfacet
  facet normal 0.0731219 -0.997323 0
    outer loop
      vertex 34.2785 20.1292 0
      vertex 34.4108 20.1389 0.65
      vertex 34.2785 20.1292 0.65
    endloop
  endfacet
  facet normal 0.0731219 -0.997323 0
    outer loop
      vertex 34.4108 20.1389 0.65
      vertex 34.2785 20.1292 0
      vertex 34.4108 20.1389 0
    endloop
  endfacet
  facet normal 0.0925545 -0.995708 0
    outer loop
      vertex 34.1451 20.1168 0
      vertex 34.2785 20.1292 0.65
      vertex 34.1451 20.1168 0.65
    endloop
  endfacet
  facet normal 0.0925545 -0.995708 0
    outer loop
      vertex 34.2785 20.1292 0.65
      vertex 34.1451 20.1168 0
      vertex 34.2785 20.1292 0
    endloop
  endfacet
  facet normal 0.113109 -0.993583 0
    outer loop
      vertex 34.0107 20.1015 0
      vertex 34.1451 20.1168 0.65
      vertex 34.0107 20.1015 0.65
    endloop
  endfacet
  facet normal 0.113109 -0.993583 0
    outer loop
      vertex 34.1451 20.1168 0.65
      vertex 34.0107 20.1015 0
      vertex 34.1451 20.1168 0
    endloop
  endfacet
  facet normal 0.131685 -0.991292 0
    outer loop
      vertex 33.8752 20.0835 0
      vertex 34.0107 20.1015 0.65
      vertex 33.8752 20.0835 0.65
    endloop
  endfacet
  facet normal 0.131685 -0.991292 0
    outer loop
      vertex 34.0107 20.1015 0.65
      vertex 33.8752 20.0835 0
      vertex 34.0107 20.1015 0
    endloop
  endfacet
  facet normal 0.14972 -0.988728 0
    outer loop
      vertex 33.7385 20.0628 0
      vertex 33.8752 20.0835 0.65
      vertex 33.7385 20.0628 0.65
    endloop
  endfacet
  facet normal 0.14972 -0.988728 0
    outer loop
      vertex 33.8752 20.0835 0.65
      vertex 33.7385 20.0628 0
      vertex 33.8752 20.0835 0
    endloop
  endfacet
  facet normal 0.168449 -0.98571 0
    outer loop
      vertex 33.6004 20.0392 0
      vertex 33.7385 20.0628 0.65
      vertex 33.6004 20.0392 0.65
    endloop
  endfacet
  facet normal 0.168449 -0.98571 0
    outer loop
      vertex 33.7385 20.0628 0.65
      vertex 33.6004 20.0392 0
      vertex 33.7385 20.0628 0
    endloop
  endfacet
  facet normal 0.185524 -0.98264 0
    outer loop
      vertex 33.4611 20.0129 0
      vertex 33.6004 20.0392 0.65
      vertex 33.4611 20.0129 0.65
    endloop
  endfacet
  facet normal 0.185524 -0.98264 0
    outer loop
      vertex 33.6004 20.0392 0.65
      vertex 33.4611 20.0129 0
      vertex 33.6004 20.0392 0
    endloop
  endfacet
  facet normal 0.201731 -0.979441 0
    outer loop
      vertex 33.3203 19.9839 0
      vertex 33.4611 20.0129 0.65
      vertex 33.3203 19.9839 0.65
    endloop
  endfacet
  facet normal 0.201731 -0.979441 0
    outer loop
      vertex 33.4611 20.0129 0.65
      vertex 33.3203 19.9839 0
      vertex 33.4611 20.0129 0
    endloop
  endfacet
  facet normal 0.219185 -0.975683 0
    outer loop
      vertex 33.1783 19.952 0
      vertex 33.3203 19.9839 0.65
      vertex 33.1783 19.952 0.65
    endloop
  endfacet
  facet normal 0.219185 -0.975683 0
    outer loop
      vertex 33.3203 19.9839 0.65
      vertex 33.1783 19.952 0
      vertex 33.3203 19.9839 0
    endloop
  endfacet
  facet normal 0.234552 -0.972104 0
    outer loop
      vertex 33.0349 19.9174 0
      vertex 33.1783 19.952 0.65
      vertex 33.0349 19.9174 0.65
    endloop
  endfacet
  facet normal 0.234552 -0.972104 0
    outer loop
      vertex 33.1783 19.952 0.65
      vertex 33.0349 19.9174 0
      vertex 33.1783 19.952 0
    endloop
  endfacet
  facet normal 0.25008 -0.968225 0
    outer loop
      vertex 32.8901 19.88 0
      vertex 33.0349 19.9174 0.65
      vertex 32.8901 19.88 0.65
    endloop
  endfacet
  facet normal 0.25008 -0.968225 0
    outer loop
      vertex 33.0349 19.9174 0.65
      vertex 32.8901 19.88 0
      vertex 33.0349 19.9174 0
    endloop
  endfacet
  facet normal 1 -0 0
    outer loop
      vertex 32.8901 18.7206 0.65
      vertex 32.8901 19.88 0
      vertex 32.8901 19.88 0.65
    endloop
  endfacet
  facet normal 1 0 0
    outer loop
      vertex 32.8901 19.88 0
      vertex 32.8901 18.7206 0.65
      vertex 32.8901 18.7206 0
    endloop
  endfacet
  facet normal -0.398491 0.917172 0
    outer loop
      vertex 33.0183 18.7763 0
      vertex 32.8901 18.7206 0.65
      vertex 33.0183 18.7763 0.65
    endloop
  endfacet
  facet normal -0.398491 0.917172 0
    outer loop
      vertex 32.8901 18.7206 0.65
      vertex 33.0183 18.7763 0
      vertex 32.8901 18.7206 0
    endloop
  endfacet
  facet normal -0.375401 0.926862 0
    outer loop
      vertex 33.1457 18.8279 0
      vertex 33.0183 18.7763 0.65
      vertex 33.1457 18.8279 0.65
    endloop
  endfacet
  facet normal -0.375401 0.926862 0
    outer loop
      vertex 33.0183 18.7763 0.65
      vertex 33.1457 18.8279 0
      vertex 33.0183 18.7763 0
    endloop
  endfacet
  facet normal -0.352421 0.935841 0
    outer loop
      vertex 33.2721 18.8755 0
      vertex 33.1457 18.8279 0.65
      vertex 33.2721 18.8755 0.65
    endloop
  endfacet
  facet normal -0.352421 0.935841 0
    outer loop
      vertex 33.1457 18.8279 0.65
      vertex 33.2721 18.8755 0
      vertex 33.1457 18.8279 0
    endloop
  endfacet
  facet normal -0.327937 0.9447 0
    outer loop
      vertex 33.3977 18.9191 0
      vertex 33.2721 18.8755 0.65
      vertex 33.3977 18.9191 0.65
    endloop
  endfacet
  facet normal -0.327937 0.9447 0
    outer loop
      vertex 33.2721 18.8755 0.65
      vertex 33.3977 18.9191 0
      vertex 33.2721 18.8755 0
    endloop
  endfacet
  facet normal -0.302193 0.953247 0
    outer loop
      vertex 33.5223 18.9586 0
      vertex 33.3977 18.9191 0.65
      vertex 33.5223 18.9586 0.65
    endloop
  endfacet
  facet normal -0.302193 0.953247 0
    outer loop
      vertex 33.3977 18.9191 0.65
      vertex 33.5223 18.9586 0
      vertex 33.3977 18.9191 0
    endloop
  endfacet
  facet normal -0.275644 0.96126 0
    outer loop
      vertex 33.6461 18.9941 0
      vertex 33.5223 18.9586 0.65
      vertex 33.6461 18.9941 0.65
    endloop
  endfacet
  facet normal -0.275644 0.96126 0
    outer loop
      vertex 33.5223 18.9586 0.65
      vertex 33.6461 18.9941 0
      vertex 33.5223 18.9586 0
    endloop
  endfacet
  facet normal -0.247541 0.968877 0
    outer loop
      vertex 33.769 19.0255 0
      vertex 33.6461 18.9941 0.65
      vertex 33.769 19.0255 0.65
    endloop
  endfacet
  facet normal -0.247541 0.968877 0
    outer loop
      vertex 33.6461 18.9941 0.65
      vertex 33.769 19.0255 0
      vertex 33.6461 18.9941 0
    endloop
  endfacet
  facet normal -0.219397 0.975636 0
    outer loop
      vertex 33.8904 19.0528 0
      vertex 33.769 19.0255 0.65
      vertex 33.8904 19.0528 0.65
    endloop
  endfacet
  facet normal -0.219397 0.975636 0
    outer loop
      vertex 33.769 19.0255 0.65
      vertex 33.8904 19.0528 0
      vertex 33.769 19.0255 0
    endloop
  endfacet
  facet normal -0.189792 0.981824 0
    outer loop
      vertex 34.0099 19.0759 0
      vertex 33.8904 19.0528 0.65
      vertex 34.0099 19.0759 0.65
    endloop
  endfacet
  facet normal -0.189792 0.981824 0
    outer loop
      vertex 33.8904 19.0528 0.65
      vertex 34.0099 19.0759 0
      vertex 33.8904 19.0528 0
    endloop
  endfacet
  facet normal -0.15881 0.987309 0
    outer loop
      vertex 34.1274 19.0948 0
      vertex 34.0099 19.0759 0.65
      vertex 34.1274 19.0948 0.65
    endloop
  endfacet
  facet normal -0.15881 0.987309 0
    outer loop
      vertex 34.0099 19.0759 0.65
      vertex 34.1274 19.0948 0
      vertex 34.0099 19.0759 0
    endloop
  endfacet
  facet normal -0.12604 0.992025 0
    outer loop
      vertex 34.2431 19.1095 0
      vertex 34.1274 19.0948 0.65
      vertex 34.2431 19.1095 0.65
    endloop
  endfacet
  facet normal -0.12604 0.992025 0
    outer loop
      vertex 34.1274 19.0948 0.65
      vertex 34.2431 19.1095 0
      vertex 34.1274 19.0948 0
    endloop
  endfacet
  facet normal -0.0920373 0.995756 0
    outer loop
      vertex 34.3567 19.12 0
      vertex 34.2431 19.1095 0.65
      vertex 34.3567 19.12 0.65
    endloop
  endfacet
  facet normal -0.0920373 0.995756 0
    outer loop
      vertex 34.2431 19.1095 0.65
      vertex 34.3567 19.12 0
      vertex 34.2431 19.1095 0
    endloop
  endfacet
  facet normal -0.0562614 0.998416 0
    outer loop
      vertex 34.4685 19.1263 0
      vertex 34.3567 19.12 0.65
      vertex 34.4685 19.1263 0.65
    endloop
  endfacet
  facet normal -0.0562614 0.998416 0
    outer loop
      vertex 34.3567 19.12 0.65
      vertex 34.4685 19.1263 0
      vertex 34.3567 19.12 0
    endloop
  endfacet
  facet normal -0.0191396 0.999817 0
    outer loop
      vertex 34.5782 19.1284 0
      vertex 34.4685 19.1263 0.65
      vertex 34.5782 19.1284 0.65
    endloop
  endfacet
  facet normal -0.0191396 0.999817 0
    outer loop
      vertex 34.4685 19.1263 0.65
      vertex 34.5782 19.1284 0
      vertex 34.4685 19.1263 0
    endloop
  endfacet
  facet normal 0.0208588 0.999782 -0
    outer loop
      vertex 34.7172 19.1255 0
      vertex 34.5782 19.1284 0.65
      vertex 34.7172 19.1255 0.65
    endloop
  endfacet
  facet normal 0.0208588 0.999782 0
    outer loop
      vertex 34.5782 19.1284 0.65
      vertex 34.7172 19.1255 0
      vertex 34.5782 19.1284 0
    endloop
  endfacet
  facet normal 0.0661061 0.997813 -0
    outer loop
      vertex 34.8455 19.117 0
      vertex 34.7172 19.1255 0.65
      vertex 34.8455 19.117 0.65
    endloop
  endfacet
  facet normal 0.0661061 0.997813 0
    outer loop
      vertex 34.7172 19.1255 0.65
      vertex 34.8455 19.117 0
      vertex 34.7172 19.1255 0
    endloop
  endfacet
  facet normal 0.119978 0.992777 -0
    outer loop
      vertex 34.963 19.1028 0
      vertex 34.8455 19.117 0.65
      vertex 34.963 19.1028 0.65
    endloop
  endfacet
  facet normal 0.119978 0.992777 0
    outer loop
      vertex 34.8455 19.117 0.65
      vertex 34.963 19.1028 0
      vertex 34.8455 19.117 0
    endloop
  endfacet
  facet normal 0.183343 0.983049 -0
    outer loop
      vertex 35.0697 19.0829 0
      vertex 34.963 19.1028 0.65
      vertex 35.0697 19.0829 0.65
    endloop
  endfacet
  facet normal 0.183343 0.983049 0
    outer loop
      vertex 34.963 19.1028 0.65
      vertex 35.0697 19.0829 0
      vertex 34.963 19.1028 0
    endloop
  endfacet
  facet normal 0.257913 0.966168 -0
    outer loop
      vertex 35.1656 19.0573 0
      vertex 35.0697 19.0829 0.65
      vertex 35.1656 19.0573 0.65
    endloop
  endfacet
  facet normal 0.257913 0.966168 0
    outer loop
      vertex 35.0697 19.0829 0.65
      vertex 35.1656 19.0573 0
      vertex 35.0697 19.0829 0
    endloop
  endfacet
  facet normal 0.344837 0.938662 -0
    outer loop
      vertex 35.2508 19.026 0
      vertex 35.1656 19.0573 0.65
      vertex 35.2508 19.026 0.65
    endloop
  endfacet
  facet normal 0.344837 0.938662 0
    outer loop
      vertex 35.1656 19.0573 0.65
      vertex 35.2508 19.026 0
      vertex 35.1656 19.0573 0
    endloop
  endfacet
  facet normal 0.443843 0.896105 -0
    outer loop
      vertex 35.3253 18.9891 0
      vertex 35.2508 19.026 0.65
      vertex 35.3253 18.9891 0.65
    endloop
  endfacet
  facet normal 0.443843 0.896105 0
    outer loop
      vertex 35.2508 19.026 0.65
      vertex 35.3253 18.9891 0
      vertex 35.2508 19.026 0
    endloop
  endfacet
  facet normal 0.55709 0.830452 -0
    outer loop
      vertex 35.3894 18.9461 0
      vertex 35.3253 18.9891 0.65
      vertex 35.3894 18.9461 0.65
    endloop
  endfacet
  facet normal 0.55709 0.830452 0
    outer loop
      vertex 35.3253 18.9891 0.65
      vertex 35.3894 18.9461 0
      vertex 35.3253 18.9891 0
    endloop
  endfacet
  facet normal 0.672129 0.740434 -0
    outer loop
      vertex 35.4436 18.8969 0
      vertex 35.3894 18.9461 0.65
      vertex 35.4436 18.8969 0.65
    endloop
  endfacet
  facet normal 0.672129 0.740434 0
    outer loop
      vertex 35.3894 18.9461 0.65
      vertex 35.4436 18.8969 0
      vertex 35.3894 18.9461 0
    endloop
  endfacet
  facet normal 0.780869 0.624695 0
    outer loop
      vertex 35.488 18.8414 0.65
      vertex 35.4436 18.8969 0
      vertex 35.4436 18.8969 0.65
    endloop
  endfacet
  facet normal 0.780869 0.624695 0
    outer loop
      vertex 35.4436 18.8969 0
      vertex 35.488 18.8414 0.65
      vertex 35.488 18.8414 0
    endloop
  endfacet
  facet normal 0.873156 0.487441 0
    outer loop
      vertex 35.5225 18.7796 0.65
      vertex 35.488 18.8414 0
      vertex 35.488 18.8414 0.65
    endloop
  endfacet
  facet normal 0.873156 0.487441 0
    outer loop
      vertex 35.488 18.8414 0
      vertex 35.5225 18.7796 0.65
      vertex 35.5225 18.7796 0
    endloop
  endfacet
  facet normal 0.939914 0.34141 0
    outer loop
      vertex 35.5472 18.7116 0.65
      vertex 35.5225 18.7796 0
      vertex 35.5225 18.7796 0.65
    endloop
  endfacet
  facet normal 0.939914 0.34141 0
    outer loop
      vertex 35.5225 18.7796 0
      vertex 35.5472 18.7116 0.65
      vertex 35.5472 18.7116 0
    endloop
  endfacet
  facet normal 0.980783 0.195102 0
    outer loop
      vertex 35.562 18.6372 0.65
      vertex 35.5472 18.7116 0
      vertex 35.5472 18.7116 0.65
    endloop
  endfacet
  facet normal 0.980783 0.195102 0
    outer loop
      vertex 35.5472 18.7116 0
      vertex 35.562 18.6372 0.65
      vertex 35.562 18.6372 0
    endloop
  endfacet
  facet normal 0.998157 0.060682 0
    outer loop
      vertex 35.5669 18.5566 0.65
      vertex 35.562 18.6372 0
      vertex 35.562 18.6372 0.65
    endloop
  endfacet
  facet normal 0.998157 0.060682 0
    outer loop
      vertex 35.562 18.6372 0
      vertex 35.5669 18.5566 0.65
      vertex 35.5669 18.5566 0
    endloop
  endfacet
  facet normal 0.998535 -0.0541078 0
    outer loop
      vertex 35.5636 18.4957 0.65
      vertex 35.5669 18.5566 0
      vertex 35.5669 18.5566 0.65
    endloop
  endfacet
  facet normal 0.998535 -0.0541078 0
    outer loop
      vertex 35.5669 18.5566 0
      vertex 35.5636 18.4957 0.65
      vertex 35.5636 18.4957 0
    endloop
  endfacet
  facet normal 0.984853 -0.17339 0
    outer loop
      vertex 35.5536 18.4389 0.65
      vertex 35.5636 18.4957 0
      vertex 35.5636 18.4957 0.65
    endloop
  endfacet
  facet normal 0.984853 -0.17339 0
    outer loop
      vertex 35.5636 18.4957 0
      vertex 35.5536 18.4389 0.65
      vertex 35.5536 18.4389 0
    endloop
  endfacet
  facet normal 0.954288 -0.29889 0
    outer loop
      vertex 35.537 18.3859 0.65
      vertex 35.5536 18.4389 0
      vertex 35.5536 18.4389 0.65
    endloop
  endfacet
  facet normal 0.954288 -0.29889 0
    outer loop
      vertex 35.5536 18.4389 0
      vertex 35.537 18.3859 0.65
      vertex 35.537 18.3859 0
    endloop
  endfacet
  facet normal 0.902758 -0.430149 0
    outer loop
      vertex 35.5137 18.337 0.65
      vertex 35.537 18.3859 0
      vertex 35.537 18.3859 0.65
    endloop
  endfacet
  facet normal 0.902758 -0.430149 0
    outer loop
      vertex 35.537 18.3859 0
      vertex 35.5137 18.337 0.65
      vertex 35.5137 18.337 0
    endloop
  endfacet
  facet normal 0.832904 -0.553418 0
    outer loop
      vertex 35.4838 18.292 0.65
      vertex 35.5137 18.337 0
      vertex 35.5137 18.337 0.65
    endloop
  endfacet
  facet normal 0.832904 -0.553418 0
    outer loop
      vertex 35.5137 18.337 0
      vertex 35.4838 18.292 0.65
      vertex 35.4838 18.292 0
    endloop
  endfacet
  facet normal 0.746002 -0.665943 0
    outer loop
      vertex 35.4472 18.251 0.65
      vertex 35.4838 18.292 0
      vertex 35.4838 18.292 0.65
    endloop
  endfacet
  facet normal 0.746002 -0.665943 0
    outer loop
      vertex 35.4838 18.292 0
      vertex 35.4472 18.251 0.65
      vertex 35.4472 18.251 0
    endloop
  endfacet
  facet normal 0.651514 -0.758636 0
    outer loop
      vertex 35.404 18.2139 0
      vertex 35.4472 18.251 0.65
      vertex 35.404 18.2139 0.65
    endloop
  endfacet
  facet normal 0.651514 -0.758636 0
    outer loop
      vertex 35.4472 18.251 0.65
      vertex 35.404 18.2139 0
      vertex 35.4472 18.251 0
    endloop
  endfacet
  facet normal 0.551736 -0.834019 0
    outer loop
      vertex 35.352 18.1795 0
      vertex 35.404 18.2139 0.65
      vertex 35.352 18.1795 0.65
    endloop
  endfacet
  facet normal 0.551736 -0.834019 0
    outer loop
      vertex 35.404 18.2139 0.65
      vertex 35.352 18.1795 0
      vertex 35.404 18.2139 0
    endloop
  endfacet
  facet normal 0.46406 -0.885804 0
    outer loop
      vertex 35.2892 18.1466 0
      vertex 35.352 18.1795 0.65
      vertex 35.2892 18.1466 0.65
    endloop
  endfacet
  facet normal 0.46406 -0.885804 0
    outer loop
      vertex 35.352 18.1795 0.65
      vertex 35.2892 18.1466 0
      vertex 35.352 18.1795 0
    endloop
  endfacet
  facet normal 0.394522 -0.918887 0
    outer loop
      vertex 35.2156 18.115 0
      vertex 35.2892 18.1466 0.65
      vertex 35.2156 18.115 0.65
    endloop
  endfacet
  facet normal 0.394522 -0.918887 0
    outer loop
      vertex 35.2892 18.1466 0.65
      vertex 35.2156 18.115 0
      vertex 35.2892 18.1466 0
    endloop
  endfacet
  facet normal 0.335559 -0.942019 0
    outer loop
      vertex 35.1311 18.0849 0
      vertex 35.2156 18.115 0.65
      vertex 35.1311 18.0849 0.65
    endloop
  endfacet
  facet normal 0.335559 -0.942019 0
    outer loop
      vertex 35.2156 18.115 0.65
      vertex 35.1311 18.0849 0
      vertex 35.2156 18.115 0
    endloop
  endfacet
  facet normal 0.288362 -0.957522 0
    outer loop
      vertex 35.0358 18.0562 0
      vertex 35.1311 18.0849 0.65
      vertex 35.0358 18.0562 0.65
    endloop
  endfacet
  facet normal 0.288362 -0.957522 0
    outer loop
      vertex 35.1311 18.0849 0.65
      vertex 35.0358 18.0562 0
      vertex 35.1311 18.0849 0
    endloop
  endfacet
  facet normal 0.248112 -0.968731 0
    outer loop
      vertex 34.9296 18.029 0
      vertex 35.0358 18.0562 0.65
      vertex 34.9296 18.029 0.65
    endloop
  endfacet
  facet normal 0.248112 -0.968731 0
    outer loop
      vertex 35.0358 18.0562 0.65
      vertex 34.9296 18.029 0
      vertex 35.0358 18.0562 0
    endloop
  endfacet
  facet normal 0.216135 -0.976363 0
    outer loop
      vertex 34.8126 18.0031 0
      vertex 34.9296 18.029 0.65
      vertex 34.8126 18.0031 0.65
    endloop
  endfacet
  facet normal 0.216135 -0.976363 0
    outer loop
      vertex 34.9296 18.029 0.65
      vertex 34.8126 18.0031 0
      vertex 34.9296 18.029 0
    endloop
  endfacet
  facet normal 0.197183 -0.980367 0
    outer loop
      vertex 34.212 17.8823 0
      vertex 34.8126 18.0031 0.65
      vertex 34.212 17.8823 0.65
    endloop
  endfacet
  facet normal 0.197183 -0.980367 0
    outer loop
      vertex 34.8126 18.0031 0.65
      vertex 34.212 17.8823 0
      vertex 34.8126 18.0031 0
    endloop
  endfacet
  facet normal 0.219577 -0.975595 0
    outer loop
      vertex 33.9623 17.8261 0
      vertex 34.212 17.8823 0.65
      vertex 33.9623 17.8261 0.65
    endloop
  endfacet
  facet normal 0.219577 -0.975595 0
    outer loop
      vertex 34.212 17.8823 0.65
      vertex 33.9623 17.8261 0
      vertex 34.212 17.8823 0
    endloop
  endfacet
  facet normal 0.269927 -0.962881 0
    outer loop
      vertex 33.734 17.7621 0
      vertex 33.9623 17.8261 0.65
      vertex 33.734 17.7621 0.65
    endloop
  endfacet
  facet normal 0.269927 -0.962881 0
    outer loop
      vertex 33.9623 17.8261 0.65
      vertex 33.734 17.7621 0
      vertex 33.9623 17.8261 0
    endloop
  endfacet
  facet normal 0.327723 -0.944774 0
    outer loop
      vertex 33.5273 17.6904 0
      vertex 33.734 17.7621 0.65
      vertex 33.5273 17.6904 0.65
    endloop
  endfacet
  facet normal 0.327723 -0.944774 0
    outer loop
      vertex 33.734 17.7621 0.65
      vertex 33.5273 17.6904 0
      vertex 33.734 17.7621 0
    endloop
  endfacet
  facet normal 0.394458 -0.918914 0
    outer loop
      vertex 33.3421 17.6109 0
      vertex 33.5273 17.6904 0.65
      vertex 33.3421 17.6109 0.65
    endloop
  endfacet
  facet normal 0.394458 -0.918914 0
    outer loop
      vertex 33.5273 17.6904 0.65
      vertex 33.3421 17.6109 0
      vertex 33.5273 17.6904 0
    endloop
  endfacet
  facet normal 0.470784 -0.882248 0
    outer loop
      vertex 33.1785 17.5236 0
      vertex 33.3421 17.6109 0.65
      vertex 33.1785 17.5236 0.65
    endloop
  endfacet
  facet normal 0.470784 -0.882248 0
    outer loop
      vertex 33.3421 17.6109 0.65
      vertex 33.1785 17.5236 0
      vertex 33.3421 17.6109 0
    endloop
  endfacet
  facet normal 0.556184 -0.831059 0
    outer loop
      vertex 33.0364 17.4285 0
      vertex 33.1785 17.5236 0.65
      vertex 33.0364 17.4285 0.65
    endloop
  endfacet
  facet normal 0.556184 -0.831059 0
    outer loop
      vertex 33.1785 17.5236 0.65
      vertex 33.0364 17.4285 0
      vertex 33.1785 17.5236 0
    endloop
  endfacet
  facet normal 0.648399 -0.761301 0
    outer loop
      vertex 32.9157 17.3257 0
      vertex 33.0364 17.4285 0.65
      vertex 32.9157 17.3257 0.65
    endloop
  endfacet
  facet normal 0.648399 -0.761301 0
    outer loop
      vertex 33.0364 17.4285 0.65
      vertex 32.9157 17.3257 0
      vertex 33.0364 17.4285 0
    endloop
  endfacet
  facet normal 0.742608 -0.669726 0
    outer loop
      vertex 32.8137 17.2126 0.65
      vertex 32.9157 17.3257 0
      vertex 32.9157 17.3257 0.65
    endloop
  endfacet
  facet normal 0.742608 -0.669726 0
    outer loop
      vertex 32.9157 17.3257 0
      vertex 32.8137 17.2126 0.65
      vertex 32.8137 17.2126 0
    endloop
  endfacet
  facet normal 0.825034 -0.565083 0
    outer loop
      vertex 32.7274 17.0866 0.65
      vertex 32.8137 17.2126 0
      vertex 32.8137 17.2126 0.65
    endloop
  endfacet
  facet normal 0.825034 -0.565083 0
    outer loop
      vertex 32.8137 17.2126 0
      vertex 32.7274 17.0866 0.65
      vertex 32.7274 17.0866 0
    endloop
  endfacet
  facet normal 0.891455 -0.453108 0
    outer loop
      vertex 32.6568 16.9477 0.65
      vertex 32.7274 17.0866 0
      vertex 32.7274 17.0866 0.65
    endloop
  endfacet
  facet normal 0.891455 -0.453108 0
    outer loop
      vertex 32.7274 17.0866 0
      vertex 32.6568 16.9477 0.65
      vertex 32.6568 16.9477 0
    endloop
  endfacet
  facet normal 0.940119 -0.340847 0
    outer loop
      vertex 32.6018 16.796 0.65
      vertex 32.6568 16.9477 0
      vertex 32.6568 16.9477 0.65
    endloop
  endfacet
  facet normal 0.940119 -0.340847 0
    outer loop
      vertex 32.6568 16.9477 0
      vertex 32.6018 16.796 0.65
      vertex 32.6018 16.796 0
    endloop
  endfacet
  facet normal 0.972794 -0.231674 0
    outer loop
      vertex 32.5626 16.6314 0.65
      vertex 32.6018 16.796 0
      vertex 32.6018 16.796 0.65
    endloop
  endfacet
  facet normal 0.972794 -0.231674 0
    outer loop
      vertex 32.6018 16.796 0
      vertex 32.5626 16.6314 0.65
      vertex 32.5626 16.6314 0
    endloop
  endfacet
  facet normal 0.99134 -0.131322 0
    outer loop
      vertex 32.5391 16.454 0.65
      vertex 32.5626 16.6314 0
      vertex 32.5626 16.6314 0.65
    endloop
  endfacet
  facet normal 0.99134 -0.131322 0
    outer loop
      vertex 32.5626 16.6314 0
      vertex 32.5391 16.454 0.65
      vertex 32.5391 16.454 0
    endloop
  endfacet
  facet normal 0.999139 -0.0414777 0
    outer loop
      vertex 32.5312 16.2637 0.65
      vertex 32.5391 16.454 0
      vertex 32.5391 16.454 0.65
    endloop
  endfacet
  facet normal 0.999139 -0.0414777 0
    outer loop
      vertex 32.5391 16.454 0
      vertex 32.5312 16.2637 0.65
      vertex 32.5312 16.2637 0
    endloop
  endfacet
  facet normal 0.999026 0.0441337 0
    outer loop
      vertex 32.5422 16.0147 0.65
      vertex 32.5312 16.2637 0
      vertex 32.5312 16.2637 0.65
    endloop
  endfacet
  facet normal 0.999026 0.0441337 0
    outer loop
      vertex 32.5312 16.2637 0
      vertex 32.5422 16.0147 0.65
      vertex 32.5422 16.0147 0
    endloop
  endfacet
  facet normal 0.989984 0.14118 0
    outer loop
      vertex 32.575 15.7847 0.65
      vertex 32.5422 16.0147 0
      vertex 32.5422 16.0147 0.65
    endloop
  endfacet
  facet normal 0.989984 0.14118 0
    outer loop
      vertex 32.5422 16.0147 0
      vertex 32.575 15.7847 0.65
      vertex 32.575 15.7847 0
    endloop
  endfacet
  facet normal 0.968059 0.250724 0
    outer loop
      vertex 32.6297 15.5735 0.65
      vertex 32.575 15.7847 0
      vertex 32.575 15.7847 0.65
    endloop
  endfacet
  facet normal 0.968059 0.250724 0
    outer loop
      vertex 32.575 15.7847 0
      vertex 32.6297 15.5735 0.65
      vertex 32.6297 15.5735 0
    endloop
  endfacet
  facet normal 0.928843 0.370474 0
    outer loop
      vertex 32.7064 15.3812 0.65
      vertex 32.6297 15.5735 0
      vertex 32.6297 15.5735 0.65
    endloop
  endfacet
  facet normal 0.928843 0.370474 0
    outer loop
      vertex 32.6297 15.5735 0
      vertex 32.7064 15.3812 0.65
      vertex 32.7064 15.3812 0
    endloop
  endfacet
  facet normal 0.869383 0.494139 0
    outer loop
      vertex 32.8049 15.2079 0.65
      vertex 32.7064 15.3812 0
      vertex 32.7064 15.3812 0.65
    endloop
  endfacet
  facet normal 0.869383 0.494139 0
    outer loop
      vertex 32.7064 15.3812 0
      vertex 32.8049 15.2079 0.65
      vertex 32.8049 15.2079 0
    endloop
  endfacet
  facet normal 0.788334 0.615248 0
    outer loop
      vertex 32.9254 15.0535 0.65
      vertex 32.8049 15.2079 0
      vertex 32.8049 15.2079 0.65
    endloop
  endfacet
  facet normal 0.788334 0.615248 0
    outer loop
      vertex 32.8049 15.2079 0
      vertex 32.9254 15.0535 0.65
      vertex 32.9254 15.0535 0
    endloop
  endfacet
  facet normal 0.689858 0.723944 -0
    outer loop
      vertex 33.0677 14.9179 0
      vertex 32.9254 15.0535 0.65
      vertex 33.0677 14.9179 0.65
    endloop
  endfacet
  facet normal 0.689858 0.723944 0
    outer loop
      vertex 32.9254 15.0535 0.65
      vertex 33.0677 14.9179 0
      vertex 32.9254 15.0535 0
    endloop
  endfacet
  facet normal 0.579224 0.815168 -0
    outer loop
      vertex 33.2325 14.8008 0
      vertex 33.0677 14.9179 0.65
      vertex 33.2325 14.8008 0.65
    endloop
  endfacet
  facet normal 0.579224 0.815168 0
    outer loop
      vertex 33.0677 14.9179 0.65
      vertex 33.2325 14.8008 0
      vertex 33.0677 14.9179 0
    endloop
  endfacet
  facet normal 0.466135 0.884714 -0
    outer loop
      vertex 33.4204 14.7018 0
      vertex 33.2325 14.8008 0.65
      vertex 33.4204 14.7018 0.65
    endloop
  endfacet
  facet normal 0.466135 0.884714 0
    outer loop
      vertex 33.2325 14.8008 0.65
      vertex 33.4204 14.7018 0
      vertex 33.2325 14.8008 0
    endloop
  endfacet
  facet normal 0.358772 0.933425 -0
    outer loop
      vertex 33.6314 14.6207 0
      vertex 33.4204 14.7018 0.65
      vertex 33.6314 14.6207 0.65
    endloop
  endfacet
  facet normal 0.358772 0.933425 0
    outer loop
      vertex 33.4204 14.7018 0.65
      vertex 33.6314 14.6207 0
      vertex 33.4204 14.7018 0
    endloop
  endfacet
  facet normal 0.25987 0.965644 -0
    outer loop
      vertex 33.8655 14.5577 0
      vertex 33.6314 14.6207 0.65
      vertex 33.8655 14.5577 0.65
    endloop
  endfacet
  facet normal 0.25987 0.965644 0
    outer loop
      vertex 33.6314 14.6207 0.65
      vertex 33.8655 14.5577 0
      vertex 33.6314 14.6207 0
    endloop
  endfacet
  facet normal 0.172715 0.984972 -0
    outer loop
      vertex 34.1227 14.5126 0
      vertex 33.8655 14.5577 0.65
      vertex 34.1227 14.5126 0.65
    endloop
  endfacet
  facet normal 0.172715 0.984972 0
    outer loop
      vertex 33.8655 14.5577 0.65
      vertex 34.1227 14.5126 0
      vertex 33.8655 14.5577 0
    endloop
  endfacet
  facet normal 0.0958816 0.995393 -0
    outer loop
      vertex 34.403 14.4856 0
      vertex 34.1227 14.5126 0.65
      vertex 34.403 14.4856 0.65
    endloop
  endfacet
  facet normal 0.0958816 0.995393 0
    outer loop
      vertex 34.1227 14.5126 0.65
      vertex 34.403 14.4856 0
      vertex 34.1227 14.5126 0
    endloop
  endfacet
  facet normal 0.0296508 0.99956 -0
    outer loop
      vertex 34.7064 14.4766 0
      vertex 34.403 14.4856 0.65
      vertex 34.7064 14.4766 0.65
    endloop
  endfacet
  facet normal 0.0296508 0.99956 0
    outer loop
      vertex 34.403 14.4856 0.65
      vertex 34.7064 14.4766 0
      vertex 34.403 14.4856 0
    endloop
  endfacet
  facet normal -0.0134577 0.999909 0
    outer loop
      vertex 34.855 14.4786 0
      vertex 34.7064 14.4766 0.65
      vertex 34.855 14.4786 0.65
    endloop
  endfacet
  facet normal -0.0134577 0.999909 0
    outer loop
      vertex 34.7064 14.4766 0.65
      vertex 34.855 14.4786 0
      vertex 34.7064 14.4766 0
    endloop
  endfacet
  facet normal -0.835179 0.549978 0
    outer loop
      vertex 52.7536 16.8872 0
      vertex 54.1 18.9318 0.65
      vertex 54.1 18.9318 0
    endloop
  endfacet
  facet normal -0.835179 0.549978 0
    outer loop
      vertex 54.1 18.9318 0.65
      vertex 52.7536 16.8872 0
      vertex 52.7536 16.8872 0.65
    endloop
  endfacet
  facet normal 0 -1 0
    outer loop
      vertex 53.2955 20.0511 0
      vertex 54.1 20.0511 0.65
      vertex 53.2955 20.0511 0.65
    endloop
  endfacet
  facet normal 0 -1 -0
    outer loop
      vertex 54.1 20.0511 0.65
      vertex 53.2955 20.0511 0
      vertex 54.1 20.0511 0
    endloop
  endfacet
  facet normal 0.842631 -0.538491 0
    outer loop
      vertex 52.25 18.4151 0.65
      vertex 53.2955 20.0511 0
      vertex 53.2955 20.0511 0.65
    endloop
  endfacet
  facet normal 0.842631 -0.538491 0
    outer loop
      vertex 53.2955 20.0511 0
      vertex 52.25 18.4151 0.65
      vertex 52.25 18.4151 0
    endloop
  endfacet
  facet normal 0 -1 0
    outer loop
      vertex 49.2601 20.0511 0
      vertex 50.7 20.0511 0.65
      vertex 49.2601 20.0511 0.65
    endloop
  endfacet
  facet normal 0 -1 -0
    outer loop
      vertex 50.7 20.0511 0.65
      vertex 49.2601 20.0511 0
      vertex 50.7 20.0511 0
    endloop
  endfacet
  facet normal 0.835158 0.550011 0
    outer loop
      vertex 50.7 17.8647 0.65
      vertex 49.2601 20.0511 0
      vertex 49.2601 20.0511 0.65
    endloop
  endfacet
  facet normal 0.835158 0.550011 0
    outer loop
      vertex 49.2601 20.0511 0
      vertex 50.7 17.8647 0.65
      vertex 50.7 17.8647 0
    endloop
  endfacet
  facet normal 0 1 -0
    outer loop
      vertex 52.7536 14.5838 0
      vertex 52.25 14.5838 0.65
      vertex 52.7536 14.5838 0.65
    endloop
  endfacet
  facet normal 0 1 0
    outer loop
      vertex 52.25 14.5838 0.65
      vertex 52.7536 14.5838 0
      vertex 52.25 14.5838 0
    endloop
  endfacet
  facet normal -1 0 0
    outer loop
      vertex 52.7536 14.5838 0
      vertex 52.7536 16.8872 0.65
      vertex 52.7536 16.8872 0
    endloop
  endfacet
  facet normal -1 -0 0
    outer loop
      vertex 52.7536 16.8872 0.65
      vertex 52.7536 14.5838 0
      vertex 52.7536 14.5838 0.65
    endloop
  endfacet
  facet normal 0 -1 0
    outer loop
      vertex 22.793 20.0511 0
      vertex 24.2029 20.0511 0.65
      vertex 22.793 20.0511 0.65
    endloop
  endfacet
  facet normal 0 -1 -0
    outer loop
      vertex 24.2029 20.0511 0.65
      vertex 22.793 20.0511 0
      vertex 24.2029 20.0511 0
    endloop
  endfacet
  facet normal 1 -0 0
    outer loop
      vertex 22.793 14.5838 0.65
      vertex 22.793 20.0511 0
      vertex 22.793 20.0511 0.65
    endloop
  endfacet
  facet normal 1 0 0
    outer loop
      vertex 22.793 20.0511 0
      vertex 22.793 14.5838 0.65
      vertex 22.793 14.5838 0
    endloop
  endfacet
  facet normal 0 1 -0
    outer loop
      vertex 24.2029 14.5838 0
      vertex 22.793 14.5838 0.65
      vertex 24.2029 14.5838 0.65
    endloop
  endfacet
  facet normal 0 1 0
    outer loop
      vertex 22.793 14.5838 0.65
      vertex 24.2029 14.5838 0
      vertex 22.793 14.5838 0
    endloop
  endfacet
  facet normal -1 0 0
    outer loop
      vertex 24.2029 14.5838 0
      vertex 24.2029 20.0511 0.65
      vertex 24.2029 20.0511 0
    endloop
  endfacet
  facet normal -1 -0 0
    outer loop
      vertex 24.2029 20.0511 0.65
      vertex 24.2029 14.5838 0
      vertex 24.2029 14.5838 0.65
    endloop
  endfacet
  facet normal 0 -1 0
    outer loop
      vertex 27.4601 20.0511 0
      vertex 28.8699 20.0511 0.65
      vertex 27.4601 20.0511 0.65
    endloop
  endfacet
  facet normal 0 -1 -0
    outer loop
      vertex 28.8699 20.0511 0.65
      vertex 27.4601 20.0511 0
      vertex 28.8699 20.0511 0
    endloop
  endfacet
  facet normal 1 -0 0
    outer loop
      vertex 27.4601 15.6482 0.65
      vertex 27.4601 20.0511 0
      vertex 27.4601 20.0511 0.65
    endloop
  endfacet
  facet normal 1 0 0
    outer loop
      vertex 27.4601 20.0511 0
      vertex 27.4601 15.6482 0.65
      vertex 27.4601 15.6482 0
    endloop
  endfacet
  facet normal 0 -1 0
    outer loop
      vertex 24.9846 15.6482 0
      vertex 27.4601 15.6482 0.65
      vertex 24.9846 15.6482 0.65
    endloop
  endfacet
  facet normal 0 -1 -0
    outer loop
      vertex 27.4601 15.6482 0.65
      vertex 24.9846 15.6482 0
      vertex 27.4601 15.6482 0
    endloop
  endfacet
  facet normal 1 -0 0
    outer loop
      vertex 24.9846 14.5838 0.65
      vertex 24.9846 15.6482 0
      vertex 24.9846 15.6482 0.65
    endloop
  endfacet
  facet normal 1 0 0
    outer loop
      vertex 24.9846 15.6482 0
      vertex 24.9846 14.5838 0.65
      vertex 24.9846 14.5838 0
    endloop
  endfacet
  facet normal 0 1 -0
    outer loop
      vertex 28.8699 14.5838 0
      vertex 24.9846 14.5838 0.65
      vertex 28.8699 14.5838 0.65
    endloop
  endfacet
  facet normal 0 1 0
    outer loop
      vertex 24.9846 14.5838 0.65
      vertex 28.8699 14.5838 0
      vertex 24.9846 14.5838 0
    endloop
  endfacet
  facet normal -1 0 0
    outer loop
      vertex 28.8699 14.5838 0
      vertex 28.8699 20.0511 0.65
      vertex 28.8699 20.0511 0
    endloop
  endfacet
  facet normal -1 -0 0
    outer loop
      vertex 28.8699 20.0511 0.65
      vertex 28.8699 14.5838 0
      vertex 28.8699 14.5838 0.65
    endloop
  endfacet
  facet normal 1 -0 0
    outer loop
      vertex 20.1412 14.5838 0.65
      vertex 20.1412 18.3337 0
      vertex 20.1412 18.3337 0.65
    endloop
  endfacet
  facet normal 1 0 0
    outer loop
      vertex 20.1412 18.3337 0
      vertex 20.1412 14.5838 0.65
      vertex 20.1412 14.5838 0
    endloop
  endfacet
  facet normal 0 1 -0
    outer loop
      vertex 21.4777 14.5838 0
      vertex 20.1412 14.5838 0.65
      vertex 21.4777 14.5838 0.65
    endloop
  endfacet
  facet normal 0 1 0
    outer loop
      vertex 20.1412 14.5838 0.65
      vertex 21.4777 14.5838 0
      vertex 20.1412 14.5838 0
    endloop
  endfacet
  facet normal -1 0 0
    outer loop
      vertex 21.4777 14.5838 0
      vertex 21.4777 20.0511 0.65
      vertex 21.4777 20.0511 0
    endloop
  endfacet
  facet normal -1 -0 0
    outer loop
      vertex 21.4777 20.0511 0.65
      vertex 21.4777 14.5838 0
      vertex 21.4777 14.5838 0.65
    endloop
  endfacet
  facet normal 0 -1 0
    outer loop
      vertex 19.9032 20.0511 0
      vertex 21.4777 20.0511 0.65
      vertex 19.9032 20.0511 0.65
    endloop
  endfacet
  facet normal 0 -1 -0
    outer loop
      vertex 21.4777 20.0511 0.65
      vertex 19.9032 20.0511 0
      vertex 21.4777 20.0511 0
    endloop
  endfacet
  facet normal 0.88348 -0.468469 0
    outer loop
      vertex 17.9148 16.3012 0.65
      vertex 19.9032 20.0511 0
      vertex 19.9032 20.0511 0.65
    endloop
  endfacet
  facet normal 0.88348 -0.468469 0
    outer loop
      vertex 19.9032 20.0511 0
      vertex 17.9148 16.3012 0.65
      vertex 17.9148 16.3012 0
    endloop
  endfacet
  facet normal -1 0 0
    outer loop
      vertex 17.9148 16.3012 0
      vertex 17.9148 20.0511 0.65
      vertex 17.9148 20.0511 0
    endloop
  endfacet
  facet normal -1 -0 0
    outer loop
      vertex 17.9148 20.0511 0.65
      vertex 17.9148 16.3012 0
      vertex 17.9148 16.3012 0.65
    endloop
  endfacet
  facet normal 0 -1 0
    outer loop
      vertex 16.5782 20.0511 0
      vertex 17.9148 20.0511 0.65
      vertex 16.5782 20.0511 0.65
    endloop
  endfacet
  facet normal 0 -1 -0
    outer loop
      vertex 17.9148 20.0511 0.65
      vertex 16.5782 20.0511 0
      vertex 17.9148 20.0511 0
    endloop
  endfacet
  facet normal 1 -0 0
    outer loop
      vertex 16.5782 14.5838 0.65
      vertex 16.5782 20.0511 0
      vertex 16.5782 20.0511 0.65
    endloop
  endfacet
  facet normal 1 0 0
    outer loop
      vertex 16.5782 20.0511 0
      vertex 16.5782 14.5838 0.65
      vertex 16.5782 14.5838 0
    endloop
  endfacet
  facet normal 0 1 -0
    outer loop
      vertex 18.1527 14.5838 0
      vertex 16.5782 14.5838 0.65
      vertex 18.1527 14.5838 0.65
    endloop
  endfacet
  facet normal 0 1 0
    outer loop
      vertex 16.5782 14.5838 0.65
      vertex 18.1527 14.5838 0
      vertex 16.5782 14.5838 0
    endloop
  endfacet
  facet normal -0.88347 0.468487 0
    outer loop
      vertex 18.1527 14.5838 0
      vertex 20.1412 18.3337 0.65
      vertex 20.1412 18.3337 0
    endloop
  endfacet
  facet normal -0.88347 0.468487 0
    outer loop
      vertex 20.1412 18.3337 0.65
      vertex 18.1527 14.5838 0
      vertex 18.1527 14.5838 0.65
    endloop
  endfacet
  facet normal -0.646977 0.762509 0
    outer loop
      vertex 42.0599 15.0444 0
      vertex 42.05 15.036 0.65
      vertex 42.0599 15.0444 0.65
    endloop
  endfacet
  facet normal -0.646977 0.762509 0
    outer loop
      vertex 42.05 15.036 0.65
      vertex 42.0599 15.0444 0
      vertex 42.05 15.036 0
    endloop
  endfacet
  facet normal -0.748332 0.663324 0
    outer loop
      vertex 42.0599 15.0444 0
      vertex 42.2144 15.2187 0.65
      vertex 42.2144 15.2187 0
    endloop
  endfacet
  facet normal -0.748332 0.663324 0
    outer loop
      vertex 42.2144 15.2187 0.65
      vertex 42.0599 15.0444 0
      vertex 42.0599 15.0444 0.65
    endloop
  endfacet
  facet normal -0.835336 0.54974 0
    outer loop
      vertex 42.2144 15.2187 0
      vertex 42.3451 15.4173 0.65
      vertex 42.3451 15.4173 0
    endloop
  endfacet
  facet normal -0.835336 0.54974 0
    outer loop
      vertex 42.3451 15.4173 0.65
      vertex 42.2144 15.2187 0
      vertex 42.2144 15.2187 0.65
    endloop
  endfacet
  facet normal -0.901517 0.432744 0
    outer loop
      vertex 42.3451 15.4173 0
      vertex 42.452 15.64 0.65
      vertex 42.452 15.64 0
    endloop
  endfacet
  facet normal -0.901517 0.432744 0
    outer loop
      vertex 42.452 15.64 0.65
      vertex 42.3451 15.4173 0
      vertex 42.3451 15.4173 0.65
    endloop
  endfacet
  facet normal -0.947681 0.319219 0
    outer loop
      vertex 42.452 15.64 0
      vertex 42.5352 15.887 0.65
      vertex 42.5352 15.887 0
    endloop
  endfacet
  facet normal -0.947681 0.319219 0
    outer loop
      vertex 42.5352 15.887 0.65
      vertex 42.452 15.64 0
      vertex 42.452 15.64 0.65
    endloop
  endfacet
  facet normal -0.976844 0.213955 0
    outer loop
      vertex 42.5352 15.887 0
      vertex 42.5946 16.1582 0.65
      vertex 42.5946 16.1582 0
    endloop
  endfacet
  facet normal -0.976844 0.213955 0
    outer loop
      vertex 42.5946 16.1582 0.65
      vertex 42.5352 15.887 0
      vertex 42.5352 15.887 0.65
    endloop
  endfacet
  facet normal -0.992776 0.11998 0
    outer loop
      vertex 42.5946 16.1582 0
      vertex 42.6303 16.4536 0.65
      vertex 42.6303 16.4536 0
    endloop
  endfacet
  facet normal -0.992776 0.11998 0
    outer loop
      vertex 42.6303 16.4536 0.65
      vertex 42.5946 16.1582 0
      vertex 42.5946 16.1582 0.65
    endloop
  endfacet
  facet normal -0.99932 0.0368845 0
    outer loop
      vertex 42.6303 16.4536 0
      vertex 42.6421 16.7733 0.65
      vertex 42.6421 16.7733 0
    endloop
  endfacet
  facet normal -0.99932 0.0368845 0
    outer loop
      vertex 42.6421 16.7733 0.65
      vertex 42.6303 16.4536 0
      vertex 42.6303 16.4536 0.65
    endloop
  endfacet
  facet normal -1 0 0
    outer loop
      vertex 42.6421 16.7733 0
      vertex 42.6421 20.0511 0.65
      vertex 42.6421 20.0511 0
    endloop
  endfacet
  facet normal -1 -0 0
    outer loop
      vertex 42.6421 20.0511 0.65
      vertex 42.6421 16.7733 0
      vertex 42.6421 16.7733 0.65
    endloop
  endfacet
  facet normal 0 -1 0
    outer loop
      vertex 42.05 20.0511 0
      vertex 42.6421 20.0511 0.65
      vertex 42.05 20.0511 0.65
    endloop
  endfacet
  facet normal 0 -1 -0
    outer loop
      vertex 42.6421 20.0511 0.65
      vertex 42.05 20.0511 0
      vertex 42.6421 20.0511 0
    endloop
  endfacet
  facet normal 0.139011 -0.990291 0
    outer loop
      vertex 40.4252 15.5194 0
      vertex 40.5 15.5299 0.65
      vertex 40.4252 15.5194 0.65
    endloop
  endfacet
  facet normal 0.139011 -0.990291 0
    outer loop
      vertex 40.5 15.5299 0.65
      vertex 40.4252 15.5194 0
      vertex 40.5 15.5299 0
    endloop
  endfacet
  facet normal 0.0435317 -0.999052 0
    outer loop
      vertex 40.2875 15.5134 0
      vertex 40.4252 15.5194 0.65
      vertex 40.2875 15.5134 0.65
    endloop
  endfacet
  facet normal 0.0435317 -0.999052 0
    outer loop
      vertex 40.4252 15.5194 0.65
      vertex 40.2875 15.5134 0
      vertex 40.4252 15.5194 0
    endloop
  endfacet
  facet normal -0.0432495 -0.999064 0
    outer loop
      vertex 40.1489 15.5194 0
      vertex 40.2875 15.5134 0.65
      vertex 40.1489 15.5194 0.65
    endloop
  endfacet
  facet normal -0.0432495 -0.999064 -0
    outer loop
      vertex 40.2875 15.5134 0.65
      vertex 40.1489 15.5194 0
      vertex 40.2875 15.5134 0
    endloop
  endfacet
  facet normal -0.138801 -0.99032 0
    outer loop
      vertex 40.0219 15.5372 0
      vertex 40.1489 15.5194 0.65
      vertex 40.0219 15.5372 0.65
    endloop
  endfacet
  facet normal -0.138801 -0.99032 -0
    outer loop
      vertex 40.1489 15.5194 0.65
      vertex 40.0219 15.5372 0
      vertex 40.1489 15.5194 0
    endloop
  endfacet
  facet normal -0.249243 -0.968441 0
    outer loop
      vertex 39.9065 15.5669 0
      vertex 40.0219 15.5372 0.65
      vertex 39.9065 15.5669 0.65
    endloop
  endfacet
  facet normal -0.249243 -0.968441 -0
    outer loop
      vertex 40.0219 15.5372 0.65
      vertex 39.9065 15.5669 0
      vertex 40.0219 15.5372 0
    endloop
  endfacet
  facet normal -0.372007 -0.92823 0
    outer loop
      vertex 39.8027 15.6085 0
      vertex 39.9065 15.5669 0.65
      vertex 39.8027 15.6085 0.65
    endloop
  endfacet
  facet normal -0.372007 -0.92823 -0
    outer loop
      vertex 39.9065 15.5669 0.65
      vertex 39.8027 15.6085 0
      vertex 39.9065 15.5669 0
    endloop
  endfacet
  facet normal -0.50148 -0.865169 0
    outer loop
      vertex 39.7104 15.662 0
      vertex 39.8027 15.6085 0.65
      vertex 39.7104 15.662 0.65
    endloop
  endfacet
  facet normal -0.50148 -0.865169 -0
    outer loop
      vertex 39.8027 15.6085 0.65
      vertex 39.7104 15.662 0
      vertex 39.8027 15.6085 0
    endloop
  endfacet
  facet normal -0.629503 -0.776998 0
    outer loop
      vertex 39.6298 15.7273 0
      vertex 39.7104 15.662 0.65
      vertex 39.6298 15.7273 0.65
    endloop
  endfacet
  facet normal -0.629503 -0.776998 -0
    outer loop
      vertex 39.7104 15.662 0.65
      vertex 39.6298 15.7273 0
      vertex 39.7104 15.662 0
    endloop
  endfacet
  facet normal -0.745544 -0.666456 0
    outer loop
      vertex 39.6298 15.7273 0
      vertex 39.5607 15.8046 0.65
      vertex 39.5607 15.8046 0
    endloop
  endfacet
  facet normal -0.745544 -0.666456 0
    outer loop
      vertex 39.5607 15.8046 0.65
      vertex 39.6298 15.7273 0
      vertex 39.6298 15.7273 0.65
    endloop
  endfacet
  facet normal -0.840188 -0.542295 0
    outer loop
      vertex 39.5607 15.8046 0
      vertex 39.5019 15.8957 0.65
      vertex 39.5019 15.8957 0
    endloop
  endfacet
  facet normal -0.840188 -0.542295 0
    outer loop
      vertex 39.5019 15.8957 0.65
      vertex 39.5607 15.8046 0
      vertex 39.5607 15.8046 0.65
    endloop
  endfacet
  facet normal -0.906638 -0.421909 0
    outer loop
      vertex 39.5019 15.8957 0
      vertex 39.4522 16.0025 0.65
      vertex 39.4522 16.0025 0
    endloop
  endfacet
  facet normal -0.906638 -0.421909 0
    outer loop
      vertex 39.4522 16.0025 0.65
      vertex 39.5019 15.8957 0
      vertex 39.5019 15.8957 0.65
    endloop
  endfacet
  facet normal -0.94907 -0.315066 0
    outer loop
      vertex 39.4522 16.0025 0
      vertex 39.4115 16.1251 0.65
      vertex 39.4115 16.1251 0
    endloop
  endfacet
  facet normal -0.94907 -0.315066 0
    outer loop
      vertex 39.4115 16.1251 0.65
      vertex 39.4522 16.0025 0
      vertex 39.4522 16.0025 0.65
    endloop
  endfacet
  facet normal -0.974758 -0.223265 0
    outer loop
      vertex 39.4115 16.1251 0
      vertex 39.3798 16.2635 0.65
      vertex 39.3798 16.2635 0
    endloop
  endfacet
  facet normal -0.974758 -0.223265 0
    outer loop
      vertex 39.3798 16.2635 0.65
      vertex 39.4115 16.1251 0
      vertex 39.4115 16.1251 0.65
    endloop
  endfacet
  facet normal -0.98943 -0.145014 0
    outer loop
      vertex 39.3798 16.2635 0
      vertex 39.3572 16.4177 0.65
      vertex 39.3572 16.4177 0
    endloop
  endfacet
  facet normal -0.98943 -0.145014 0
    outer loop
      vertex 39.3572 16.4177 0.65
      vertex 39.3798 16.2635 0
      vertex 39.3798 16.2635 0.65
    endloop
  endfacet
  facet normal -0.996812 -0.0797919 0
    outer loop
      vertex 39.3572 16.4177 0
      vertex 39.3436 16.5876 0.65
      vertex 39.3436 16.5876 0
    endloop
  endfacet
  facet normal -0.996812 -0.0797919 0
    outer loop
      vertex 39.3436 16.5876 0.65
      vertex 39.3572 16.4177 0
      vertex 39.3572 16.4177 0.65
    endloop
  endfacet
  facet normal -0.999707 -0.0242255 0
    outer loop
      vertex 39.3436 16.5876 0
      vertex 39.3391 16.7733 0.65
      vertex 39.3391 16.7733 0
    endloop
  endfacet
  facet normal -0.999707 -0.0242255 0
    outer loop
      vertex 39.3391 16.7733 0.65
      vertex 39.3436 16.5876 0
      vertex 39.3436 16.5876 0.65
    endloop
  endfacet
  facet normal -1 0 0
    outer loop
      vertex 39.3391 16.7733 0
      vertex 39.3391 20.0511 0.65
      vertex 39.3391 20.0511 0
    endloop
  endfacet
  facet normal -1 -0 0
    outer loop
      vertex 39.3391 20.0511 0.65
      vertex 39.3391 16.7733 0
      vertex 39.3391 16.7733 0.65
    endloop
  endfacet
  facet normal 0 -1 0
    outer loop
      vertex 37.9293 20.0511 0
      vertex 39.3391 20.0511 0.65
      vertex 37.9293 20.0511 0.65
    endloop
  endfacet
  facet normal 0 -1 -0
    outer loop
      vertex 39.3391 20.0511 0.65
      vertex 37.9293 20.0511 0
      vertex 39.3391 20.0511 0
    endloop
  endfacet
  facet normal 1 -0 0
    outer loop
      vertex 37.9293 16.7733 0.65
      vertex 37.9293 20.0511 0
      vertex 37.9293 20.0511 0.65
    endloop
  endfacet
  facet normal 1 0 0
    outer loop
      vertex 37.9293 20.0511 0
      vertex 37.9293 16.7733 0.65
      vertex 37.9293 16.7733 0
    endloop
  endfacet
  facet normal 0.999308 0.0371966 0
    outer loop
      vertex 37.9412 16.4536 0.65
      vertex 37.9293 16.7733 0
      vertex 37.9293 16.7733 0.65
    endloop
  endfacet
  facet normal 0.999308 0.0371966 0
    outer loop
      vertex 37.9293 16.7733 0
      vertex 37.9412 16.4536 0.65
      vertex 37.9412 16.4536 0
    endloop
  endfacet
  facet normal 0.992776 0.11998 0
    outer loop
      vertex 37.9769 16.1582 0.65
      vertex 37.9412 16.4536 0
      vertex 37.9412 16.4536 0.65
    endloop
  endfacet
  facet normal 0.992776 0.11998 0
    outer loop
      vertex 37.9412 16.4536 0
      vertex 37.9769 16.1582 0.65
      vertex 37.9769 16.1582 0
    endloop
  endfacet
  facet normal 0.976844 0.213955 0
    outer loop
      vertex 38.0363 15.887 0.65
      vertex 37.9769 16.1582 0
      vertex 37.9769 16.1582 0.65
    endloop
  endfacet
  facet normal 0.976844 0.213955 0
    outer loop
      vertex 37.9769 16.1582 0
      vertex 38.0363 15.887 0.65
      vertex 38.0363 15.887 0
    endloop
  endfacet
  facet normal 0.947681 0.319219 0
    outer loop
      vertex 38.1195 15.64 0.65
      vertex 38.0363 15.887 0
      vertex 38.0363 15.887 0.65
    endloop
  endfacet
  facet normal 0.947681 0.319219 0
    outer loop
      vertex 38.0363 15.887 0
      vertex 38.1195 15.64 0.65
      vertex 38.1195 15.64 0
    endloop
  endfacet
  facet normal 0.901517 0.432744 0
    outer loop
      vertex 38.2264 15.4173 0.65
      vertex 38.1195 15.64 0
      vertex 38.1195 15.64 0.65
    endloop
  endfacet
  facet normal 0.901517 0.432744 0
    outer loop
      vertex 38.1195 15.64 0
      vertex 38.2264 15.4173 0.65
      vertex 38.2264 15.4173 0
    endloop
  endfacet
  facet normal 0.835336 0.54974 0
    outer loop
      vertex 38.3571 15.2187 0.65
      vertex 38.2264 15.4173 0
      vertex 38.2264 15.4173 0.65
    endloop
  endfacet
  facet normal 0.835336 0.54974 0
    outer loop
      vertex 38.2264 15.4173 0
      vertex 38.3571 15.2187 0.65
      vertex 38.3571 15.2187 0
    endloop
  endfacet
  facet normal 0.748332 0.663324 0
    outer loop
      vertex 38.5116 15.0444 0.65
      vertex 38.3571 15.2187 0
      vertex 38.3571 15.2187 0.65
    endloop
  endfacet
  facet normal 0.748332 0.663324 0
    outer loop
      vertex 38.3571 15.2187 0
      vertex 38.5116 15.0444 0.65
      vertex 38.5116 15.0444 0
    endloop
  endfacet
  facet normal 0.644215 0.764845 -0
    outer loop
      vertex 38.6904 14.8938 0
      vertex 38.5116 15.0444 0.65
      vertex 38.6904 14.8938 0.65
    endloop
  endfacet
  facet normal 0.644215 0.764845 0
    outer loop
      vertex 38.5116 15.0444 0.65
      vertex 38.6904 14.8938 0
      vertex 38.5116 15.0444 0
    endloop
  endfacet
  facet normal 0.530373 0.847765 -0
    outer loop
      vertex 38.8942 14.7663 0
      vertex 38.6904 14.8938 0.65
      vertex 38.8942 14.7663 0.65
    endloop
  endfacet
  facet normal 0.530373 0.847765 0
    outer loop
      vertex 38.6904 14.8938 0.65
      vertex 38.8942 14.7663 0
      vertex 38.6904 14.8938 0
    endloop
  endfacet
  facet normal 0.414791 0.909916 -0
    outer loop
      vertex 39.123 14.662 0
      vertex 38.8942 14.7663 0.65
      vertex 39.123 14.662 0.65
    endloop
  endfacet
  facet normal 0.414791 0.909916 0
    outer loop
      vertex 38.8942 14.7663 0.65
      vertex 39.123 14.662 0
      vertex 38.8942 14.7663 0
    endloop
  endfacet
  facet normal 0.30449 0.952516 -0
    outer loop
      vertex 39.3767 14.5809 0
      vertex 39.123 14.662 0.65
      vertex 39.3767 14.5809 0.65
    endloop
  endfacet
  facet normal 0.30449 0.952516 0
    outer loop
      vertex 39.123 14.662 0.65
      vertex 39.3767 14.5809 0
      vertex 39.123 14.662 0
    endloop
  endfacet
  facet normal 0.203477 0.97908 -0
    outer loop
      vertex 39.6553 14.523 0
      vertex 39.3767 14.5809 0.65
      vertex 39.6553 14.523 0.65
    endloop
  endfacet
  facet normal 0.203477 0.97908 0
    outer loop
      vertex 39.3767 14.5809 0.65
      vertex 39.6553 14.523 0
      vertex 39.3767 14.5809 0
    endloop
  endfacet
  facet normal 0.113842 0.993499 -0
    outer loop
      vertex 39.959 14.4882 0
      vertex 39.6553 14.523 0.65
      vertex 39.959 14.4882 0.65
    endloop
  endfacet
  facet normal 0.113842 0.993499 0
    outer loop
      vertex 39.6553 14.523 0.65
      vertex 39.959 14.4882 0
      vertex 39.6553 14.523 0
    endloop
  endfacet
  facet normal 0.0352793 0.999377 -0
    outer loop
      vertex 40.2876 14.4766 0
      vertex 39.959 14.4882 0.65
      vertex 40.2876 14.4766 0.65
    endloop
  endfacet
  facet normal 0.0352793 0.999377 0
    outer loop
      vertex 39.959 14.4882 0.65
      vertex 40.2876 14.4766 0
      vertex 39.959 14.4882 0
    endloop
  endfacet
  facet normal -0.0352887 0.999377 0
    outer loop
      vertex 40.5 14.4841 0
      vertex 40.2876 14.4766 0.65
      vertex 40.5 14.4841 0.65
    endloop
  endfacet
  facet normal -0.0352887 0.999377 0
    outer loop
      vertex 40.2876 14.4766 0.65
      vertex 40.5 14.4841 0
      vertex 40.2876 14.4766 0
    endloop
  endfacet
  facet normal 0 -1 0
    outer loop
      vertex 47.1973 20.0511 0
      vertex 47.3 20.0511 0.65
      vertex 47.1973 20.0511 0.65
    endloop
  endfacet
  facet normal 0 -1 -0
    outer loop
      vertex 47.3 20.0511 0.65
      vertex 47.1973 20.0511 0
      vertex 47.3 20.0511 0
    endloop
  endfacet
  facet normal 0.883479 -0.46847 0
    outer loop
      vertex 45.45 16.7559 0.65
      vertex 47.1973 20.0511 0
      vertex 47.1973 20.0511 0.65
    endloop
  endfacet
  facet normal 0.883479 -0.46847 0
    outer loop
      vertex 47.1973 20.0511 0
      vertex 45.45 16.7559 0.65
      vertex 45.45 16.7559 0
    endloop
  endfacet
  facet normal 0 -1 0
    outer loop
      vertex 43.8723 20.0511 0
      vertex 43.9 20.0511 0.65
      vertex 43.8723 20.0511 0.65
    endloop
  endfacet
  facet normal 0 -1 -0
    outer loop
      vertex 43.9 20.0511 0.65
      vertex 43.8723 20.0511 0
      vertex 43.9 20.0511 0
    endloop
  endfacet
  facet normal 1 -0 0
    outer loop
      vertex 43.8723 14.5838 0.65
      vertex 43.8723 20.0511 0
      vertex 43.8723 20.0511 0.65
    endloop
  endfacet
  facet normal 1 0 0
    outer loop
      vertex 43.8723 20.0511 0
      vertex 43.8723 14.5838 0.65
      vertex 43.8723 14.5838 0
    endloop
  endfacet
  facet normal 0 1 -0
    outer loop
      vertex 43.9 14.5838 0
      vertex 43.8723 14.5838 0.65
      vertex 43.9 14.5838 0.65
    endloop
  endfacet
  facet normal 0 1 0
    outer loop
      vertex 43.8723 14.5838 0.65
      vertex 43.9 14.5838 0
      vertex 43.8723 14.5838 0
    endloop
  endfacet
  facet normal -0.88348 0.468468 0
    outer loop
      vertex 45.45 14.5896 0
      vertex 47.3 18.0785 0.65
      vertex 47.3 18.0785 0
    endloop
  endfacet
  facet normal -0.88348 0.468468 0
    outer loop
      vertex 47.3 18.0785 0.65
      vertex 45.45 14.5896 0
      vertex 45.45 14.5896 0.65
    endloop
  endfacet
  facet normal 1 -0 0
    outer loop
      vertex 13.9382 14.5838 0.65
      vertex 13.9382 16.737 0
      vertex 13.9382 16.737 0.65
    endloop
  endfacet
  facet normal 1 0 0
    outer loop
      vertex 13.9382 16.737 0
      vertex 13.9382 14.5838 0.65
      vertex 13.9382 14.5838 0
    endloop
  endfacet
  facet normal 0 1 -0
    outer loop
      vertex 15.348 14.5838 0
      vertex 13.9382 14.5838 0.65
      vertex 15.348 14.5838 0.65
    endloop
  endfacet
  facet normal 0 1 0
    outer loop
      vertex 13.9382 14.5838 0.65
      vertex 15.348 14.5838 0
      vertex 13.9382 14.5838 0
    endloop
  endfacet
  facet normal -1 0 0
    outer loop
      vertex 15.348 14.5838 0
      vertex 15.348 20.0511 0.65
      vertex 15.348 20.0511 0
    endloop
  endfacet
  facet normal -1 -0 0
    outer loop
      vertex 15.348 20.0511 0.65
      vertex 15.348 14.5838 0
      vertex 15.348 14.5838 0.65
    endloop
  endfacet
  facet normal 0 -1 0
    outer loop
      vertex 13.9382 20.0511 0
      vertex 15.348 20.0511 0.65
      vertex 13.9382 20.0511 0.65
    endloop
  endfacet
  facet normal 0 -1 -0
    outer loop
      vertex 15.348 20.0511 0.65
      vertex 13.9382 20.0511 0
      vertex 15.348 20.0511 0
    endloop
  endfacet
  facet normal 1 -0 0
    outer loop
      vertex 13.9382 18.0553 0.65
      vertex 13.9382 20.0511 0
      vertex 13.9382 20.0511 0.65
    endloop
  endfacet
  facet normal 1 0 0
    outer loop
      vertex 13.9382 20.0511 0
      vertex 13.9382 18.0553 0.65
      vertex 13.9382 18.0553 0
    endloop
  endfacet
  facet normal -0.700653 -0.713502 0
    outer loop
      vertex 11.9058 20.0511 0
      vertex 13.9382 18.0553 0.65
      vertex 11.9058 20.0511 0.65
    endloop
  endfacet
  facet normal -0.700653 -0.713502 -0
    outer loop
      vertex 13.9382 18.0553 0.65
      vertex 11.9058 20.0511 0
      vertex 13.9382 18.0553 0
    endloop
  endfacet
  facet normal 0 -1 0
    outer loop
      vertex 10.269 20.0511 0
      vertex 11.9058 20.0511 0.65
      vertex 10.269 20.0511 0.65
    endloop
  endfacet
  facet normal 0 -1 -0
    outer loop
      vertex 11.9058 20.0511 0.65
      vertex 10.269 20.0511 0
      vertex 11.9058 20.0511 0
    endloop
  endfacet
  facet normal 0.701137 0.713026 -0
    outer loop
      vertex 12.9019 17.4621 0
      vertex 10.269 20.0511 0.65
      vertex 12.9019 17.4621 0.65
    endloop
  endfacet
  facet normal 0.701137 0.713026 0
    outer loop
      vertex 10.269 20.0511 0.65
      vertex 12.9019 17.4621 0
      vertex 10.269 20.0511 0
    endloop
  endfacet
  facet normal 0.703969 -0.71023 0
    outer loop
      vertex 9.998 14.5838 0
      vertex 12.9019 17.4621 0.65
      vertex 9.998 14.5838 0.65
    endloop
  endfacet
  facet normal 0.703969 -0.71023 0
    outer loop
      vertex 12.9019 17.4621 0.65
      vertex 9.998 14.5838 0
      vertex 12.9019 17.4621 0
    endloop
  endfacet
  facet normal 0 1 -0
    outer loop
      vertex 11.763 14.5838 0
      vertex 9.998 14.5838 0.65
      vertex 11.763 14.5838 0.65
    endloop
  endfacet
  facet normal 0 1 0
    outer loop
      vertex 9.998 14.5838 0.65
      vertex 11.763 14.5838 0
      vertex 9.998 14.5838 0
    endloop
  endfacet
  facet normal -0.703504 0.710692 0
    outer loop
      vertex 13.9382 16.737 0
      vertex 11.763 14.5838 0.65
      vertex 13.9382 16.737 0.65
    endloop
  endfacet
  facet normal -0.703504 0.710692 0
    outer loop
      vertex 11.763 14.5838 0.65
      vertex 13.9382 16.737 0
      vertex 11.763 14.5838 0
    endloop
  endfacet
endsolid OpenSCAD_Model
