solid OpenSCAD_Model
  facet normal -1 0 0
    outer loop
      vertex 23.962 1.15 11.7
      vertex 23.962 2 12.95
      vertex 23.962 2 11.7
    endloop
  endfacet
  facet normal -1 -0 0
    outer loop
      vertex 23.962 2 12.95
      vertex 23.962 1.15 11.7
      vertex 23.962 1.15 12.95
    endloop
  endfacet
  facet normal 0 0 -1
    outer loop
      vertex 19.562 1.15 12.95
      vertex 23.962 2 12.95
      vertex 23.962 1.15 12.95
    endloop
  endfacet
  facet normal -0 0 -1
    outer loop
      vertex 23.962 2 12.95
      vertex 19.562 1.15 12.95
      vertex 19.562 2 12.95
    endloop
  endfacet
  facet normal -0 0 1
    outer loop
      vertex 19.562 2 11.7
      vertex 23.962 1.15 11.7
      vertex 23.962 2 11.7
    endloop
  endfacet
  facet normal 0 0 1
    outer loop
      vertex 23.962 1.15 11.7
      vertex 19.562 2 11.7
      vertex 19.562 1.15 11.7
    endloop
  endfacet
  facet normal 1 -0 0
    outer loop
      vertex 19.562 1.15 12.95
      vertex 19.562 2 11.7
      vertex 19.562 2 12.95
    endloop
  endfacet
  facet normal 1 0 0
    outer loop
      vertex 19.562 2 11.7
      vertex 19.562 1.15 12.95
      vertex 19.562 1.15 11.7
    endloop
  endfacet
  facet normal 0 1 -0
    outer loop
      vertex 23.962 1.15 11.7
      vertex 19.562 1.15 12.95
      vertex 23.962 1.15 12.95
    endloop
  endfacet
  facet normal 0 1 0
    outer loop
      vertex 19.562 1.15 12.95
      vertex 23.962 1.15 11.7
      vertex 19.562 1.15 11.7
    endloop
  endfacet
  facet normal -1 0 0
    outer loop
      vertex 23.962 30.8 11.7
      vertex 23.962 31.65 12.95
      vertex 23.962 31.65 11.7
    endloop
  endfacet
  facet normal -1 -0 0
    outer loop
      vertex 23.962 31.65 12.95
      vertex 23.962 30.8 11.7
      vertex 23.962 30.8 12.95
    endloop
  endfacet
  facet normal 0 0 -1
    outer loop
      vertex 19.562 30.8 12.95
      vertex 23.962 31.65 12.95
      vertex 23.962 30.8 12.95
    endloop
  endfacet
  facet normal -0 0 -1
    outer loop
      vertex 23.962 31.65 12.95
      vertex 19.562 30.8 12.95
      vertex 19.562 31.65 12.95
    endloop
  endfacet
  facet normal -0 0 1
    outer loop
      vertex 19.562 31.65 11.7
      vertex 23.962 30.8 11.7
      vertex 23.962 31.65 11.7
    endloop
  endfacet
  facet normal 0 0 1
    outer loop
      vertex 23.962 30.8 11.7
      vertex 19.562 31.65 11.7
      vertex 19.562 30.8 11.7
    endloop
  endfacet
  facet normal 1 -0 0
    outer loop
      vertex 19.562 30.8 12.95
      vertex 19.562 31.65 11.7
      vertex 19.562 31.65 12.95
    endloop
  endfacet
  facet normal 1 0 0
    outer loop
      vertex 19.562 31.65 11.7
      vertex 19.562 30.8 12.95
      vertex 19.562 30.8 11.7
    endloop
  endfacet
  facet normal 0 -1 0
    outer loop
      vertex 19.562 31.65 11.7
      vertex 23.962 31.65 12.95
      vertex 19.562 31.65 12.95
    endloop
  endfacet
  facet normal 0 -1 -0
    outer loop
      vertex 23.962 31.65 12.95
      vertex 19.562 31.65 11.7
      vertex 23.962 31.65 11.7
    endloop
  endfacet
  facet normal -1 0 0
    outer loop
      vertex 50.638 1.15 11.7
      vertex 50.638 2 12.95
      vertex 50.638 2 11.7
    endloop
  endfacet
  facet normal -1 -0 0
    outer loop
      vertex 50.638 2 12.95
      vertex 50.638 1.15 11.7
      vertex 50.638 1.15 12.95
    endloop
  endfacet
  facet normal 0 0 -1
    outer loop
      vertex 46.238 1.15 12.95
      vertex 50.638 2 12.95
      vertex 50.638 1.15 12.95
    endloop
  endfacet
  facet normal -0 0 -1
    outer loop
      vertex 50.638 2 12.95
      vertex 46.238 1.15 12.95
      vertex 46.238 2 12.95
    endloop
  endfacet
  facet normal -0 0 1
    outer loop
      vertex 46.238 2 11.7
      vertex 50.638 1.15 11.7
      vertex 50.638 2 11.7
    endloop
  endfacet
  facet normal 0 0 1
    outer loop
      vertex 50.638 1.15 11.7
      vertex 46.238 2 11.7
      vertex 46.238 1.15 11.7
    endloop
  endfacet
  facet normal 1 -0 0
    outer loop
      vertex 46.238 1.15 12.95
      vertex 46.238 2 11.7
      vertex 46.238 2 12.95
    endloop
  endfacet
  facet normal 1 0 0
    outer loop
      vertex 46.238 2 11.7
      vertex 46.238 1.15 12.95
      vertex 46.238 1.15 11.7
    endloop
  endfacet
  facet normal 0 1 -0
    outer loop
      vertex 50.638 1.15 11.7
      vertex 46.238 1.15 12.95
      vertex 50.638 1.15 12.95
    endloop
  endfacet
  facet normal 0 1 0
    outer loop
      vertex 46.238 1.15 12.95
      vertex 50.638 1.15 11.7
      vertex 46.238 1.15 11.7
    endloop
  endfacet
  facet normal -1 0 0
    outer loop
      vertex 50.638 30.8 11.7
      vertex 50.638 31.65 12.95
      vertex 50.638 31.65 11.7
    endloop
  endfacet
  facet normal -1 -0 0
    outer loop
      vertex 50.638 31.65 12.95
      vertex 50.638 30.8 11.7
      vertex 50.638 30.8 12.95
    endloop
  endfacet
  facet normal 0 0 -1
    outer loop
      vertex 46.238 30.8 12.95
      vertex 50.638 31.65 12.95
      vertex 50.638 30.8 12.95
    endloop
  endfacet
  facet normal -0 0 -1
    outer loop
      vertex 50.638 31.65 12.95
      vertex 46.238 30.8 12.95
      vertex 46.238 31.65 12.95
    endloop
  endfacet
  facet normal -0 0 1
    outer loop
      vertex 46.238 31.65 11.7
      vertex 50.638 30.8 11.7
      vertex 50.638 31.65 11.7
    endloop
  endfacet
  facet normal 0 0 1
    outer loop
      vertex 50.638 30.8 11.7
      vertex 46.238 31.65 11.7
      vertex 46.238 30.8 11.7
    endloop
  endfacet
  facet normal 1 -0 0
    outer loop
      vertex 46.238 30.8 12.95
      vertex 46.238 31.65 11.7
      vertex 46.238 31.65 12.95
    endloop
  endfacet
  facet normal 1 0 0
    outer loop
      vertex 46.238 31.65 11.7
      vertex 46.238 30.8 12.95
      vertex 46.238 30.8 11.7
    endloop
  endfacet
  facet normal 0 -1 0
    outer loop
      vertex 46.238 31.65 11.7
      vertex 50.638 31.65 12.95
      vertex 46.238 31.65 12.95
    endloop
  endfacet
  facet normal 0 -1 -0
    outer loop
      vertex 50.638 31.65 12.95
      vertex 46.238 31.65 11.7
      vertex 50.638 31.65 11.7
    endloop
  endfacet
  facet normal -0.427556 -0.903989 0
    outer loop
      vertex 1.58581 0.354236 0
      vertex 1.85195 0.228361 14.5
      vertex 1.58581 0.354236 14.5
    endloop
  endfacet
  facet normal -0.427556 -0.903989 -0
    outer loop
      vertex 1.85195 0.228361 14.5
      vertex 1.58581 0.354236 0
      vertex 1.85195 0.228361 0
    endloop
  endfacet
  facet normal 0.0489209 0.998803 -0
    outer loop
      vertex 67.494 32.7856 0
      vertex 67.2 32.8 14.5
      vertex 67.494 32.7856 14.5
    endloop
  endfacet
  facet normal 0.0489209 0.998803 0
    outer loop
      vertex 67.2 32.8 14.5
      vertex 67.494 32.7856 0
      vertex 67.2 32.8 0
    endloop
  endfacet
  facet normal 0.146692 -0.989182 0
    outer loop
      vertex 67.494 0.0144453 0
      vertex 67.7853 0.0576439 14.5
      vertex 67.494 0.0144453 14.5
    endloop
  endfacet
  facet normal 0.146692 -0.989182 0
    outer loop
      vertex 67.7853 0.0576439 14.5
      vertex 67.494 0.0144453 0
      vertex 67.7853 0.0576439 0
    endloop
  endfacet
  facet normal 1 -0 0
    outer loop
      vertex 70.2 3 14.5
      vertex 70.2 29.8 0
      vertex 70.2 29.8 14.5
    endloop
  endfacet
  facet normal 1 0 0
    outer loop
      vertex 70.2 29.8 0
      vertex 70.2 3 14.5
      vertex 70.2 3 0
    endloop
  endfacet
  facet normal 0 -1 0
    outer loop
      vertex 3 0 14.5
      vertex 51.2 0 10
      vertex 67.2 0 14.5
    endloop
  endfacet
  facet normal 0 -1 0
    outer loop
      vertex 3 0 14.5
      vertex 51.2 0 5.2
      vertex 51.2 0 10
    endloop
  endfacet
  facet normal 0 -1 0
    outer loop
      vertex 67.2 0 0
      vertex 51.2 0 5.2
      vertex 3 0 0
    endloop
  endfacet
  facet normal 0 -1 0
    outer loop
      vertex 3 0 0
      vertex 51.2 0 5.2
      vertex 3 0 14.5
    endloop
  endfacet
  facet normal 0 -1 0
    outer loop
      vertex 62.2 0 10
      vertex 67.2 0 14.5
      vertex 51.2 0 10
    endloop
  endfacet
  facet normal 0 -1 0
    outer loop
      vertex 62.2 0 5.2
      vertex 67.2 0 14.5
      vertex 62.2 0 10
    endloop
  endfacet
  facet normal 0 -1 0
    outer loop
      vertex 62.2 0 5.2
      vertex 67.2 0 0
      vertex 67.2 0 14.5
    endloop
  endfacet
  facet normal 0 -1 0
    outer loop
      vertex 51.2 0 5.2
      vertex 67.2 0 0
      vertex 62.2 0 5.2
    endloop
  endfacet
  facet normal 0.740908 0.671607 0
    outer loop
      vertex 69.519 31.7032 14.5
      vertex 69.3213 31.9213 0
      vertex 69.3213 31.9213 14.5
    endloop
  endfacet
  facet normal 0.740908 0.671607 0
    outer loop
      vertex 69.3213 31.9213 0
      vertex 69.519 31.7032 14.5
      vertex 69.519 31.7032 0
    endloop
  endfacet
  facet normal 0.671607 0.740908 -0
    outer loop
      vertex 69.3213 31.9213 0
      vertex 69.1032 32.119 14.5
      vertex 69.3213 31.9213 14.5
    endloop
  endfacet
  facet normal 0.671607 0.740908 0
    outer loop
      vertex 69.1032 32.119 14.5
      vertex 69.3213 31.9213 0
      vertex 69.1032 32.119 0
    endloop
  endfacet
  facet normal -0.998796 0.0490578 0
    outer loop
      vertex 0 29.8 0
      vertex 0.0144453 30.0941 14.5
      vertex 0.0144453 30.0941 0
    endloop
  endfacet
  facet normal -0.998796 0.0490578 0
    outer loop
      vertex 0.0144453 30.0941 14.5
      vertex 0 29.8 0
      vertex 0 29.8 14.5
    endloop
  endfacet
  facet normal 0.336888 -0.941545 0
    outer loop
      vertex 68.0709 0.129178 0
      vertex 68.3481 0.228361 14.5
      vertex 68.0709 0.129178 14.5
    endloop
  endfacet
  facet normal 0.336888 -0.941545 0
    outer loop
      vertex 68.3481 0.228361 14.5
      vertex 68.0709 0.129178 0
      vertex 68.3481 0.228361 0
    endloop
  endfacet
  facet normal -0.24298 -0.970031 0
    outer loop
      vertex 2.12915 0.129178 0
      vertex 2.41473 0.0576439 14.5
      vertex 2.12915 0.129178 14.5
    endloop
  endfacet
  facet normal -0.24298 -0.970031 -0
    outer loop
      vertex 2.41473 0.0576439 14.5
      vertex 2.12915 0.129178 0
      vertex 2.41473 0.0576439 0
    endloop
  endfacet
  facet normal -0.0490661 -0.998796 0
    outer loop
      vertex 2.70595 0.0144453 0
      vertex 3 0 14.5
      vertex 2.70595 0.0144453 14.5
    endloop
  endfacet
  facet normal -0.0490661 -0.998796 -0
    outer loop
      vertex 3 0 14.5
      vertex 2.70595 0.0144453 0
      vertex 3 0 0
    endloop
  endfacet
  facet normal 0.242964 -0.970035 0
    outer loop
      vertex 67.7853 0.0576439 0
      vertex 68.0709 0.129178 14.5
      vertex 67.7853 0.0576439 14.5
    endloop
  endfacet
  facet normal 0.242964 -0.970035 0
    outer loop
      vertex 68.0709 0.129178 14.5
      vertex 67.7853 0.0576439 0
      vertex 68.0709 0.129178 0
    endloop
  endfacet
  facet normal 0.671627 -0.740889 0
    outer loop
      vertex 69.1032 0.680968 0
      vertex 69.3213 0.878679 14.5
      vertex 69.1032 0.680968 14.5
    endloop
  endfacet
  facet normal 0.671627 -0.740889 0
    outer loop
      vertex 69.3213 0.878679 14.5
      vertex 69.1032 0.680968 0
      vertex 69.3213 0.878679 0
    endloop
  endfacet
  facet normal 0.0490745 -0.998795 0
    outer loop
      vertex 67.2 0 0
      vertex 67.494 0.0144453 14.5
      vertex 67.2 0 14.5
    endloop
  endfacet
  facet normal 0.0490745 -0.998795 0
    outer loop
      vertex 67.494 0.0144453 14.5
      vertex 67.2 0 0
      vertex 67.494 0.0144453 0
    endloop
  endfacet
  facet normal -0.146736 0.989176 0
    outer loop
      vertex 2.70595 32.7856 0
      vertex 2.41473 32.7424 14.5
      vertex 2.70595 32.7856 14.5
    endloop
  endfacet
  facet normal -0.146736 0.989176 0
    outer loop
      vertex 2.41473 32.7424 14.5
      vertex 2.70595 32.7856 0
      vertex 2.41473 32.7424 0
    endloop
  endfacet
  facet normal 0.59565 -0.803244 0
    outer loop
      vertex 68.8667 0.50559 0
      vertex 69.1032 0.680968 14.5
      vertex 68.8667 0.50559 14.5
    endloop
  endfacet
  facet normal 0.59565 -0.803244 0
    outer loop
      vertex 69.1032 0.680968 14.5
      vertex 68.8667 0.50559 0
      vertex 69.1032 0.680968 0
    endloop
  endfacet
  facet normal -0.0489126 0.998803 0
    outer loop
      vertex 3 32.8 0
      vertex 2.70595 32.7856 14.5
      vertex 3 32.8 14.5
    endloop
  endfacet
  facet normal -0.0489126 0.998803 0
    outer loop
      vertex 2.70595 32.7856 14.5
      vertex 3 32.8 0
      vertex 2.70595 32.7856 0
    endloop
  endfacet
  facet normal 0.4274 0.904063 -0
    outer loop
      vertex 68.6142 32.4458 0
      vertex 68.3481 32.5716 14.5
      vertex 68.6142 32.4458 14.5
    endloop
  endfacet
  facet normal 0.4274 0.904063 0
    outer loop
      vertex 68.3481 32.5716 14.5
      vertex 68.6142 32.4458 0
      vertex 68.3481 32.5716 0
    endloop
  endfacet
  facet normal 0.336939 0.941527 -0
    outer loop
      vertex 68.3481 32.5716 0
      vertex 68.0709 32.6708 14.5
      vertex 68.3481 32.5716 14.5
    endloop
  endfacet
  facet normal 0.336939 0.941527 0
    outer loop
      vertex 68.0709 32.6708 14.5
      vertex 68.3481 32.5716 0
      vertex 68.0709 32.6708 0
    endloop
  endfacet
  facet normal 0.803208 0.595699 0
    outer loop
      vertex 69.6944 31.4667 14.5
      vertex 69.519 31.7032 0
      vertex 69.519 31.7032 14.5
    endloop
  endfacet
  facet normal 0.803208 0.595699 0
    outer loop
      vertex 69.519 31.7032 0
      vertex 69.6944 31.4667 14.5
      vertex 69.6944 31.4667 0
    endloop
  endfacet
  facet normal -0.904026 0.427477 0
    outer loop
      vertex 0.228361 30.948 0
      vertex 0.354236 31.2142 14.5
      vertex 0.354236 31.2142 0
    endloop
  endfacet
  facet normal -0.904026 0.427477 0
    outer loop
      vertex 0.354236 31.2142 14.5
      vertex 0.228361 30.948 0
      vertex 0.228361 30.948 14.5
    endloop
  endfacet
  facet normal 0 1 0
    outer loop
      vertex 51.2 32.8 10
      vertex 67.2 32.8 14.5
      vertex 62.2 32.8 10
    endloop
  endfacet
  facet normal 0 1 0
    outer loop
      vertex 67.2 32.8 14.5
      vertex 62.2 32.8 5.2
      vertex 62.2 32.8 10
    endloop
  endfacet
  facet normal 0 1 0
    outer loop
      vertex 62.2 32.8 5.2
      vertex 67.2 32.8 0
      vertex 51.2 32.8 5.2
    endloop
  endfacet
  facet normal 0 1 -0
    outer loop
      vertex 67.2 32.8 0
      vertex 62.2 32.8 5.2
      vertex 67.2 32.8 14.5
    endloop
  endfacet
  facet normal 0 1 0
    outer loop
      vertex 67.2 32.8 14.5
      vertex 51.2 32.8 10
      vertex 3 32.8 14.5
    endloop
  endfacet
  facet normal 0 1 -0
    outer loop
      vertex 51.2 32.8 5.2
      vertex 3 32.8 14.5
      vertex 51.2 32.8 10
    endloop
  endfacet
  facet normal 0 1 0
    outer loop
      vertex 3 32.8 0
      vertex 51.2 32.8 5.2
      vertex 67.2 32.8 0
    endloop
  endfacet
  facet normal 0 1 0
    outer loop
      vertex 51.2 32.8 5.2
      vertex 3 32.8 0
      vertex 3 32.8 14.5
    endloop
  endfacet
  facet normal 0.803172 -0.595747 0
    outer loop
      vertex 69.519 1.09682 14.5
      vertex 69.6944 1.33329 0
      vertex 69.6944 1.33329 14.5
    endloop
  endfacet
  facet normal 0.803172 -0.595747 0
    outer loop
      vertex 69.6944 1.33329 0
      vertex 69.519 1.09682 14.5
      vertex 69.519 1.09682 0
    endloop
  endfacet
  facet normal 0.998803 -0.0489126 0
    outer loop
      vertex 70.1856 2.70595 14.5
      vertex 70.2 3 0
      vertex 70.2 3 14.5
    endloop
  endfacet
  facet normal 0.998803 -0.0489126 0
    outer loop
      vertex 70.2 3 0
      vertex 70.1856 2.70595 14.5
      vertex 70.1856 2.70595 0
    endloop
  endfacet
  facet normal -0.427347 0.904088 0
    outer loop
      vertex 1.85195 32.5716 0
      vertex 1.58581 32.4458 14.5
      vertex 1.85195 32.5716 14.5
    endloop
  endfacet
  facet normal -0.427347 0.904088 0
    outer loop
      vertex 1.58581 32.4458 14.5
      vertex 1.85195 32.5716 0
      vertex 1.58581 32.4458 0
    endloop
  endfacet
  facet normal 0.427608 -0.903964 0
    outer loop
      vertex 68.3481 0.228361 0
      vertex 68.6142 0.354236 14.5
      vertex 68.3481 0.228361 14.5
    endloop
  endfacet
  facet normal 0.427608 -0.903964 0
    outer loop
      vertex 68.6142 0.354236 14.5
      vertex 68.3481 0.228361 0
      vertex 68.6142 0.354236 0
    endloop
  endfacet
  facet normal 0.514131 -0.857712 0
    outer loop
      vertex 68.6142 0.354236 0
      vertex 68.8667 0.50559 14.5
      vertex 68.6142 0.354236 14.5
    endloop
  endfacet
  facet normal 0.514131 -0.857712 0
    outer loop
      vertex 68.8667 0.50559 14.5
      vertex 68.6142 0.354236 0
      vertex 68.8667 0.50559 0
    endloop
  endfacet
  facet normal 0.146696 0.989182 -0
    outer loop
      vertex 67.7853 32.7424 0
      vertex 67.494 32.7856 14.5
      vertex 67.7853 32.7424 14.5
    endloop
  endfacet
  facet normal 0.146696 0.989182 0
    outer loop
      vertex 67.494 32.7856 14.5
      vertex 67.7853 32.7424 0
      vertex 67.494 32.7856 0
    endloop
  endfacet
  facet normal 0.941488 0.337047 0
    outer loop
      vertex 70.0708 30.6709 14.5
      vertex 69.9716 30.948 0
      vertex 69.9716 30.948 14.5
    endloop
  endfacet
  facet normal 0.941488 0.337047 0
    outer loop
      vertex 69.9716 30.948 0
      vertex 70.0708 30.6709 14.5
      vertex 70.0708 30.6709 0
    endloop
  endfacet
  facet normal 0.740971 -0.671538 0
    outer loop
      vertex 69.3213 0.878679 14.5
      vertex 69.519 1.09682 0
      vertex 69.519 1.09682 14.5
    endloop
  endfacet
  facet normal 0.740971 -0.671538 0
    outer loop
      vertex 69.519 1.09682 0
      vertex 69.3213 0.878679 14.5
      vertex 69.3213 0.878679 0
    endloop
  endfacet
  facet normal -0.803244 0.59565 0
    outer loop
      vertex 0.50559 31.4667 0
      vertex 0.680968 31.7032 14.5
      vertex 0.680968 31.7032 0
    endloop
  endfacet
  facet normal -0.803244 0.59565 0
    outer loop
      vertex 0.680968 31.7032 14.5
      vertex 0.50559 31.4667 0
      vertex 0.50559 31.4667 14.5
    endloop
  endfacet
  facet normal 0.969978 -0.243191 0
    outer loop
      vertex 70.0708 2.12915 14.5
      vertex 70.1424 2.41473 0
      vertex 70.1424 2.41473 14.5
    endloop
  endfacet
  facet normal 0.969978 -0.243191 0
    outer loop
      vertex 70.1424 2.41473 0
      vertex 70.0708 2.12915 14.5
      vertex 70.0708 2.12915 0
    endloop
  endfacet
  facet normal -0.336888 -0.941545 0
    outer loop
      vertex 1.85195 0.228361 0
      vertex 2.12915 0.129178 14.5
      vertex 1.85195 0.228361 14.5
    endloop
  endfacet
  facet normal -0.336888 -0.941545 -0
    outer loop
      vertex 2.12915 0.129178 14.5
      vertex 1.85195 0.228361 0
      vertex 2.12915 0.129178 0
    endloop
  endfacet
  facet normal 0.595699 0.803208 -0
    outer loop
      vertex 69.1032 32.119 0
      vertex 68.8667 32.2944 14.5
      vertex 69.1032 32.119 14.5
    endloop
  endfacet
  facet normal 0.595699 0.803208 0
    outer loop
      vertex 68.8667 32.2944 14.5
      vertex 69.1032 32.119 0
      vertex 68.8667 32.2944 0
    endloop
  endfacet
  facet normal -0.595699 -0.803208 0
    outer loop
      vertex 1.09682 0.680968 0
      vertex 1.33329 0.50559 14.5
      vertex 1.09682 0.680968 14.5
    endloop
  endfacet
  facet normal -0.595699 -0.803208 -0
    outer loop
      vertex 1.33329 0.50559 14.5
      vertex 1.09682 0.680968 0
      vertex 1.33329 0.50559 0
    endloop
  endfacet
  facet normal 0.989174 0.146746 0
    outer loop
      vertex 70.1856 30.0941 14.5
      vertex 70.1424 30.3853 0
      vertex 70.1424 30.3853 14.5
    endloop
  endfacet
  facet normal 0.989174 0.146746 0
    outer loop
      vertex 70.1424 30.3853 0
      vertex 70.1856 30.0941 14.5
      vertex 70.1856 30.0941 0
    endloop
  endfacet
  facet normal 0.514246 0.857643 -0
    outer loop
      vertex 68.8667 32.2944 0
      vertex 68.6142 32.4458 14.5
      vertex 68.8667 32.2944 14.5
    endloop
  endfacet
  facet normal 0.514246 0.857643 0
    outer loop
      vertex 68.6142 32.4458 14.5
      vertex 68.8667 32.2944 0
      vertex 68.6142 32.4458 0
    endloop
  endfacet
  facet normal -0.857712 0.514131 0
    outer loop
      vertex 0.354236 31.2142 0
      vertex 0.50559 31.4667 14.5
      vertex 0.50559 31.4667 0
    endloop
  endfacet
  facet normal -0.857712 0.514131 0
    outer loop
      vertex 0.50559 31.4667 14.5
      vertex 0.354236 31.2142 0
      vertex 0.354236 31.2142 14.5
    endloop
  endfacet
  facet normal -0.989176 -0.146731 0
    outer loop
      vertex 0.0576439 2.41473 0
      vertex 0.0144453 2.70595 14.5
      vertex 0.0144453 2.70595 0
    endloop
  endfacet
  facet normal -0.989176 -0.146731 0
    outer loop
      vertex 0.0144453 2.70595 14.5
      vertex 0.0576439 2.41473 0
      vertex 0.0576439 2.41473 14.5
    endloop
  endfacet
  facet normal -1 0 0
    outer loop
      vertex 0 29.8 0
      vertex 0 28.9 4
      vertex 0 29.8 14.5
    endloop
  endfacet
  facet normal -1 0 0
    outer loop
      vertex 0 29.8 0
      vertex 0 3.9 4
      vertex 0 28.9 4
    endloop
  endfacet
  facet normal -1 0 0
    outer loop
      vertex 0 3 14.5
      vertex 0 3.9 4
      vertex 0 3 0
    endloop
  endfacet
  facet normal -1 0 0
    outer loop
      vertex 0 3 0
      vertex 0 3.9 4
      vertex 0 29.8 0
    endloop
  endfacet
  facet normal -1 0 0
    outer loop
      vertex 0 28.9 11.5
      vertex 0 29.8 14.5
      vertex 0 28.9 4
    endloop
  endfacet
  facet normal -1 0 0
    outer loop
      vertex 0 3.9 11.5
      vertex 0 29.8 14.5
      vertex 0 28.9 11.5
    endloop
  endfacet
  facet normal -1 0 0
    outer loop
      vertex 0 3.9 11.5
      vertex 0 3 14.5
      vertex 0 29.8 14.5
    endloop
  endfacet
  facet normal -1 0 0
    outer loop
      vertex 0 3.9 4
      vertex 0 3 14.5
      vertex 0 3.9 11.5
    endloop
  endfacet
  facet normal 0.243175 0.969982 -0
    outer loop
      vertex 68.0709 32.6708 0
      vertex 67.7853 32.7424 14.5
      vertex 68.0709 32.6708 14.5
    endloop
  endfacet
  facet normal 0.243175 0.969982 0
    outer loop
      vertex 67.7853 32.7424 14.5
      vertex 68.0709 32.6708 0
      vertex 67.7853 32.7424 0
    endloop
  endfacet
  facet normal 0.857643 0.514246 0
    outer loop
      vertex 69.8458 31.2142 14.5
      vertex 69.6944 31.4667 0
      vertex 69.6944 31.4667 14.5
    endloop
  endfacet
  facet normal 0.857643 0.514246 0
    outer loop
      vertex 69.6944 31.4667 0
      vertex 69.8458 31.2142 14.5
      vertex 69.8458 31.2142 0
    endloop
  endfacet
  facet normal -0.803208 -0.595699 0
    outer loop
      vertex 0.680968 1.09682 0
      vertex 0.50559 1.33329 14.5
      vertex 0.50559 1.33329 0
    endloop
  endfacet
  facet normal -0.803208 -0.595699 0
    outer loop
      vertex 0.50559 1.33329 14.5
      vertex 0.680968 1.09682 0
      vertex 0.680968 1.09682 14.5
    endloop
  endfacet
  facet normal -0.941545 -0.336888 0
    outer loop
      vertex 0.228361 1.85195 0
      vertex 0.129178 2.12915 14.5
      vertex 0.129178 2.12915 0
    endloop
  endfacet
  facet normal -0.941545 -0.336888 0
    outer loop
      vertex 0.129178 2.12915 14.5
      vertex 0.228361 1.85195 0
      vertex 0.228361 1.85195 14.5
    endloop
  endfacet
  facet normal 0.998803 0.0489044 0
    outer loop
      vertex 70.2 29.8 14.5
      vertex 70.1856 30.0941 0
      vertex 70.1856 30.0941 14.5
    endloop
  endfacet
  facet normal 0.998803 0.0489044 0
    outer loop
      vertex 70.1856 30.0941 0
      vertex 70.2 29.8 14.5
      vertex 70.2 29.8 0
    endloop
  endfacet
  facet normal 0.989176 -0.146736 0
    outer loop
      vertex 70.1424 2.41473 14.5
      vertex 70.1856 2.70595 0
      vertex 70.1856 2.70595 14.5
    endloop
  endfacet
  facet normal 0.989176 -0.146736 0
    outer loop
      vertex 70.1856 2.70595 0
      vertex 70.1424 2.41473 14.5
      vertex 70.1424 2.41473 0
    endloop
  endfacet
  facet normal -0.903989 -0.427556 0
    outer loop
      vertex 0.354236 1.58581 0
      vertex 0.228361 1.85195 14.5
      vertex 0.228361 1.85195 0
    endloop
  endfacet
  facet normal -0.903989 -0.427556 0
    outer loop
      vertex 0.228361 1.85195 14.5
      vertex 0.354236 1.58581 0
      vertex 0.354236 1.58581 14.5
    endloop
  endfacet
  facet normal -0.671558 -0.740952 0
    outer loop
      vertex 0.878679 0.878679 0
      vertex 1.09682 0.680968 14.5
      vertex 0.878679 0.878679 14.5
    endloop
  endfacet
  facet normal -0.671558 -0.740952 -0
    outer loop
      vertex 1.09682 0.680968 14.5
      vertex 0.878679 0.878679 0
      vertex 1.09682 0.680968 0
    endloop
  endfacet
  facet normal -0.243191 0.969978 0
    outer loop
      vertex 2.41473 32.7424 0
      vertex 2.12915 32.6708 14.5
      vertex 2.41473 32.7424 14.5
    endloop
  endfacet
  facet normal -0.243191 0.969978 0
    outer loop
      vertex 2.12915 32.6708 14.5
      vertex 2.41473 32.7424 0
      vertex 2.12915 32.6708 0
    endloop
  endfacet
  facet normal -0.970031 -0.24298 0
    outer loop
      vertex 0.129178 2.12915 0
      vertex 0.0576439 2.41473 14.5
      vertex 0.0576439 2.41473 0
    endloop
  endfacet
  facet normal -0.970031 -0.24298 0
    outer loop
      vertex 0.0576439 2.41473 14.5
      vertex 0.129178 2.12915 0
      vertex 0.129178 2.12915 14.5
    endloop
  endfacet
  facet normal -0.146731 -0.989176 0
    outer loop
      vertex 2.41473 0.0576439 0
      vertex 2.70595 0.0144453 14.5
      vertex 2.41473 0.0576439 14.5
    endloop
  endfacet
  facet normal -0.146731 -0.989176 -0
    outer loop
      vertex 2.70595 0.0144453 14.5
      vertex 2.41473 0.0576439 0
      vertex 2.70595 0.0144453 0
    endloop
  endfacet
  facet normal 0.904125 0.427269 0
    outer loop
      vertex 69.9716 30.948 14.5
      vertex 69.8458 31.2142 0
      vertex 69.8458 31.2142 14.5
    endloop
  endfacet
  facet normal 0.904125 0.427269 0
    outer loop
      vertex 69.8458 31.2142 0
      vertex 69.9716 30.948 14.5
      vertex 69.9716 30.948 0
    endloop
  endfacet
  facet normal -0.998796 -0.0490661 0
    outer loop
      vertex 0.0144453 2.70595 0
      vertex 0 3 14.5
      vertex 0 3 0
    endloop
  endfacet
  facet normal -0.998796 -0.0490661 0
    outer loop
      vertex 0 3 14.5
      vertex 0.0144453 2.70595 0
      vertex 0.0144453 2.70595 14.5
    endloop
  endfacet
  facet normal -0.740889 0.671627 0
    outer loop
      vertex 0.680968 31.7032 0
      vertex 0.878679 31.9213 14.5
      vertex 0.878679 31.9213 0
    endloop
  endfacet
  facet normal -0.740889 0.671627 0
    outer loop
      vertex 0.878679 31.9213 14.5
      vertex 0.680968 31.7032 0
      vertex 0.680968 31.7032 14.5
    endloop
  endfacet
  facet normal 0.941527 -0.336939 0
    outer loop
      vertex 69.9716 1.85195 14.5
      vertex 70.0708 2.12915 0
      vertex 70.0708 2.12915 14.5
    endloop
  endfacet
  facet normal 0.941527 -0.336939 0
    outer loop
      vertex 70.0708 2.12915 0
      vertex 69.9716 1.85195 14.5
      vertex 69.9716 1.85195 0
    endloop
  endfacet
  facet normal 0.857661 -0.514216 0
    outer loop
      vertex 69.6944 1.33329 14.5
      vertex 69.8458 1.58581 0
      vertex 69.8458 1.58581 14.5
    endloop
  endfacet
  facet normal 0.857661 -0.514216 0
    outer loop
      vertex 69.8458 1.58581 0
      vertex 69.6944 1.33329 14.5
      vertex 69.6944 1.33329 0
    endloop
  endfacet
  facet normal -0.941506 0.336995 0
    outer loop
      vertex 0.129178 30.6709 0
      vertex 0.228361 30.948 14.5
      vertex 0.228361 30.948 0
    endloop
  endfacet
  facet normal -0.941506 0.336995 0
    outer loop
      vertex 0.228361 30.948 14.5
      vertex 0.129178 30.6709 0
      vertex 0.129178 30.6709 14.5
    endloop
  endfacet
  facet normal -0.514216 0.857661 0
    outer loop
      vertex 1.58581 32.4458 0
      vertex 1.33329 32.2944 14.5
      vertex 1.58581 32.4458 14.5
    endloop
  endfacet
  facet normal -0.514216 0.857661 0
    outer loop
      vertex 1.33329 32.2944 14.5
      vertex 1.58581 32.4458 0
      vertex 1.33329 32.2944 0
    endloop
  endfacet
  facet normal -0.514101 -0.85773 0
    outer loop
      vertex 1.33329 0.50559 0
      vertex 1.58581 0.354236 14.5
      vertex 1.33329 0.50559 14.5
    endloop
  endfacet
  facet normal -0.514101 -0.85773 -0
    outer loop
      vertex 1.58581 0.354236 14.5
      vertex 1.33329 0.50559 0
      vertex 1.58581 0.354236 0
    endloop
  endfacet
  facet normal -0.336939 0.941527 0
    outer loop
      vertex 2.12915 32.6708 0
      vertex 1.85195 32.5716 14.5
      vertex 2.12915 32.6708 14.5
    endloop
  endfacet
  facet normal -0.336939 0.941527 0
    outer loop
      vertex 1.85195 32.5716 14.5
      vertex 2.12915 32.6708 0
      vertex 1.85195 32.5716 0
    endloop
  endfacet
  facet normal 0.969982 0.243175 0
    outer loop
      vertex 70.1424 30.3853 14.5
      vertex 70.0708 30.6709 0
      vertex 70.0708 30.6709 14.5
    endloop
  endfacet
  facet normal 0.969982 0.243175 0
    outer loop
      vertex 70.0708 30.6709 0
      vertex 70.1424 30.3853 14.5
      vertex 70.1424 30.3853 0
    endloop
  endfacet
  facet normal 0 0 1
    outer loop
      vertex 68.2 29.8 14.5
      vertex 70.2 29.8 14.5
      vertex 70.1856 30.0941 14.5
    endloop
  endfacet
  facet normal 0 0 1
    outer loop
      vertex 70.2 29.8 14.5
      vertex 68.2 29.8 14.5
      vertex 70.2 3 14.5
    endloop
  endfacet
  facet normal 0 0 1
    outer loop
      vertex 68.1952 29.898 14.5
      vertex 70.1856 30.0941 14.5
      vertex 70.1424 30.3853 14.5
    endloop
  endfacet
  facet normal 0 0 1
    outer loop
      vertex 68.2 3 14.5
      vertex 70.2 3 14.5
      vertex 68.2 29.8 14.5
    endloop
  endfacet
  facet normal 0 0 1
    outer loop
      vertex 68.1808 29.9951 14.5
      vertex 70.1424 30.3853 14.5
      vertex 70.0708 30.6709 14.5
    endloop
  endfacet
  facet normal 0 0 1
    outer loop
      vertex 70.2 3 14.5
      vertex 68.2 3 14.5
      vertex 70.1856 2.70595 14.5
    endloop
  endfacet
  facet normal 0 0 1
    outer loop
      vertex 68.1569 30.0903 14.5
      vertex 70.0708 30.6709 14.5
      vertex 69.9716 30.948 14.5
    endloop
  endfacet
  facet normal -0 0 1
    outer loop
      vertex 68.1952 2.90198 14.5
      vertex 70.1856 2.70595 14.5
      vertex 68.2 3 14.5
    endloop
  endfacet
  facet normal 0 0 1
    outer loop
      vertex 68.1239 30.1827 14.5
      vertex 69.9716 30.948 14.5
      vertex 69.8458 31.2142 14.5
    endloop
  endfacet
  facet normal 0 0 1
    outer loop
      vertex 70.1856 2.70595 14.5
      vertex 68.1952 2.90198 14.5
      vertex 70.1424 2.41473 14.5
    endloop
  endfacet
  facet normal 0 0 1
    outer loop
      vertex 68.0819 30.2714 14.5
      vertex 69.8458 31.2142 14.5
      vertex 69.6944 31.4667 14.5
    endloop
  endfacet
  facet normal -0 0 1
    outer loop
      vertex 68.1808 2.80491 14.5
      vertex 70.1424 2.41473 14.5
      vertex 68.1952 2.90198 14.5
    endloop
  endfacet
  facet normal 0 0 1
    outer loop
      vertex 68.0315 30.3556 14.5
      vertex 69.6944 31.4667 14.5
      vertex 69.519 31.7032 14.5
    endloop
  endfacet
  facet normal 0 0 1
    outer loop
      vertex 70.1424 2.41473 14.5
      vertex 68.1808 2.80491 14.5
      vertex 70.0708 2.12915 14.5
    endloop
  endfacet
  facet normal 0 0 1
    outer loop
      vertex 67.973 30.4344 14.5
      vertex 69.519 31.7032 14.5
      vertex 69.3213 31.9213 14.5
    endloop
  endfacet
  facet normal -0 0 1
    outer loop
      vertex 68.1569 2.70971 14.5
      vertex 70.0708 2.12915 14.5
      vertex 68.1808 2.80491 14.5
    endloop
  endfacet
  facet normal 0 0 1
    outer loop
      vertex 67.9071 30.5071 14.5
      vertex 69.3213 31.9213 14.5
      vertex 69.1032 32.119 14.5
    endloop
  endfacet
  facet normal 0 0 1
    outer loop
      vertex 70.0708 2.12915 14.5
      vertex 68.1569 2.70971 14.5
      vertex 69.9716 1.85195 14.5
    endloop
  endfacet
  facet normal 0 0 1
    outer loop
      vertex 67.8344 30.573 14.5
      vertex 69.1032 32.119 14.5
      vertex 68.8667 32.2944 14.5
    endloop
  endfacet
  facet normal -0 0 1
    outer loop
      vertex 68.1239 2.61732 14.5
      vertex 69.9716 1.85195 14.5
      vertex 68.1569 2.70971 14.5
    endloop
  endfacet
  facet normal 0 0 1
    outer loop
      vertex 67.7556 30.6315 14.5
      vertex 68.8667 32.2944 14.5
      vertex 68.6142 32.4458 14.5
    endloop
  endfacet
  facet normal 0 0 1
    outer loop
      vertex 69.9716 1.85195 14.5
      vertex 68.1239 2.61732 14.5
      vertex 69.8458 1.58581 14.5
    endloop
  endfacet
  facet normal 0 0 1
    outer loop
      vertex 67.6714 30.6819 14.5
      vertex 68.6142 32.4458 14.5
      vertex 68.3481 32.5716 14.5
    endloop
  endfacet
  facet normal -0 0 1
    outer loop
      vertex 68.0819 2.5286 14.5
      vertex 69.8458 1.58581 14.5
      vertex 68.1239 2.61732 14.5
    endloop
  endfacet
  facet normal 0 0 1
    outer loop
      vertex 69.8458 1.58581 14.5
      vertex 68.0819 2.5286 14.5
      vertex 69.6944 1.33329 14.5
    endloop
  endfacet
  facet normal 0 0 1
    outer loop
      vertex 70.1856 30.0941 14.5
      vertex 68.1952 29.898 14.5
      vertex 68.2 29.8 14.5
    endloop
  endfacet
  facet normal 0 0 1
    outer loop
      vertex 70.1424 30.3853 14.5
      vertex 68.1808 29.9951 14.5
      vertex 68.1952 29.898 14.5
    endloop
  endfacet
  facet normal 0 0 1
    outer loop
      vertex 70.0708 30.6709 14.5
      vertex 68.1569 30.0903 14.5
      vertex 68.1808 29.9951 14.5
    endloop
  endfacet
  facet normal 0 0 1
    outer loop
      vertex 69.9716 30.948 14.5
      vertex 68.1239 30.1827 14.5
      vertex 68.1569 30.0903 14.5
    endloop
  endfacet
  facet normal 0 0 1
    outer loop
      vertex 69.8458 31.2142 14.5
      vertex 68.0819 30.2714 14.5
      vertex 68.1239 30.1827 14.5
    endloop
  endfacet
  facet normal 0 0 1
    outer loop
      vertex 67.5827 30.7239 14.5
      vertex 68.3481 32.5716 14.5
      vertex 68.0709 32.6708 14.5
    endloop
  endfacet
  facet normal 0 0 1
    outer loop
      vertex 69.6944 31.4667 14.5
      vertex 68.0315 30.3556 14.5
      vertex 68.0819 30.2714 14.5
    endloop
  endfacet
  facet normal 0 0 1
    outer loop
      vertex 69.519 31.7032 14.5
      vertex 67.973 30.4344 14.5
      vertex 68.0315 30.3556 14.5
    endloop
  endfacet
  facet normal 0 0 1
    outer loop
      vertex 69.3213 31.9213 14.5
      vertex 67.9071 30.5071 14.5
      vertex 67.973 30.4344 14.5
    endloop
  endfacet
  facet normal 0 0 1
    outer loop
      vertex 69.1032 32.119 14.5
      vertex 67.8344 30.573 14.5
      vertex 67.9071 30.5071 14.5
    endloop
  endfacet
  facet normal 0 0 1
    outer loop
      vertex 67.4903 30.7569 14.5
      vertex 68.0709 32.6708 14.5
      vertex 67.7853 32.7424 14.5
    endloop
  endfacet
  facet normal 0 0 1
    outer loop
      vertex 68.8667 32.2944 14.5
      vertex 67.7556 30.6315 14.5
      vertex 67.8344 30.573 14.5
    endloop
  endfacet
  facet normal 0 0 1
    outer loop
      vertex 68.6142 32.4458 14.5
      vertex 67.6714 30.6819 14.5
      vertex 67.7556 30.6315 14.5
    endloop
  endfacet
  facet normal 0 0 1
    outer loop
      vertex 68.3481 32.5716 14.5
      vertex 67.5827 30.7239 14.5
      vertex 67.6714 30.6819 14.5
    endloop
  endfacet
  facet normal 0 0 1
    outer loop
      vertex 67.3951 30.7808 14.5
      vertex 67.7853 32.7424 14.5
      vertex 67.494 32.7856 14.5
    endloop
  endfacet
  facet normal 0 0 1
    outer loop
      vertex 68.0709 32.6708 14.5
      vertex 67.4903 30.7569 14.5
      vertex 67.5827 30.7239 14.5
    endloop
  endfacet
  facet normal 0 0 1
    outer loop
      vertex 67.7853 32.7424 14.5
      vertex 67.3951 30.7808 14.5
      vertex 67.4903 30.7569 14.5
    endloop
  endfacet
  facet normal 0 0 1
    outer loop
      vertex 67.494 32.7856 14.5
      vertex 67.298 30.7952 14.5
      vertex 67.3951 30.7808 14.5
    endloop
  endfacet
  facet normal 0 0 1
    outer loop
      vertex 67.2 32.8 14.5
      vertex 67.298 30.7952 14.5
      vertex 67.494 32.7856 14.5
    endloop
  endfacet
  facet normal 0 0 1
    outer loop
      vertex 67.2 32.8 14.5
      vertex 67.2 30.8 14.5
      vertex 67.298 30.7952 14.5
    endloop
  endfacet
  facet normal -0 0 1
    outer loop
      vertex 3 32.8 14.5
      vertex 67.2 30.8 14.5
      vertex 67.2 32.8 14.5
    endloop
  endfacet
  facet normal 0 0 1
    outer loop
      vertex 3 32.8 14.5
      vertex 3 30.8 14.5
      vertex 67.2 30.8 14.5
    endloop
  endfacet
  facet normal 0 0 1
    outer loop
      vertex 3 32.8 14.5
      vertex 2.90198 30.7952 14.5
      vertex 3 30.8 14.5
    endloop
  endfacet
  facet normal -0 0 1
    outer loop
      vertex 2.70595 32.7856 14.5
      vertex 2.90198 30.7952 14.5
      vertex 3 32.8 14.5
    endloop
  endfacet
  facet normal 0 0 1
    outer loop
      vertex 2.90198 30.7952 14.5
      vertex 2.70595 32.7856 14.5
      vertex 2.80491 30.7808 14.5
    endloop
  endfacet
  facet normal -0 0 1
    outer loop
      vertex 2.41473 32.7424 14.5
      vertex 2.80491 30.7808 14.5
      vertex 2.70595 32.7856 14.5
    endloop
  endfacet
  facet normal 0 0 1
    outer loop
      vertex 2.80491 30.7808 14.5
      vertex 2.41473 32.7424 14.5
      vertex 2.70971 30.7569 14.5
    endloop
  endfacet
  facet normal -0 0 1
    outer loop
      vertex 2.12915 32.6708 14.5
      vertex 2.70971 30.7569 14.5
      vertex 2.41473 32.7424 14.5
    endloop
  endfacet
  facet normal 0 0 1
    outer loop
      vertex 2.70971 30.7569 14.5
      vertex 2.12915 32.6708 14.5
      vertex 2.61732 30.7239 14.5
    endloop
  endfacet
  facet normal -0 0 1
    outer loop
      vertex 1.85195 32.5716 14.5
      vertex 2.61732 30.7239 14.5
      vertex 2.12915 32.6708 14.5
    endloop
  endfacet
  facet normal 0 0 1
    outer loop
      vertex 2.61732 30.7239 14.5
      vertex 1.85195 32.5716 14.5
      vertex 2.5286 30.6819 14.5
    endloop
  endfacet
  facet normal -0 0 1
    outer loop
      vertex 1.58581 32.4458 14.5
      vertex 2.5286 30.6819 14.5
      vertex 1.85195 32.5716 14.5
    endloop
  endfacet
  facet normal 0 0 1
    outer loop
      vertex 2.5286 30.6819 14.5
      vertex 1.58581 32.4458 14.5
      vertex 2.44443 30.6315 14.5
    endloop
  endfacet
  facet normal -0 0 1
    outer loop
      vertex 1.33329 32.2944 14.5
      vertex 2.44443 30.6315 14.5
      vertex 1.58581 32.4458 14.5
    endloop
  endfacet
  facet normal 0 0 1
    outer loop
      vertex 2.44443 30.6315 14.5
      vertex 1.33329 32.2944 14.5
      vertex 2.36561 30.573 14.5
    endloop
  endfacet
  facet normal -0 0 1
    outer loop
      vertex 1.09682 32.119 14.5
      vertex 2.36561 30.573 14.5
      vertex 1.33329 32.2944 14.5
    endloop
  endfacet
  facet normal 0 0 1
    outer loop
      vertex 2.36561 30.573 14.5
      vertex 1.09682 32.119 14.5
      vertex 2.29289 30.5071 14.5
    endloop
  endfacet
  facet normal -0 0 1
    outer loop
      vertex 0.878679 31.9213 14.5
      vertex 2.29289 30.5071 14.5
      vertex 1.09682 32.119 14.5
    endloop
  endfacet
  facet normal 0 0 1
    outer loop
      vertex 2.29289 30.5071 14.5
      vertex 0.878679 31.9213 14.5
      vertex 2.22699 30.4344 14.5
    endloop
  endfacet
  facet normal -0 0 1
    outer loop
      vertex 0.680968 31.7032 14.5
      vertex 2.22699 30.4344 14.5
      vertex 0.878679 31.9213 14.5
    endloop
  endfacet
  facet normal 0 0 1
    outer loop
      vertex 2.22699 30.4344 14.5
      vertex 0.680968 31.7032 14.5
      vertex 2.16853 30.3556 14.5
    endloop
  endfacet
  facet normal 0 0 1
    outer loop
      vertex 2.16853 30.3556 14.5
      vertex 0.50559 31.4667 14.5
      vertex 2.11808 30.2714 14.5
    endloop
  endfacet
  facet normal -0 0 1
    outer loop
      vertex 0.50559 31.4667 14.5
      vertex 2.16853 30.3556 14.5
      vertex 0.680968 31.7032 14.5
    endloop
  endfacet
  facet normal -0 0 1
    outer loop
      vertex 68.0315 2.44443 14.5
      vertex 69.6944 1.33329 14.5
      vertex 68.0819 2.5286 14.5
    endloop
  endfacet
  facet normal 0 0 1
    outer loop
      vertex 69.6944 1.33329 14.5
      vertex 68.0315 2.44443 14.5
      vertex 69.519 1.09682 14.5
    endloop
  endfacet
  facet normal -0 0 1
    outer loop
      vertex 67.973 2.36561 14.5
      vertex 69.519 1.09682 14.5
      vertex 68.0315 2.44443 14.5
    endloop
  endfacet
  facet normal 0 0 1
    outer loop
      vertex 69.519 1.09682 14.5
      vertex 67.973 2.36561 14.5
      vertex 69.3213 0.878679 14.5
    endloop
  endfacet
  facet normal -0 0 1
    outer loop
      vertex 67.9071 2.29289 14.5
      vertex 69.3213 0.878679 14.5
      vertex 67.973 2.36561 14.5
    endloop
  endfacet
  facet normal 0 0 1
    outer loop
      vertex 69.3213 0.878679 14.5
      vertex 67.9071 2.29289 14.5
      vertex 69.1032 0.680968 14.5
    endloop
  endfacet
  facet normal -0 0 1
    outer loop
      vertex 67.8344 2.22699 14.5
      vertex 69.1032 0.680968 14.5
      vertex 67.9071 2.29289 14.5
    endloop
  endfacet
  facet normal 0 0 1
    outer loop
      vertex 69.1032 0.680968 14.5
      vertex 67.8344 2.22699 14.5
      vertex 68.8667 0.50559 14.5
    endloop
  endfacet
  facet normal -0 0 1
    outer loop
      vertex 67.7556 2.16853 14.5
      vertex 68.8667 0.50559 14.5
      vertex 67.8344 2.22699 14.5
    endloop
  endfacet
  facet normal 0 0 1
    outer loop
      vertex 68.8667 0.50559 14.5
      vertex 67.7556 2.16853 14.5
      vertex 68.6142 0.354236 14.5
    endloop
  endfacet
  facet normal -0 0 1
    outer loop
      vertex 67.6714 2.11808 14.5
      vertex 68.6142 0.354236 14.5
      vertex 67.7556 2.16853 14.5
    endloop
  endfacet
  facet normal 0 0 1
    outer loop
      vertex 68.6142 0.354236 14.5
      vertex 67.6714 2.11808 14.5
      vertex 68.3481 0.228361 14.5
    endloop
  endfacet
  facet normal -0 0 1
    outer loop
      vertex 67.5827 2.07612 14.5
      vertex 68.3481 0.228361 14.5
      vertex 67.6714 2.11808 14.5
    endloop
  endfacet
  facet normal 0 0 1
    outer loop
      vertex 68.3481 0.228361 14.5
      vertex 67.5827 2.07612 14.5
      vertex 68.0709 0.129178 14.5
    endloop
  endfacet
  facet normal -0 0 1
    outer loop
      vertex 67.4903 2.04306 14.5
      vertex 68.0709 0.129178 14.5
      vertex 67.5827 2.07612 14.5
    endloop
  endfacet
  facet normal 0 0 1
    outer loop
      vertex 68.0709 0.129178 14.5
      vertex 67.4903 2.04306 14.5
      vertex 67.7853 0.0576439 14.5
    endloop
  endfacet
  facet normal -0 0 1
    outer loop
      vertex 67.3951 2.01921 14.5
      vertex 67.7853 0.0576439 14.5
      vertex 67.4903 2.04306 14.5
    endloop
  endfacet
  facet normal 0 0 1
    outer loop
      vertex 67.7853 0.0576439 14.5
      vertex 67.3951 2.01921 14.5
      vertex 67.494 0.0144453 14.5
    endloop
  endfacet
  facet normal -0 0 1
    outer loop
      vertex 67.298 2.00482 14.5
      vertex 67.494 0.0144453 14.5
      vertex 67.3951 2.01921 14.5
    endloop
  endfacet
  facet normal -0 0 1
    outer loop
      vertex 67.2 2 14.5
      vertex 67.494 0.0144453 14.5
      vertex 67.298 2.00482 14.5
    endloop
  endfacet
  facet normal 0 0 1
    outer loop
      vertex 67.2 2 14.5
      vertex 67.2 0 14.5
      vertex 67.494 0.0144453 14.5
    endloop
  endfacet
  facet normal -0 0 1
    outer loop
      vertex 3 2 14.5
      vertex 67.2 0 14.5
      vertex 67.2 2 14.5
    endloop
  endfacet
  facet normal 0 0 1
    outer loop
      vertex 3 2 14.5
      vertex 3 0 14.5
      vertex 67.2 0 14.5
    endloop
  endfacet
  facet normal 0 0 1
    outer loop
      vertex 2.90198 2.00482 14.5
      vertex 3 0 14.5
      vertex 3 2 14.5
    endloop
  endfacet
  facet normal 0 0 1
    outer loop
      vertex 2.70595 0.0144453 14.5
      vertex 2.90198 2.00482 14.5
      vertex 2.80491 2.01921 14.5
    endloop
  endfacet
  facet normal 0 0 1
    outer loop
      vertex 2.41473 0.0576439 14.5
      vertex 2.80491 2.01921 14.5
      vertex 2.70971 2.04306 14.5
    endloop
  endfacet
  facet normal 0 0 1
    outer loop
      vertex 2.90198 2.00482 14.5
      vertex 2.70595 0.0144453 14.5
      vertex 3 0 14.5
    endloop
  endfacet
  facet normal 0 0 1
    outer loop
      vertex 2.12915 0.129178 14.5
      vertex 2.70971 2.04306 14.5
      vertex 2.61732 2.07612 14.5
    endloop
  endfacet
  facet normal 0 0 1
    outer loop
      vertex 1.85195 0.228361 14.5
      vertex 2.61732 2.07612 14.5
      vertex 2.5286 2.11808 14.5
    endloop
  endfacet
  facet normal 0 0 1
    outer loop
      vertex 1.58581 0.354236 14.5
      vertex 2.5286 2.11808 14.5
      vertex 2.44443 2.16853 14.5
    endloop
  endfacet
  facet normal 0 0 1
    outer loop
      vertex 2.80491 2.01921 14.5
      vertex 2.41473 0.0576439 14.5
      vertex 2.70595 0.0144453 14.5
    endloop
  endfacet
  facet normal 0 0 1
    outer loop
      vertex 1.33329 0.50559 14.5
      vertex 2.44443 2.16853 14.5
      vertex 2.36561 2.22699 14.5
    endloop
  endfacet
  facet normal 0 0 1
    outer loop
      vertex 1.09682 0.680968 14.5
      vertex 2.36561 2.22699 14.5
      vertex 2.29289 2.29289 14.5
    endloop
  endfacet
  facet normal 0 0 1
    outer loop
      vertex 0.878679 0.878679 14.5
      vertex 2.29289 2.29289 14.5
      vertex 2.22699 2.36561 14.5
    endloop
  endfacet
  facet normal 0 0 1
    outer loop
      vertex 0.680968 1.09682 14.5
      vertex 2.22699 2.36561 14.5
      vertex 2.16853 2.44443 14.5
    endloop
  endfacet
  facet normal 0 0 1
    outer loop
      vertex 2.70971 2.04306 14.5
      vertex 2.12915 0.129178 14.5
      vertex 2.41473 0.0576439 14.5
    endloop
  endfacet
  facet normal 0 0 1
    outer loop
      vertex 0.50559 1.33329 14.5
      vertex 2.16853 2.44443 14.5
      vertex 2.11808 2.5286 14.5
    endloop
  endfacet
  facet normal 0 0 1
    outer loop
      vertex 0.354236 1.58581 14.5
      vertex 2.11808 2.5286 14.5
      vertex 2.07612 2.61732 14.5
    endloop
  endfacet
  facet normal 0 0 1
    outer loop
      vertex 0.228361 1.85195 14.5
      vertex 2.07612 2.61732 14.5
      vertex 2.04306 2.70971 14.5
    endloop
  endfacet
  facet normal 0 0 1
    outer loop
      vertex 0.129178 2.12915 14.5
      vertex 2.04306 2.70971 14.5
      vertex 2.01921 2.80491 14.5
    endloop
  endfacet
  facet normal 0 0 1
    outer loop
      vertex 0.0576439 2.41473 14.5
      vertex 2.01921 2.80491 14.5
      vertex 2.00482 2.90198 14.5
    endloop
  endfacet
  facet normal 0 0 1
    outer loop
      vertex 0.0144453 2.70595 14.5
      vertex 2.00482 2.90198 14.5
      vertex 2 3 14.5
    endloop
  endfacet
  facet normal 0 0 1
    outer loop
      vertex 2.61732 2.07612 14.5
      vertex 1.85195 0.228361 14.5
      vertex 2.12915 0.129178 14.5
    endloop
  endfacet
  facet normal 0 0 1
    outer loop
      vertex 2 29.8 14.5
      vertex 0 29.8 14.5
      vertex 2 3 14.5
    endloop
  endfacet
  facet normal -0 0 1
    outer loop
      vertex 0.354236 31.2142 14.5
      vertex 2.11808 30.2714 14.5
      vertex 0.50559 31.4667 14.5
    endloop
  endfacet
  facet normal 0 0 1
    outer loop
      vertex 0 3 14.5
      vertex 2 3 14.5
      vertex 0 29.8 14.5
    endloop
  endfacet
  facet normal 0 0 1
    outer loop
      vertex 2.11808 30.2714 14.5
      vertex 0.354236 31.2142 14.5
      vertex 2.07612 30.1827 14.5
    endloop
  endfacet
  facet normal 0 -0 1
    outer loop
      vertex 0.0144453 2.70595 14.5
      vertex 2 3 14.5
      vertex 0 3 14.5
    endloop
  endfacet
  facet normal -0 0 1
    outer loop
      vertex 0.228361 30.948 14.5
      vertex 2.07612 30.1827 14.5
      vertex 0.354236 31.2142 14.5
    endloop
  endfacet
  facet normal 0 0 1
    outer loop
      vertex 2.5286 2.11808 14.5
      vertex 1.58581 0.354236 14.5
      vertex 1.85195 0.228361 14.5
    endloop
  endfacet
  facet normal 0 0 1
    outer loop
      vertex 2.07612 30.1827 14.5
      vertex 0.228361 30.948 14.5
      vertex 2.04306 30.0903 14.5
    endloop
  endfacet
  facet normal 0 0 1
    outer loop
      vertex 2.44443 2.16853 14.5
      vertex 1.33329 0.50559 14.5
      vertex 1.58581 0.354236 14.5
    endloop
  endfacet
  facet normal -0 0 1
    outer loop
      vertex 0.129178 30.6709 14.5
      vertex 2.04306 30.0903 14.5
      vertex 0.228361 30.948 14.5
    endloop
  endfacet
  facet normal 0 0 1
    outer loop
      vertex 2.36561 2.22699 14.5
      vertex 1.09682 0.680968 14.5
      vertex 1.33329 0.50559 14.5
    endloop
  endfacet
  facet normal 0 0 1
    outer loop
      vertex 2.04306 30.0903 14.5
      vertex 0.129178 30.6709 14.5
      vertex 2.01921 29.9951 14.5
    endloop
  endfacet
  facet normal 0 0 1
    outer loop
      vertex 2.29289 2.29289 14.5
      vertex 0.878679 0.878679 14.5
      vertex 1.09682 0.680968 14.5
    endloop
  endfacet
  facet normal -0 0 1
    outer loop
      vertex 0.0576439 30.3853 14.5
      vertex 2.01921 29.9951 14.5
      vertex 0.129178 30.6709 14.5
    endloop
  endfacet
  facet normal 0 0 1
    outer loop
      vertex 2.22699 2.36561 14.5
      vertex 0.680968 1.09682 14.5
      vertex 0.878679 0.878679 14.5
    endloop
  endfacet
  facet normal 0 0 1
    outer loop
      vertex 2.01921 29.9951 14.5
      vertex 0.0576439 30.3853 14.5
      vertex 2.00482 29.898 14.5
    endloop
  endfacet
  facet normal 0 0 1
    outer loop
      vertex 2.16853 2.44443 14.5
      vertex 0.50559 1.33329 14.5
      vertex 0.680968 1.09682 14.5
    endloop
  endfacet
  facet normal -0 0 1
    outer loop
      vertex 0.0144453 30.0941 14.5
      vertex 2.00482 29.898 14.5
      vertex 0.0576439 30.3853 14.5
    endloop
  endfacet
  facet normal 0 0 1
    outer loop
      vertex 2.11808 2.5286 14.5
      vertex 0.354236 1.58581 14.5
      vertex 0.50559 1.33329 14.5
    endloop
  endfacet
  facet normal 0 0 1
    outer loop
      vertex 2.00482 29.898 14.5
      vertex 0.0144453 30.0941 14.5
      vertex 2 29.8 14.5
    endloop
  endfacet
  facet normal 0 0 1
    outer loop
      vertex 2.07612 2.61732 14.5
      vertex 0.228361 1.85195 14.5
      vertex 0.354236 1.58581 14.5
    endloop
  endfacet
  facet normal 0 0 1
    outer loop
      vertex 2 29.8 14.5
      vertex 0.0144453 30.0941 14.5
      vertex 0 29.8 14.5
    endloop
  endfacet
  facet normal 0 0 1
    outer loop
      vertex 2.04306 2.70971 14.5
      vertex 0.129178 2.12915 14.5
      vertex 0.228361 1.85195 14.5
    endloop
  endfacet
  facet normal 0 0 1
    outer loop
      vertex 2.01921 2.80491 14.5
      vertex 0.0576439 2.41473 14.5
      vertex 0.129178 2.12915 14.5
    endloop
  endfacet
  facet normal 0 0 1
    outer loop
      vertex 2.00482 2.90198 14.5
      vertex 0.0144453 2.70595 14.5
      vertex 0.0576439 2.41473 14.5
    endloop
  endfacet
  facet normal 0.904088 -0.427347 0
    outer loop
      vertex 69.8458 1.58581 14.5
      vertex 69.9716 1.85195 0
      vertex 69.9716 1.85195 14.5
    endloop
  endfacet
  facet normal 0.904088 -0.427347 0
    outer loop
      vertex 69.9716 1.85195 0
      vertex 69.8458 1.58581 14.5
      vertex 69.8458 1.58581 0
    endloop
  endfacet
  facet normal -0.740952 -0.671558 0
    outer loop
      vertex 0.878679 0.878679 0
      vertex 0.680968 1.09682 14.5
      vertex 0.680968 1.09682 0
    endloop
  endfacet
  facet normal -0.740952 -0.671558 0
    outer loop
      vertex 0.680968 1.09682 14.5
      vertex 0.878679 0.878679 0
      vertex 0.878679 0.878679 14.5
    endloop
  endfacet
  facet normal -0.85773 -0.514101 0
    outer loop
      vertex 0.50559 1.33329 0
      vertex 0.354236 1.58581 14.5
      vertex 0.354236 1.58581 0
    endloop
  endfacet
  facet normal -0.85773 -0.514101 0
    outer loop
      vertex 0.354236 1.58581 14.5
      vertex 0.50559 1.33329 0
      vertex 0.50559 1.33329 14.5
    endloop
  endfacet
  facet normal 0 0 -1
    outer loop
      vertex 67.2 0 0
      vertex 70.2 3 0
      vertex 70.1856 2.70595 0
    endloop
  endfacet
  facet normal -0 0 -1
    outer loop
      vertex 70.2 3 0
      vertex 67.2 0 0
      vertex 70.2 29.8 0
    endloop
  endfacet
  facet normal 0 0 -1
    outer loop
      vertex 67.2 0 0
      vertex 70.1856 2.70595 0
      vertex 70.1424 2.41473 0
    endloop
  endfacet
  facet normal 0 0 -1
    outer loop
      vertex 67.2 32.8 0
      vertex 70.2 29.8 0
      vertex 67.2 0 0
    endloop
  endfacet
  facet normal 0 0 -1
    outer loop
      vertex 67.2 0 0
      vertex 70.1424 2.41473 0
      vertex 70.0708 2.12915 0
    endloop
  endfacet
  facet normal 0 0 -1
    outer loop
      vertex 70.2 29.8 0
      vertex 67.2 32.8 0
      vertex 70.1856 30.0941 0
    endloop
  endfacet
  facet normal 0 0 -1
    outer loop
      vertex 67.2 0 0
      vertex 70.0708 2.12915 0
      vertex 69.9716 1.85195 0
    endloop
  endfacet
  facet normal 0 0 -1
    outer loop
      vertex 70.1856 30.0941 0
      vertex 67.2 32.8 0
      vertex 70.1424 30.3853 0
    endloop
  endfacet
  facet normal 0 0 -1
    outer loop
      vertex 67.2 0 0
      vertex 69.9716 1.85195 0
      vertex 69.8458 1.58581 0
    endloop
  endfacet
  facet normal 0 0 -1
    outer loop
      vertex 70.1424 30.3853 0
      vertex 67.2 32.8 0
      vertex 70.0708 30.6709 0
    endloop
  endfacet
  facet normal 0 0 -1
    outer loop
      vertex 67.2 0 0
      vertex 69.8458 1.58581 0
      vertex 69.6944 1.33329 0
    endloop
  endfacet
  facet normal 0 0 -1
    outer loop
      vertex 70.0708 30.6709 0
      vertex 67.2 32.8 0
      vertex 69.9716 30.948 0
    endloop
  endfacet
  facet normal 0 0 -1
    outer loop
      vertex 67.2 0 0
      vertex 69.6944 1.33329 0
      vertex 69.519 1.09682 0
    endloop
  endfacet
  facet normal 0 0 -1
    outer loop
      vertex 69.9716 30.948 0
      vertex 67.2 32.8 0
      vertex 69.8458 31.2142 0
    endloop
  endfacet
  facet normal 0 0 -1
    outer loop
      vertex 67.2 0 0
      vertex 69.519 1.09682 0
      vertex 69.3213 0.878679 0
    endloop
  endfacet
  facet normal 0 0 -1
    outer loop
      vertex 69.8458 31.2142 0
      vertex 67.2 32.8 0
      vertex 69.6944 31.4667 0
    endloop
  endfacet
  facet normal 0 0 -1
    outer loop
      vertex 67.2 0 0
      vertex 69.3213 0.878679 0
      vertex 69.1032 0.680968 0
    endloop
  endfacet
  facet normal 0 0 -1
    outer loop
      vertex 69.6944 31.4667 0
      vertex 67.2 32.8 0
      vertex 69.519 31.7032 0
    endloop
  endfacet
  facet normal 0 0 -1
    outer loop
      vertex 67.2 0 0
      vertex 69.1032 0.680968 0
      vertex 68.8667 0.50559 0
    endloop
  endfacet
  facet normal 0 0 -1
    outer loop
      vertex 69.519 31.7032 0
      vertex 67.2 32.8 0
      vertex 69.3213 31.9213 0
    endloop
  endfacet
  facet normal 0 0 -1
    outer loop
      vertex 67.2 0 0
      vertex 68.8667 0.50559 0
      vertex 68.6142 0.354236 0
    endloop
  endfacet
  facet normal 0 0 -1
    outer loop
      vertex 69.3213 31.9213 0
      vertex 67.2 32.8 0
      vertex 69.1032 32.119 0
    endloop
  endfacet
  facet normal 0 0 -1
    outer loop
      vertex 67.2 0 0
      vertex 68.6142 0.354236 0
      vertex 68.3481 0.228361 0
    endloop
  endfacet
  facet normal 0 0 -1
    outer loop
      vertex 69.1032 32.119 0
      vertex 67.2 32.8 0
      vertex 68.8667 32.2944 0
    endloop
  endfacet
  facet normal 0 0 -1
    outer loop
      vertex 67.2 0 0
      vertex 68.3481 0.228361 0
      vertex 68.0709 0.129178 0
    endloop
  endfacet
  facet normal 0 0 -1
    outer loop
      vertex 68.8667 32.2944 0
      vertex 67.2 32.8 0
      vertex 68.6142 32.4458 0
    endloop
  endfacet
  facet normal 0 0 -1
    outer loop
      vertex 67.2 0 0
      vertex 68.0709 0.129178 0
      vertex 67.7853 0.0576439 0
    endloop
  endfacet
  facet normal 0 0 -1
    outer loop
      vertex 68.6142 32.4458 0
      vertex 67.2 32.8 0
      vertex 68.3481 32.5716 0
    endloop
  endfacet
  facet normal 0 0 -1
    outer loop
      vertex 67.2 0 0
      vertex 67.7853 0.0576439 0
      vertex 67.494 0.0144453 0
    endloop
  endfacet
  facet normal 0 0 -1
    outer loop
      vertex 68.3481 32.5716 0
      vertex 67.2 32.8 0
      vertex 68.0709 32.6708 0
    endloop
  endfacet
  facet normal 0 0 -1
    outer loop
      vertex 68.0709 32.6708 0
      vertex 67.2 32.8 0
      vertex 67.7853 32.7424 0
    endloop
  endfacet
  facet normal 0 0 -1
    outer loop
      vertex 67.7853 32.7424 0
      vertex 67.2 32.8 0
      vertex 67.494 32.7856 0
    endloop
  endfacet
  facet normal 0 0 -1
    outer loop
      vertex 3 0 0
      vertex 67.2 32.8 0
      vertex 67.2 0 0
    endloop
  endfacet
  facet normal 0 0 -1
    outer loop
      vertex 3 0 0
      vertex 3 32.8 0
      vertex 67.2 32.8 0
    endloop
  endfacet
  facet normal 0 0 -1
    outer loop
      vertex 0 3 0
      vertex 3 0 0
      vertex 2.70595 0.0144453 0
    endloop
  endfacet
  facet normal 0 0 -1
    outer loop
      vertex 3 0 0
      vertex 0 3 0
      vertex 3 32.8 0
    endloop
  endfacet
  facet normal 0 0 -1
    outer loop
      vertex 0 3 0
      vertex 2.70595 0.0144453 0
      vertex 2.41473 0.0576439 0
    endloop
  endfacet
  facet normal 0 0 -1
    outer loop
      vertex 0 29.8 0
      vertex 3 32.8 0
      vertex 0 3 0
    endloop
  endfacet
  facet normal 0 0 -1
    outer loop
      vertex 0 3 0
      vertex 2.41473 0.0576439 0
      vertex 2.12915 0.129178 0
    endloop
  endfacet
  facet normal 0 0 -1
    outer loop
      vertex 3 32.8 0
      vertex 0 29.8 0
      vertex 2.70595 32.7856 0
    endloop
  endfacet
  facet normal 0 0 -1
    outer loop
      vertex 0 3 0
      vertex 2.12915 0.129178 0
      vertex 1.85195 0.228361 0
    endloop
  endfacet
  facet normal 0 0 -1
    outer loop
      vertex 2.70595 32.7856 0
      vertex 0 29.8 0
      vertex 2.41473 32.7424 0
    endloop
  endfacet
  facet normal 0 0 -1
    outer loop
      vertex 0 3 0
      vertex 1.85195 0.228361 0
      vertex 1.58581 0.354236 0
    endloop
  endfacet
  facet normal 0 0 -1
    outer loop
      vertex 2.41473 32.7424 0
      vertex 0 29.8 0
      vertex 2.12915 32.6708 0
    endloop
  endfacet
  facet normal 0 0 -1
    outer loop
      vertex 0 3 0
      vertex 1.58581 0.354236 0
      vertex 1.33329 0.50559 0
    endloop
  endfacet
  facet normal 0 0 -1
    outer loop
      vertex 2.12915 32.6708 0
      vertex 0 29.8 0
      vertex 1.85195 32.5716 0
    endloop
  endfacet
  facet normal 0 0 -1
    outer loop
      vertex 0 3 0
      vertex 1.33329 0.50559 0
      vertex 1.09682 0.680968 0
    endloop
  endfacet
  facet normal 0 0 -1
    outer loop
      vertex 1.85195 32.5716 0
      vertex 0 29.8 0
      vertex 1.58581 32.4458 0
    endloop
  endfacet
  facet normal 0 0 -1
    outer loop
      vertex 0 3 0
      vertex 1.09682 0.680968 0
      vertex 0.878679 0.878679 0
    endloop
  endfacet
  facet normal 0 0 -1
    outer loop
      vertex 1.58581 32.4458 0
      vertex 0 29.8 0
      vertex 1.33329 32.2944 0
    endloop
  endfacet
  facet normal 0 0 -1
    outer loop
      vertex 0 3 0
      vertex 0.878679 0.878679 0
      vertex 0.680968 1.09682 0
    endloop
  endfacet
  facet normal 0 0 -1
    outer loop
      vertex 1.33329 32.2944 0
      vertex 0 29.8 0
      vertex 1.09682 32.119 0
    endloop
  endfacet
  facet normal 0 0 -1
    outer loop
      vertex 0 3 0
      vertex 0.680968 1.09682 0
      vertex 0.50559 1.33329 0
    endloop
  endfacet
  facet normal 0 0 -1
    outer loop
      vertex 1.09682 32.119 0
      vertex 0 29.8 0
      vertex 0.878679 31.9213 0
    endloop
  endfacet
  facet normal 0 0 -1
    outer loop
      vertex 0 3 0
      vertex 0.50559 1.33329 0
      vertex 0.354236 1.58581 0
    endloop
  endfacet
  facet normal 0 0 -1
    outer loop
      vertex 0.878679 31.9213 0
      vertex 0 29.8 0
      vertex 0.680968 31.7032 0
    endloop
  endfacet
  facet normal 0 0 -1
    outer loop
      vertex 0 3 0
      vertex 0.354236 1.58581 0
      vertex 0.228361 1.85195 0
    endloop
  endfacet
  facet normal 0 0 -1
    outer loop
      vertex 0.680968 31.7032 0
      vertex 0 29.8 0
      vertex 0.50559 31.4667 0
    endloop
  endfacet
  facet normal 0 0 -1
    outer loop
      vertex 0 3 0
      vertex 0.228361 1.85195 0
      vertex 0.129178 2.12915 0
    endloop
  endfacet
  facet normal 0 0 -1
    outer loop
      vertex 0.50559 31.4667 0
      vertex 0 29.8 0
      vertex 0.354236 31.2142 0
    endloop
  endfacet
  facet normal 0 0 -1
    outer loop
      vertex 0 3 0
      vertex 0.129178 2.12915 0
      vertex 0.0576439 2.41473 0
    endloop
  endfacet
  facet normal 0 0 -1
    outer loop
      vertex 0.354236 31.2142 0
      vertex 0 29.8 0
      vertex 0.228361 30.948 0
    endloop
  endfacet
  facet normal 0 0 -1
    outer loop
      vertex 0 3 0
      vertex 0.0576439 2.41473 0
      vertex 0.0144453 2.70595 0
    endloop
  endfacet
  facet normal 0 0 -1
    outer loop
      vertex 0.228361 30.948 0
      vertex 0 29.8 0
      vertex 0.129178 30.6709 0
    endloop
  endfacet
  facet normal 0 0 -1
    outer loop
      vertex 0.129178 30.6709 0
      vertex 0 29.8 0
      vertex 0.0576439 30.3853 0
    endloop
  endfacet
  facet normal 0 0 -1
    outer loop
      vertex 0.0576439 30.3853 0
      vertex 0 29.8 0
      vertex 0.0144453 30.0941 0
    endloop
  endfacet
  facet normal -0.671538 0.740971 0
    outer loop
      vertex 1.09682 32.119 0
      vertex 0.878679 31.9213 14.5
      vertex 1.09682 32.119 14.5
    endloop
  endfacet
  facet normal -0.671538 0.740971 0
    outer loop
      vertex 0.878679 31.9213 14.5
      vertex 1.09682 32.119 0
      vertex 0.878679 31.9213 0
    endloop
  endfacet
  facet normal -0.595747 0.803172 0
    outer loop
      vertex 1.33329 32.2944 0
      vertex 1.09682 32.119 14.5
      vertex 1.33329 32.2944 14.5
    endloop
  endfacet
  facet normal -0.595747 0.803172 0
    outer loop
      vertex 1.09682 32.119 14.5
      vertex 1.33329 32.2944 0
      vertex 1.09682 32.119 0
    endloop
  endfacet
  facet normal -0.989175 0.146741 0
    outer loop
      vertex 0.0144453 30.0941 0
      vertex 0.0576439 30.3853 14.5
      vertex 0.0576439 30.3853 0
    endloop
  endfacet
  facet normal -0.989175 0.146741 0
    outer loop
      vertex 0.0576439 30.3853 14.5
      vertex 0.0144453 30.0941 0
      vertex 0.0144453 30.0941 14.5
    endloop
  endfacet
  facet normal -0.970035 0.242964 0
    outer loop
      vertex 0.0576439 30.3853 0
      vertex 0.129178 30.6709 14.5
      vertex 0.129178 30.6709 0
    endloop
  endfacet
  facet normal -0.970035 0.242964 0
    outer loop
      vertex 0.129178 30.6709 14.5
      vertex 0.0576439 30.3853 0
      vertex 0.0576439 30.3853 14.5
    endloop
  endfacet
  facet normal 0 -1 0
    outer loop
      vertex 23.962 30.8 11.7
      vertex 46.238 30.8 12.95
      vertex 23.962 30.8 12.95
    endloop
  endfacet
  facet normal 0 -1 -0
    outer loop
      vertex 46.238 30.8 12.95
      vertex 23.962 30.8 11.7
      vertex 46.238 30.8 11.7
    endloop
  endfacet
  facet normal 0 -1 0
    outer loop
      vertex 23.962 30.8 12.95
      vertex 3 30.8 14.5
      vertex 19.562 30.8 12.95
    endloop
  endfacet
  facet normal 0 -1 0
    outer loop
      vertex 3 30.8 14.5
      vertex 19.562 30.8 11.7
      vertex 19.562 30.8 12.95
    endloop
  endfacet
  facet normal 0 -1 0
    outer loop
      vertex 3 30.8 2
      vertex 23.962 30.8 11.7
      vertex 19.562 30.8 11.7
    endloop
  endfacet
  facet normal 0 -1 0
    outer loop
      vertex 23.962 30.8 11.7
      vertex 51.2 30.8 5.2
      vertex 46.238 30.8 11.7
    endloop
  endfacet
  facet normal -0 -1 -0
    outer loop
      vertex 51.2 30.8 10
      vertex 46.238 30.8 11.7
      vertex 51.2 30.8 5.2
    endloop
  endfacet
  facet normal 0 -1 0
    outer loop
      vertex 46.238 30.8 11.7
      vertex 51.2 30.8 10
      vertex 50.638 30.8 11.7
    endloop
  endfacet
  facet normal 0 -1 0
    outer loop
      vertex 3 30.8 2
      vertex 19.562 30.8 11.7
      vertex 3 30.8 14.5
    endloop
  endfacet
  facet normal 0 -1 0
    outer loop
      vertex 67.2 30.8 2
      vertex 51.2 30.8 5.2
      vertex 3 30.8 2
    endloop
  endfacet
  facet normal 0 -1 -0
    outer loop
      vertex 23.962 30.8 11.7
      vertex 3 30.8 2
      vertex 51.2 30.8 5.2
    endloop
  endfacet
  facet normal 0 -1 0
    outer loop
      vertex 3 30.8 14.5
      vertex 23.962 30.8 12.95
      vertex 67.2 30.8 14.5
    endloop
  endfacet
  facet normal 0 -1 0
    outer loop
      vertex 46.238 30.8 12.95
      vertex 67.2 30.8 14.5
      vertex 23.962 30.8 12.95
    endloop
  endfacet
  facet normal 0 -1 0
    outer loop
      vertex 50.638 30.8 12.95
      vertex 67.2 30.8 14.5
      vertex 46.238 30.8 12.95
    endloop
  endfacet
  facet normal 0 -1 0
    outer loop
      vertex 51.2 30.8 10
      vertex 50.638 30.8 12.95
      vertex 50.638 30.8 11.7
    endloop
  endfacet
  facet normal 0 -1 0
    outer loop
      vertex 50.638 30.8 12.95
      vertex 51.2 30.8 10
      vertex 62.2 30.8 10
    endloop
  endfacet
  facet normal 0 -1 0
    outer loop
      vertex 50.638 30.8 12.95
      vertex 62.2 30.8 10
      vertex 67.2 30.8 14.5
    endloop
  endfacet
  facet normal 0 -1 0
    outer loop
      vertex 67.2 30.8 2
      vertex 62.2 30.8 10
      vertex 62.2 30.8 5.2
    endloop
  endfacet
  facet normal 0 -1 0
    outer loop
      vertex 62.2 30.8 10
      vertex 67.2 30.8 2
      vertex 67.2 30.8 14.5
    endloop
  endfacet
  facet normal 0 -1 0
    outer loop
      vertex 51.2 30.8 5.2
      vertex 67.2 30.8 2
      vertex 62.2 30.8 5.2
    endloop
  endfacet
  facet normal 0.989196 -0.146597 0
    outer loop
      vertex 2.00482 29.898 14.5
      vertex 2.01921 29.9951 2
      vertex 2.01921 29.9951 14.5
    endloop
  endfacet
  facet normal 0.989196 -0.146597 0
    outer loop
      vertex 2.01921 29.9951 2
      vertex 2.00482 29.898 14.5
      vertex 2.00482 29.898 2
    endloop
  endfacet
  facet normal -0.671607 -0.740908 0
    outer loop
      vertex 67.8344 30.573 2
      vertex 67.9071 30.5071 14.5
      vertex 67.8344 30.573 14.5
    endloop
  endfacet
  facet normal -0.671607 -0.740908 -0
    outer loop
      vertex 67.9071 30.5071 14.5
      vertex 67.8344 30.573 2
      vertex 67.9071 30.5071 2
    endloop
  endfacet
  facet normal 0.146741 -0.989175 0
    outer loop
      vertex 2.80491 30.7808 2
      vertex 2.90198 30.7952 14.5
      vertex 2.80491 30.7808 14.5
    endloop
  endfacet
  facet normal 0.146741 -0.989175 0
    outer loop
      vertex 2.90198 30.7952 14.5
      vertex 2.80491 30.7808 2
      vertex 2.90198 30.7952 2
    endloop
  endfacet
  facet normal 1 0 0
    outer loop
      vertex 2 29.8 14.5
      vertex 2 28.9 11.5
      vertex 2 29.8 2
    endloop
  endfacet
  facet normal 1 0 0
    outer loop
      vertex 2 29.8 14.5
      vertex 2 3.9 11.5
      vertex 2 28.9 11.5
    endloop
  endfacet
  facet normal 1 0 0
    outer loop
      vertex 2 3 2
      vertex 2 3.9 11.5
      vertex 2 3 14.5
    endloop
  endfacet
  facet normal 1 -0 0
    outer loop
      vertex 2 3 14.5
      vertex 2 3.9 11.5
      vertex 2 29.8 14.5
    endloop
  endfacet
  facet normal 1 -0 0
    outer loop
      vertex 2 28.9 4
      vertex 2 29.8 2
      vertex 2 28.9 11.5
    endloop
  endfacet
  facet normal 1 -0 0
    outer loop
      vertex 2 3.9 4
      vertex 2 29.8 2
      vertex 2 28.9 4
    endloop
  endfacet
  facet normal 1 0 0
    outer loop
      vertex 2 3.9 4
      vertex 2 3 2
      vertex 2 29.8 2
    endloop
  endfacet
  facet normal 1 0 0
    outer loop
      vertex 2 3.9 11.5
      vertex 2 3 2
      vertex 2 3.9 4
    endloop
  endfacet
  facet normal 0.803192 0.59572 0
    outer loop
      vertex 2.22699 2.36561 14.5
      vertex 2.16853 2.44443 2
      vertex 2.16853 2.44443 14.5
    endloop
  endfacet
  facet normal 0.803192 0.59572 0
    outer loop
      vertex 2.16853 2.44443 2
      vertex 2.22699 2.36561 14.5
      vertex 2.22699 2.36561 2
    endloop
  endfacet
  facet normal 0 1 -0
    outer loop
      vertex 46.238 2 11.7
      vertex 23.962 2 12.95
      vertex 46.238 2 12.95
    endloop
  endfacet
  facet normal 0 1 0
    outer loop
      vertex 23.962 2 12.95
      vertex 46.238 2 11.7
      vertex 23.962 2 11.7
    endloop
  endfacet
  facet normal 0 1 0
    outer loop
      vertex 46.238 2 12.95
      vertex 67.2 2 14.5
      vertex 50.638 2 12.95
    endloop
  endfacet
  facet normal 0 1 -0
    outer loop
      vertex 62.2 2 10
      vertex 50.638 2 12.95
      vertex 67.2 2 14.5
    endloop
  endfacet
  facet normal 0 1 0
    outer loop
      vertex 51.2 2 10
      vertex 46.238 2 11.7
      vertex 50.638 2 11.7
    endloop
  endfacet
  facet normal 0 1 0
    outer loop
      vertex 46.238 2 11.7
      vertex 51.2 2 5.2
      vertex 23.962 2 11.7
    endloop
  endfacet
  facet normal 0 1 0
    outer loop
      vertex 50.638 2 12.95
      vertex 51.2 2 10
      vertex 50.638 2 11.7
    endloop
  endfacet
  facet normal 0 1 -0
    outer loop
      vertex 51.2 2 10
      vertex 50.638 2 12.95
      vertex 62.2 2 10
    endloop
  endfacet
  facet normal 0 1 -0
    outer loop
      vertex 67.2 2 2
      vertex 62.2 2 10
      vertex 67.2 2 14.5
    endloop
  endfacet
  facet normal 0 1 0
    outer loop
      vertex 62.2 2 5.2
      vertex 67.2 2 2
      vertex 51.2 2 5.2
    endloop
  endfacet
  facet normal 0 1 0
    outer loop
      vertex 62.2 2 10
      vertex 67.2 2 2
      vertex 62.2 2 5.2
    endloop
  endfacet
  facet normal 0 1 0
    outer loop
      vertex 67.2 2 14.5
      vertex 46.238 2 12.95
      vertex 3 2 14.5
    endloop
  endfacet
  facet normal 0 1 -0
    outer loop
      vertex 23.962 2 12.95
      vertex 3 2 14.5
      vertex 46.238 2 12.95
    endloop
  endfacet
  facet normal 0 1 -0
    outer loop
      vertex 19.562 2 12.95
      vertex 3 2 14.5
      vertex 23.962 2 12.95
    endloop
  endfacet
  facet normal 0 1 -0
    outer loop
      vertex 19.562 2 11.7
      vertex 3 2 14.5
      vertex 19.562 2 12.95
    endloop
  endfacet
  facet normal 0 1 0
    outer loop
      vertex 46.238 2 11.7
      vertex 51.2 2 10
      vertex 51.2 2 5.2
    endloop
  endfacet
  facet normal 0 1 0
    outer loop
      vertex 3 2 2
      vertex 23.962 2 11.7
      vertex 51.2 2 5.2
    endloop
  endfacet
  facet normal 0 1 0
    outer loop
      vertex 23.962 2 11.7
      vertex 3 2 2
      vertex 19.562 2 11.7
    endloop
  endfacet
  facet normal 0 1 0
    outer loop
      vertex 3 2 2
      vertex 51.2 2 5.2
      vertex 67.2 2 2
    endloop
  endfacet
  facet normal 0 1 0
    outer loop
      vertex 19.562 2 11.7
      vertex 3 2 2
      vertex 3 2 14.5
    endloop
  endfacet
  facet normal -0.941742 -0.336336 0
    outer loop
      vertex 68.1569 30.0903 2
      vertex 68.1239 30.1827 14.5
      vertex 68.1239 30.1827 2
    endloop
  endfacet
  facet normal -0.941742 -0.336336 0
    outer loop
      vertex 68.1239 30.1827 14.5
      vertex 68.1569 30.0903 2
      vertex 68.1569 30.0903 14.5
    endloop
  endfacet
  facet normal 0.671505 -0.741 0
    outer loop
      vertex 2.29289 30.5071 2
      vertex 2.36561 30.573 14.5
      vertex 2.29289 30.5071 14.5
    endloop
  endfacet
  facet normal 0.671505 -0.741 0
    outer loop
      vertex 2.36561 30.573 14.5
      vertex 2.29289 30.5071 2
      vertex 2.36561 30.573 2
    endloop
  endfacet
  facet normal 0.857807 -0.513971 0
    outer loop
      vertex 2.11808 30.2714 14.5
      vertex 2.16853 30.3556 2
      vertex 2.16853 30.3556 14.5
    endloop
  endfacet
  facet normal 0.857807 -0.513971 0
    outer loop
      vertex 2.16853 30.3556 2
      vertex 2.11808 30.2714 14.5
      vertex 2.11808 30.2714 2
    endloop
  endfacet
  facet normal 0.671505 0.741 -0
    outer loop
      vertex 2.36561 2.22699 2
      vertex 2.29289 2.29289 14.5
      vertex 2.36561 2.22699 14.5
    endloop
  endfacet
  facet normal 0.671505 0.741 0
    outer loop
      vertex 2.29289 2.29289 14.5
      vertex 2.36561 2.22699 2
      vertex 2.29289 2.29289 2
    endloop
  endfacet
  facet normal -0.336336 -0.941742 0
    outer loop
      vertex 67.4903 30.7569 2
      vertex 67.5827 30.7239 14.5
      vertex 67.4903 30.7569 14.5
    endloop
  endfacet
  facet normal -0.336336 -0.941742 -0
    outer loop
      vertex 67.5827 30.7239 14.5
      vertex 67.4903 30.7569 2
      vertex 67.5827 30.7239 2
    endloop
  endfacet
  facet normal 0.903995 0.427543 0
    outer loop
      vertex 2.11808 2.5286 14.5
      vertex 2.07612 2.61732 2
      vertex 2.07612 2.61732 14.5
    endloop
  endfacet
  facet normal 0.903995 0.427543 0
    outer loop
      vertex 2.07612 2.61732 2
      vertex 2.11808 2.5286 14.5
      vertex 2.11808 2.5286 2
    endloop
  endfacet
  facet normal -0.146696 -0.989182 0
    outer loop
      vertex 67.298 30.7952 2
      vertex 67.3951 30.7808 14.5
      vertex 67.298 30.7952 14.5
    endloop
  endfacet
  facet normal -0.146696 -0.989182 -0
    outer loop
      vertex 67.3951 30.7808 14.5
      vertex 67.298 30.7952 2
      vertex 67.3951 30.7808 2
    endloop
  endfacet
  facet normal -1 0 0
    outer loop
      vertex 68.2 3 2
      vertex 68.2 29.8 14.5
      vertex 68.2 29.8 2
    endloop
  endfacet
  facet normal -1 -0 0
    outer loop
      vertex 68.2 29.8 14.5
      vertex 68.2 3 2
      vertex 68.2 3 14.5
    endloop
  endfacet
  facet normal -0.9038 -0.427955 0
    outer loop
      vertex 68.1239 30.1827 2
      vertex 68.0819 30.2714 14.5
      vertex 68.0819 30.2714 2
    endloop
  endfacet
  facet normal -0.9038 -0.427955 0
    outer loop
      vertex 68.0819 30.2714 14.5
      vertex 68.1239 30.1827 2
      vertex 68.1239 30.1827 14.5
    endloop
  endfacet
  facet normal -0.969902 -0.243494 0
    outer loop
      vertex 68.1808 29.9951 2
      vertex 68.1569 30.0903 14.5
      vertex 68.1569 30.0903 2
    endloop
  endfacet
  facet normal -0.969902 -0.243494 0
    outer loop
      vertex 68.1569 30.0903 14.5
      vertex 68.1808 29.9951 2
      vertex 68.1808 29.9951 14.5
    endloop
  endfacet
  facet normal -0.243015 0.970023 0
    outer loop
      vertex 67.4903 2.04306 2
      vertex 67.3951 2.01921 14.5
      vertex 67.4903 2.04306 14.5
    endloop
  endfacet
  facet normal -0.243015 0.970023 0
    outer loop
      vertex 67.3951 2.01921 14.5
      vertex 67.4903 2.04306 2
      vertex 67.3951 2.01921 2
    endloop
  endfacet
  facet normal -0.146597 0.989196 0
    outer loop
      vertex 67.3951 2.01921 2
      vertex 67.298 2.00482 14.5
      vertex 67.3951 2.01921 14.5
    endloop
  endfacet
  facet normal -0.146597 0.989196 0
    outer loop
      vertex 67.298 2.00482 14.5
      vertex 67.3951 2.01921 2
      vertex 67.298 2.00482 2
    endloop
  endfacet
  facet normal -0.0491243 0.998793 0
    outer loop
      vertex 67.298 2.00482 2
      vertex 67.2 2 14.5
      vertex 67.298 2.00482 14.5
    endloop
  endfacet
  facet normal -0.0491243 0.998793 0
    outer loop
      vertex 67.2 2 14.5
      vertex 67.298 2.00482 2
      vertex 67.2 2 2
    endloop
  endfacet
  facet normal -0.989182 -0.146696 0
    outer loop
      vertex 68.1952 29.898 2
      vertex 68.1808 29.9951 14.5
      vertex 68.1808 29.9951 2
    endloop
  endfacet
  facet normal -0.989182 -0.146696 0
    outer loop
      vertex 68.1808 29.9951 14.5
      vertex 68.1952 29.898 2
      vertex 68.1952 29.898 14.5
    endloop
  endfacet
  facet normal -0.989175 0.146741 0
    outer loop
      vertex 68.1808 2.80491 2
      vertex 68.1952 2.90198 14.5
      vertex 68.1952 2.90198 2
    endloop
  endfacet
  facet normal -0.989175 0.146741 0
    outer loop
      vertex 68.1952 2.90198 14.5
      vertex 68.1808 2.80491 2
      vertex 68.1808 2.80491 14.5
    endloop
  endfacet
  facet normal -0.998803 -0.0489209 0
    outer loop
      vertex 68.2 29.8 2
      vertex 68.1952 29.898 14.5
      vertex 68.1952 29.898 2
    endloop
  endfacet
  facet normal -0.998803 -0.0489209 0
    outer loop
      vertex 68.1952 29.898 14.5
      vertex 68.2 29.8 2
      vertex 68.2 29.8 14.5
    endloop
  endfacet
  facet normal -0.671607 0.740908 0
    outer loop
      vertex 67.9071 2.29289 2
      vertex 67.8344 2.22699 14.5
      vertex 67.9071 2.29289 14.5
    endloop
  endfacet
  facet normal -0.671607 0.740908 0
    outer loop
      vertex 67.8344 2.22699 14.5
      vertex 67.9071 2.29289 2
      vertex 67.8344 2.22699 2
    endloop
  endfacet
  facet normal -0.969902 0.243494 0
    outer loop
      vertex 68.1569 2.70971 2
      vertex 68.1808 2.80491 14.5
      vertex 68.1808 2.80491 2
    endloop
  endfacet
  facet normal -0.969902 0.243494 0
    outer loop
      vertex 68.1808 2.80491 14.5
      vertex 68.1569 2.70971 2
      vertex 68.1569 2.70971 14.5
    endloop
  endfacet
  facet normal 0.998793 -0.0491243 0
    outer loop
      vertex 2 29.8 14.5
      vertex 2.00482 29.898 2
      vertex 2.00482 29.898 14.5
    endloop
  endfacet
  facet normal 0.998793 -0.0491243 0
    outer loop
      vertex 2.00482 29.898 2
      vertex 2 29.8 14.5
      vertex 2 29.8 2
    endloop
  endfacet
  facet normal 0.80312 -0.595817 0
    outer loop
      vertex 2.16853 30.3556 14.5
      vertex 2.22699 30.4344 2
      vertex 2.22699 30.4344 14.5
    endloop
  endfacet
  facet normal 0.80312 -0.595817 0
    outer loop
      vertex 2.22699 30.4344 2
      vertex 2.16853 30.3556 14.5
      vertex 2.16853 30.3556 2
    endloop
  endfacet
  facet normal 0.595983 -0.802997 0
    outer loop
      vertex 2.36561 30.573 2
      vertex 2.44443 30.6315 14.5
      vertex 2.36561 30.573 14.5
    endloop
  endfacet
  facet normal 0.595983 -0.802997 0
    outer loop
      vertex 2.44443 30.6315 14.5
      vertex 2.36561 30.573 2
      vertex 2.44443 30.6315 2
    endloop
  endfacet
  facet normal 0.59572 0.803192 -0
    outer loop
      vertex 2.44443 2.16853 2
      vertex 2.36561 2.22699 14.5
      vertex 2.44443 2.16853 14.5
    endloop
  endfacet
  facet normal 0.59572 0.803192 0
    outer loop
      vertex 2.36561 2.22699 14.5
      vertex 2.44443 2.16853 2
      vertex 2.36561 2.22699 2
    endloop
  endfacet
  facet normal -0.513596 -0.858032 0
    outer loop
      vertex 67.6714 30.6819 2
      vertex 67.7556 30.6315 14.5
      vertex 67.6714 30.6819 14.5
    endloop
  endfacet
  facet normal -0.513596 -0.858032 -0
    outer loop
      vertex 67.7556 30.6315 14.5
      vertex 67.6714 30.6819 2
      vertex 67.7556 30.6315 2
    endloop
  endfacet
  facet normal 0.427876 -0.903837 0
    outer loop
      vertex 2.5286 30.6819 2
      vertex 2.61732 30.7239 14.5
      vertex 2.5286 30.6819 14.5
    endloop
  endfacet
  facet normal 0.427876 -0.903837 0
    outer loop
      vertex 2.61732 30.7239 14.5
      vertex 2.5286 30.6819 2
      vertex 2.61732 30.7239 2
    endloop
  endfacet
  facet normal 0.513731 -0.857951 0
    outer loop
      vertex 2.44443 30.6315 2
      vertex 2.5286 30.6819 14.5
      vertex 2.44443 30.6315 14.5
    endloop
  endfacet
  facet normal 0.513731 -0.857951 0
    outer loop
      vertex 2.5286 30.6819 14.5
      vertex 2.44443 30.6315 2
      vertex 2.5286 30.6819 2
    endloop
  endfacet
  facet normal -0.243494 -0.969902 0
    outer loop
      vertex 67.3951 30.7808 2
      vertex 67.4903 30.7569 14.5
      vertex 67.3951 30.7808 14.5
    endloop
  endfacet
  facet normal -0.243494 -0.969902 -0
    outer loop
      vertex 67.4903 30.7569 14.5
      vertex 67.3951 30.7808 2
      vertex 67.4903 30.7569 2
    endloop
  endfacet
  facet normal 0.970023 -0.243015 0
    outer loop
      vertex 2.01921 29.9951 14.5
      vertex 2.04306 30.0903 2
      vertex 2.04306 30.0903 14.5
    endloop
  endfacet
  facet normal 0.970023 -0.243015 0
    outer loop
      vertex 2.04306 30.0903 2
      vertex 2.01921 29.9951 14.5
      vertex 2.01921 29.9951 2
    endloop
  endfacet
  facet normal -0.802925 -0.59608 0
    outer loop
      vertex 68.0315 30.3556 2
      vertex 67.973 30.4344 14.5
      vertex 67.973 30.4344 2
    endloop
  endfacet
  facet normal -0.802925 -0.59608 0
    outer loop
      vertex 67.973 30.4344 14.5
      vertex 68.0315 30.3556 2
      vertex 68.0315 30.3556 14.5
    endloop
  endfacet
  facet normal -0.427955 -0.9038 0
    outer loop
      vertex 67.5827 30.7239 2
      vertex 67.6714 30.6819 14.5
      vertex 67.5827 30.7239 14.5
    endloop
  endfacet
  facet normal -0.427955 -0.9038 -0
    outer loop
      vertex 67.6714 30.6819 14.5
      vertex 67.5827 30.7239 2
      vertex 67.6714 30.6819 2
    endloop
  endfacet
  facet normal 0.514106 0.857727 -0
    outer loop
      vertex 2.5286 2.11808 2
      vertex 2.44443 2.16853 14.5
      vertex 2.5286 2.11808 14.5
    endloop
  endfacet
  facet normal 0.514106 0.857727 0
    outer loop
      vertex 2.44443 2.16853 14.5
      vertex 2.5286 2.11808 2
      vertex 2.44443 2.16853 2
    endloop
  endfacet
  facet normal -0.998803 0.048911 0
    outer loop
      vertex 68.1952 2.90198 2
      vertex 68.2 3 14.5
      vertex 68.2 3 2
    endloop
  endfacet
  facet normal -0.998803 0.048911 0
    outer loop
      vertex 68.2 3 14.5
      vertex 68.1952 2.90198 2
      vertex 68.1952 2.90198 14.5
    endloop
  endfacet
  facet normal 0.998793 0.0491143 0
    outer loop
      vertex 2.00482 2.90198 14.5
      vertex 2 3 2
      vertex 2 3 14.5
    endloop
  endfacet
  facet normal 0.998793 0.0491143 0
    outer loop
      vertex 2 3 2
      vertex 2.00482 2.90198 14.5
      vertex 2.00482 2.90198 2
    endloop
  endfacet
  facet normal 0 0 1
    outer loop
      vertex 67.2 30.8 2
      vertex 68.2 29.8 2
      vertex 68.1952 29.898 2
    endloop
  endfacet
  facet normal 0 0 1
    outer loop
      vertex 68.2 29.8 2
      vertex 67.2 30.8 2
      vertex 68.2 3 2
    endloop
  endfacet
  facet normal 0 0 1
    outer loop
      vertex 67.2 30.8 2
      vertex 68.1952 29.898 2
      vertex 68.1808 29.9951 2
    endloop
  endfacet
  facet normal 0 0 1
    outer loop
      vertex 67.2 2 2
      vertex 68.2 3 2
      vertex 67.2 30.8 2
    endloop
  endfacet
  facet normal 0 0 1
    outer loop
      vertex 67.2 30.8 2
      vertex 68.1808 29.9951 2
      vertex 68.1569 30.0903 2
    endloop
  endfacet
  facet normal 0 0 1
    outer loop
      vertex 68.2 3 2
      vertex 67.2 2 2
      vertex 68.1952 2.90198 2
    endloop
  endfacet
  facet normal 0 0 1
    outer loop
      vertex 67.2 30.8 2
      vertex 68.1569 30.0903 2
      vertex 68.1239 30.1827 2
    endloop
  endfacet
  facet normal 0 0 1
    outer loop
      vertex 68.1952 2.90198 2
      vertex 67.2 2 2
      vertex 68.1808 2.80491 2
    endloop
  endfacet
  facet normal 0 0 1
    outer loop
      vertex 67.2 30.8 2
      vertex 68.1239 30.1827 2
      vertex 68.0819 30.2714 2
    endloop
  endfacet
  facet normal 0 0 1
    outer loop
      vertex 68.1808 2.80491 2
      vertex 67.2 2 2
      vertex 68.1569 2.70971 2
    endloop
  endfacet
  facet normal 0 0 1
    outer loop
      vertex 67.2 30.8 2
      vertex 68.0819 30.2714 2
      vertex 68.0315 30.3556 2
    endloop
  endfacet
  facet normal 0 0 1
    outer loop
      vertex 68.1569 2.70971 2
      vertex 67.2 2 2
      vertex 68.1239 2.61732 2
    endloop
  endfacet
  facet normal 0 0 1
    outer loop
      vertex 67.2 30.8 2
      vertex 68.0315 30.3556 2
      vertex 67.973 30.4344 2
    endloop
  endfacet
  facet normal 0 0 1
    outer loop
      vertex 68.1239 2.61732 2
      vertex 67.2 2 2
      vertex 68.0819 2.5286 2
    endloop
  endfacet
  facet normal 0 0 1
    outer loop
      vertex 67.2 30.8 2
      vertex 67.973 30.4344 2
      vertex 67.9071 30.5071 2
    endloop
  endfacet
  facet normal 0 0 1
    outer loop
      vertex 68.0819 2.5286 2
      vertex 67.2 2 2
      vertex 68.0315 2.44443 2
    endloop
  endfacet
  facet normal 0 0 1
    outer loop
      vertex 67.2 30.8 2
      vertex 67.9071 30.5071 2
      vertex 67.8344 30.573 2
    endloop
  endfacet
  facet normal 0 0 1
    outer loop
      vertex 68.0315 2.44443 2
      vertex 67.2 2 2
      vertex 67.973 2.36561 2
    endloop
  endfacet
  facet normal 0 0 1
    outer loop
      vertex 67.2 30.8 2
      vertex 67.8344 30.573 2
      vertex 67.7556 30.6315 2
    endloop
  endfacet
  facet normal 0 0 1
    outer loop
      vertex 67.973 2.36561 2
      vertex 67.2 2 2
      vertex 67.9071 2.29289 2
    endloop
  endfacet
  facet normal 0 0 1
    outer loop
      vertex 67.2 30.8 2
      vertex 67.7556 30.6315 2
      vertex 67.6714 30.6819 2
    endloop
  endfacet
  facet normal 0 0 1
    outer loop
      vertex 67.9071 2.29289 2
      vertex 67.2 2 2
      vertex 67.8344 2.22699 2
    endloop
  endfacet
  facet normal 0 0 1
    outer loop
      vertex 67.2 30.8 2
      vertex 67.6714 30.6819 2
      vertex 67.5827 30.7239 2
    endloop
  endfacet
  facet normal 0 0 1
    outer loop
      vertex 67.8344 2.22699 2
      vertex 67.2 2 2
      vertex 67.7556 2.16853 2
    endloop
  endfacet
  facet normal 0 0 1
    outer loop
      vertex 67.2 30.8 2
      vertex 67.5827 30.7239 2
      vertex 67.4903 30.7569 2
    endloop
  endfacet
  facet normal 0 0 1
    outer loop
      vertex 67.7556 2.16853 2
      vertex 67.2 2 2
      vertex 67.6714 2.11808 2
    endloop
  endfacet
  facet normal 0 0 1
    outer loop
      vertex 67.2 30.8 2
      vertex 67.4903 30.7569 2
      vertex 67.3951 30.7808 2
    endloop
  endfacet
  facet normal 0 0 1
    outer loop
      vertex 67.6714 2.11808 2
      vertex 67.2 2 2
      vertex 67.5827 2.07612 2
    endloop
  endfacet
  facet normal 0 0 1
    outer loop
      vertex 67.2 30.8 2
      vertex 67.3951 30.7808 2
      vertex 67.298 30.7952 2
    endloop
  endfacet
  facet normal 0 0 1
    outer loop
      vertex 67.5827 2.07612 2
      vertex 67.2 2 2
      vertex 67.4903 2.04306 2
    endloop
  endfacet
  facet normal 0 0 1
    outer loop
      vertex 67.4903 2.04306 2
      vertex 67.2 2 2
      vertex 67.3951 2.01921 2
    endloop
  endfacet
  facet normal 0 0 1
    outer loop
      vertex 67.3951 2.01921 2
      vertex 67.2 2 2
      vertex 67.298 2.00482 2
    endloop
  endfacet
  facet normal -0 0 1
    outer loop
      vertex 3 30.8 2
      vertex 67.2 2 2
      vertex 67.2 30.8 2
    endloop
  endfacet
  facet normal 0 0 1
    outer loop
      vertex 3 30.8 2
      vertex 3 2 2
      vertex 67.2 2 2
    endloop
  endfacet
  facet normal 0 0 1
    outer loop
      vertex 2 29.8 2
      vertex 3 30.8 2
      vertex 2.90198 30.7952 2
    endloop
  endfacet
  facet normal 0 0 1
    outer loop
      vertex 3 30.8 2
      vertex 2 29.8 2
      vertex 3 2 2
    endloop
  endfacet
  facet normal 0 0 1
    outer loop
      vertex 2 29.8 2
      vertex 2.90198 30.7952 2
      vertex 2.80491 30.7808 2
    endloop
  endfacet
  facet normal -0 0 1
    outer loop
      vertex 2 3 2
      vertex 3 2 2
      vertex 2 29.8 2
    endloop
  endfacet
  facet normal 0 0 1
    outer loop
      vertex 2 29.8 2
      vertex 2.80491 30.7808 2
      vertex 2.70971 30.7569 2
    endloop
  endfacet
  facet normal 0 0 1
    outer loop
      vertex 3 2 2
      vertex 2 3 2
      vertex 2.90198 2.00482 2
    endloop
  endfacet
  facet normal 0 0 1
    outer loop
      vertex 2 29.8 2
      vertex 2.70971 30.7569 2
      vertex 2.61732 30.7239 2
    endloop
  endfacet
  facet normal 0 0 1
    outer loop
      vertex 2.90198 2.00482 2
      vertex 2 3 2
      vertex 2.80491 2.01921 2
    endloop
  endfacet
  facet normal 0 0 1
    outer loop
      vertex 2 29.8 2
      vertex 2.61732 30.7239 2
      vertex 2.5286 30.6819 2
    endloop
  endfacet
  facet normal 0 0 1
    outer loop
      vertex 2.80491 2.01921 2
      vertex 2 3 2
      vertex 2.70971 2.04306 2
    endloop
  endfacet
  facet normal 0 0 1
    outer loop
      vertex 2 29.8 2
      vertex 2.5286 30.6819 2
      vertex 2.44443 30.6315 2
    endloop
  endfacet
  facet normal 0 0 1
    outer loop
      vertex 2.70971 2.04306 2
      vertex 2 3 2
      vertex 2.61732 2.07612 2
    endloop
  endfacet
  facet normal 0 0 1
    outer loop
      vertex 2 29.8 2
      vertex 2.44443 30.6315 2
      vertex 2.36561 30.573 2
    endloop
  endfacet
  facet normal 0 0 1
    outer loop
      vertex 2.61732 2.07612 2
      vertex 2 3 2
      vertex 2.5286 2.11808 2
    endloop
  endfacet
  facet normal 0 0 1
    outer loop
      vertex 2 29.8 2
      vertex 2.36561 30.573 2
      vertex 2.29289 30.5071 2
    endloop
  endfacet
  facet normal 0 0 1
    outer loop
      vertex 2.5286 2.11808 2
      vertex 2 3 2
      vertex 2.44443 2.16853 2
    endloop
  endfacet
  facet normal 0 0 1
    outer loop
      vertex 2 29.8 2
      vertex 2.29289 30.5071 2
      vertex 2.22699 30.4344 2
    endloop
  endfacet
  facet normal 0 0 1
    outer loop
      vertex 2.44443 2.16853 2
      vertex 2 3 2
      vertex 2.36561 2.22699 2
    endloop
  endfacet
  facet normal 0 0 1
    outer loop
      vertex 2 29.8 2
      vertex 2.22699 30.4344 2
      vertex 2.16853 30.3556 2
    endloop
  endfacet
  facet normal 0 0 1
    outer loop
      vertex 2.36561 2.22699 2
      vertex 2 3 2
      vertex 2.29289 2.29289 2
    endloop
  endfacet
  facet normal 0 0 1
    outer loop
      vertex 2 29.8 2
      vertex 2.16853 30.3556 2
      vertex 2.11808 30.2714 2
    endloop
  endfacet
  facet normal 0 0 1
    outer loop
      vertex 2.29289 2.29289 2
      vertex 2 3 2
      vertex 2.22699 2.36561 2
    endloop
  endfacet
  facet normal 0 0 1
    outer loop
      vertex 2 29.8 2
      vertex 2.11808 30.2714 2
      vertex 2.07612 30.1827 2
    endloop
  endfacet
  facet normal 0 0 1
    outer loop
      vertex 2.22699 2.36561 2
      vertex 2 3 2
      vertex 2.16853 2.44443 2
    endloop
  endfacet
  facet normal 0 0 1
    outer loop
      vertex 2 29.8 2
      vertex 2.07612 30.1827 2
      vertex 2.04306 30.0903 2
    endloop
  endfacet
  facet normal 0 0 1
    outer loop
      vertex 2.16853 2.44443 2
      vertex 2 3 2
      vertex 2.11808 2.5286 2
    endloop
  endfacet
  facet normal 0 0 1
    outer loop
      vertex 2 29.8 2
      vertex 2.04306 30.0903 2
      vertex 2.01921 29.9951 2
    endloop
  endfacet
  facet normal 0 0 1
    outer loop
      vertex 2.11808 2.5286 2
      vertex 2 3 2
      vertex 2.07612 2.61732 2
    endloop
  endfacet
  facet normal 0 0 1
    outer loop
      vertex 2 29.8 2
      vertex 2.01921 29.9951 2
      vertex 2.00482 29.898 2
    endloop
  endfacet
  facet normal 0 0 1
    outer loop
      vertex 2.07612 2.61732 2
      vertex 2 3 2
      vertex 2.04306 2.70971 2
    endloop
  endfacet
  facet normal 0 0 1
    outer loop
      vertex 2.04306 2.70971 2
      vertex 2 3 2
      vertex 2.01921 2.80491 2
    endloop
  endfacet
  facet normal 0 0 1
    outer loop
      vertex 2.01921 2.80491 2
      vertex 2 3 2
      vertex 2.00482 2.90198 2
    endloop
  endfacet
  facet normal 0.903958 -0.427622 0
    outer loop
      vertex 2.07612 30.1827 14.5
      vertex 2.11808 30.2714 2
      vertex 2.11808 30.2714 14.5
    endloop
  endfacet
  facet normal 0.903958 -0.427622 0
    outer loop
      vertex 2.11808 30.2714 2
      vertex 2.07612 30.1827 14.5
      vertex 2.07612 30.1827 2
    endloop
  endfacet
  facet normal 0.048911 -0.998803 0
    outer loop
      vertex 2.90198 30.7952 2
      vertex 3 30.8 14.5
      vertex 2.90198 30.7952 14.5
    endloop
  endfacet
  facet normal 0.048911 -0.998803 0
    outer loop
      vertex 3 30.8 14.5
      vertex 2.90198 30.7952 2
      vertex 3 30.8 2
    endloop
  endfacet
  facet normal 0.146641 0.98919 -0
    outer loop
      vertex 2.90198 2.00482 2
      vertex 2.80491 2.01921 14.5
      vertex 2.90198 2.00482 14.5
    endloop
  endfacet
  facet normal 0.146641 0.98919 0
    outer loop
      vertex 2.80491 2.01921 14.5
      vertex 2.90198 2.00482 2
      vertex 2.80491 2.01921 2
    endloop
  endfacet
  facet normal 0.740908 -0.671607 0
    outer loop
      vertex 2.22699 30.4344 14.5
      vertex 2.29289 30.5071 2
      vertex 2.29289 30.5071 14.5
    endloop
  endfacet
  facet normal 0.740908 -0.671607 0
    outer loop
      vertex 2.29289 30.5071 2
      vertex 2.22699 30.4344 14.5
      vertex 2.22699 30.4344 2
    endloop
  endfacet
  facet normal -0.94173 0.336369 0
    outer loop
      vertex 68.1239 2.61732 2
      vertex 68.1569 2.70971 14.5
      vertex 68.1569 2.70971 2
    endloop
  endfacet
  facet normal -0.94173 0.336369 0
    outer loop
      vertex 68.1569 2.70971 14.5
      vertex 68.1239 2.61732 2
      vertex 68.1239 2.61732 14.5
    endloop
  endfacet
  facet normal -0.513971 0.857807 0
    outer loop
      vertex 67.7556 2.16853 2
      vertex 67.6714 2.11808 14.5
      vertex 67.7556 2.16853 14.5
    endloop
  endfacet
  facet normal -0.513971 0.857807 0
    outer loop
      vertex 67.6714 2.11808 14.5
      vertex 67.7556 2.16853 2
      vertex 67.6714 2.11808 2
    endloop
  endfacet
  facet normal 0.427543 0.903995 -0
    outer loop
      vertex 2.61732 2.07612 2
      vertex 2.5286 2.11808 14.5
      vertex 2.61732 2.07612 14.5
    endloop
  endfacet
  facet normal 0.427543 0.903995 0
    outer loop
      vertex 2.5286 2.11808 14.5
      vertex 2.61732 2.07612 2
      vertex 2.5286 2.11808 2
    endloop
  endfacet
  facet normal -0.336879 0.941548 0
    outer loop
      vertex 67.5827 2.07612 2
      vertex 67.4903 2.04306 14.5
      vertex 67.5827 2.07612 14.5
    endloop
  endfacet
  facet normal -0.336879 0.941548 0
    outer loop
      vertex 67.4903 2.04306 14.5
      vertex 67.5827 2.07612 2
      vertex 67.4903 2.04306 2
    endloop
  endfacet
  facet normal -0.427622 0.903958 0
    outer loop
      vertex 67.6714 2.11808 2
      vertex 67.5827 2.07612 14.5
      vertex 67.6714 2.11808 14.5
    endloop
  endfacet
  facet normal -0.427622 0.903958 0
    outer loop
      vertex 67.5827 2.07612 14.5
      vertex 67.6714 2.11808 2
      vertex 67.5827 2.07612 2
    endloop
  endfacet
  facet normal -0.802997 0.595983 0
    outer loop
      vertex 67.973 2.36561 2
      vertex 68.0315 2.44443 14.5
      vertex 68.0315 2.44443 2
    endloop
  endfacet
  facet normal -0.802997 0.595983 0
    outer loop
      vertex 68.0315 2.44443 14.5
      vertex 67.973 2.36561 2
      vertex 67.973 2.36561 14.5
    endloop
  endfacet
  facet normal 0.941548 -0.336879 0
    outer loop
      vertex 2.04306 30.0903 14.5
      vertex 2.07612 30.1827 2
      vertex 2.07612 30.1827 14.5
    endloop
  endfacet
  facet normal 0.941548 -0.336879 0
    outer loop
      vertex 2.07612 30.1827 2
      vertex 2.04306 30.0903 14.5
      vertex 2.04306 30.0903 2
    endloop
  endfacet
  facet normal -0.0489209 -0.998803 0
    outer loop
      vertex 67.2 30.8 2
      vertex 67.298 30.7952 14.5
      vertex 67.2 30.8 14.5
    endloop
  endfacet
  facet normal -0.0489209 -0.998803 -0
    outer loop
      vertex 67.298 30.7952 14.5
      vertex 67.2 30.8 2
      vertex 67.298 30.7952 2
    endloop
  endfacet
  facet normal 0.243494 -0.969902 0
    outer loop
      vertex 2.70971 30.7569 2
      vertex 2.80491 30.7808 14.5
      vertex 2.70971 30.7569 14.5
    endloop
  endfacet
  facet normal 0.243494 -0.969902 0
    outer loop
      vertex 2.80491 30.7808 14.5
      vertex 2.70971 30.7569 2
      vertex 2.80491 30.7808 2
    endloop
  endfacet
  facet normal 0.336369 -0.94173 0
    outer loop
      vertex 2.61732 30.7239 2
      vertex 2.70971 30.7569 14.5
      vertex 2.61732 30.7239 14.5
    endloop
  endfacet
  facet normal 0.336369 -0.94173 0
    outer loop
      vertex 2.70971 30.7569 14.5
      vertex 2.61732 30.7239 2
      vertex 2.70971 30.7569 2
    endloop
  endfacet
  facet normal 0.98919 0.146641 0
    outer loop
      vertex 2.01921 2.80491 14.5
      vertex 2.00482 2.90198 2
      vertex 2.00482 2.90198 14.5
    endloop
  endfacet
  facet normal 0.98919 0.146641 0
    outer loop
      vertex 2.00482 2.90198 2
      vertex 2.01921 2.80491 14.5
      vertex 2.01921 2.80491 2
    endloop
  endfacet
  facet normal 0.336911 0.941537 -0
    outer loop
      vertex 2.70971 2.04306 2
      vertex 2.61732 2.07612 14.5
      vertex 2.70971 2.04306 14.5
    endloop
  endfacet
  facet normal 0.336911 0.941537 0
    outer loop
      vertex 2.61732 2.07612 14.5
      vertex 2.70971 2.04306 2
      vertex 2.61732 2.07612 2
    endloop
  endfacet
  facet normal 0.970023 0.243015 0
    outer loop
      vertex 2.04306 2.70971 14.5
      vertex 2.01921 2.80491 2
      vertex 2.01921 2.80491 14.5
    endloop
  endfacet
  facet normal 0.970023 0.243015 0
    outer loop
      vertex 2.01921 2.80491 2
      vertex 2.04306 2.70971 14.5
      vertex 2.04306 2.70971 2
    endloop
  endfacet
  facet normal 0.941537 0.336911 0
    outer loop
      vertex 2.07612 2.61732 14.5
      vertex 2.04306 2.70971 2
      vertex 2.04306 2.70971 14.5
    endloop
  endfacet
  facet normal 0.941537 0.336911 0
    outer loop
      vertex 2.04306 2.70971 2
      vertex 2.07612 2.61732 14.5
      vertex 2.07612 2.61732 2
    endloop
  endfacet
  facet normal 0.741 0.671505 0
    outer loop
      vertex 2.29289 2.29289 14.5
      vertex 2.22699 2.36561 2
      vertex 2.22699 2.36561 14.5
    endloop
  endfacet
  facet normal 0.741 0.671505 0
    outer loop
      vertex 2.22699 2.36561 2
      vertex 2.29289 2.29289 14.5
      vertex 2.29289 2.29289 2
    endloop
  endfacet
  facet normal -0.595817 0.80312 0
    outer loop
      vertex 67.8344 2.22699 2
      vertex 67.7556 2.16853 14.5
      vertex 67.8344 2.22699 14.5
    endloop
  endfacet
  facet normal -0.595817 0.80312 0
    outer loop
      vertex 67.7556 2.16853 14.5
      vertex 67.8344 2.22699 2
      vertex 67.7556 2.16853 2
    endloop
  endfacet
  facet normal -0.740908 -0.671607 0
    outer loop
      vertex 67.973 30.4344 2
      vertex 67.9071 30.5071 14.5
      vertex 67.9071 30.5071 2
    endloop
  endfacet
  facet normal -0.740908 -0.671607 0
    outer loop
      vertex 67.9071 30.5071 14.5
      vertex 67.973 30.4344 2
      vertex 67.973 30.4344 14.5
    endloop
  endfacet
  facet normal -0.741 0.671505 0
    outer loop
      vertex 67.9071 2.29289 2
      vertex 67.973 2.36561 14.5
      vertex 67.973 2.36561 2
    endloop
  endfacet
  facet normal -0.741 0.671505 0
    outer loop
      vertex 67.973 2.36561 14.5
      vertex 67.9071 2.29289 2
      vertex 67.9071 2.29289 14.5
    endloop
  endfacet
  facet normal 0.857727 0.514106 0
    outer loop
      vertex 2.16853 2.44443 14.5
      vertex 2.11808 2.5286 2
      vertex 2.11808 2.5286 14.5
    endloop
  endfacet
  facet normal 0.857727 0.514106 0
    outer loop
      vertex 2.11808 2.5286 2
      vertex 2.16853 2.44443 14.5
      vertex 2.16853 2.44443 2
    endloop
  endfacet
  facet normal -0.59608 -0.802925 0
    outer loop
      vertex 67.7556 30.6315 2
      vertex 67.8344 30.573 14.5
      vertex 67.7556 30.6315 14.5
    endloop
  endfacet
  facet normal -0.59608 -0.802925 -0
    outer loop
      vertex 67.8344 30.573 14.5
      vertex 67.7556 30.6315 2
      vertex 67.8344 30.573 2
    endloop
  endfacet
  facet normal 0.243015 0.970023 -0
    outer loop
      vertex 2.80491 2.01921 2
      vertex 2.70971 2.04306 14.5
      vertex 2.80491 2.01921 14.5
    endloop
  endfacet
  facet normal 0.243015 0.970023 0
    outer loop
      vertex 2.70971 2.04306 14.5
      vertex 2.80491 2.01921 2
      vertex 2.70971 2.04306 2
    endloop
  endfacet
  facet normal -0.858032 -0.513596 0
    outer loop
      vertex 68.0819 30.2714 2
      vertex 68.0315 30.3556 14.5
      vertex 68.0315 30.3556 2
    endloop
  endfacet
  facet normal -0.858032 -0.513596 0
    outer loop
      vertex 68.0315 30.3556 14.5
      vertex 68.0819 30.2714 2
      vertex 68.0819 30.2714 14.5
    endloop
  endfacet
  facet normal 0.0491143 0.998793 -0
    outer loop
      vertex 3 2 2
      vertex 2.90198 2.00482 14.5
      vertex 3 2 14.5
    endloop
  endfacet
  facet normal 0.0491143 0.998793 0
    outer loop
      vertex 2.90198 2.00482 14.5
      vertex 3 2 2
      vertex 2.90198 2.00482 2
    endloop
  endfacet
  facet normal -0.857951 0.513731 0
    outer loop
      vertex 68.0315 2.44443 2
      vertex 68.0819 2.5286 14.5
      vertex 68.0819 2.5286 2
    endloop
  endfacet
  facet normal -0.857951 0.513731 0
    outer loop
      vertex 68.0819 2.5286 14.5
      vertex 68.0315 2.44443 2
      vertex 68.0315 2.44443 14.5
    endloop
  endfacet
  facet normal -0.903837 0.427876 0
    outer loop
      vertex 68.0819 2.5286 2
      vertex 68.1239 2.61732 14.5
      vertex 68.1239 2.61732 2
    endloop
  endfacet
  facet normal -0.903837 0.427876 0
    outer loop
      vertex 68.1239 2.61732 14.5
      vertex 68.0819 2.5286 2
      vertex 68.0819 2.5286 14.5
    endloop
  endfacet
  facet normal 0 0 -1
    outer loop
      vertex 0 3.9 11.5
      vertex 2 28.9 11.5
      vertex 2 3.9 11.5
    endloop
  endfacet
  facet normal -0 0 -1
    outer loop
      vertex 2 28.9 11.5
      vertex 0 3.9 11.5
      vertex 0 28.9 11.5
    endloop
  endfacet
  facet normal -0 0 1
    outer loop
      vertex 0 28.9 4
      vertex 2 3.9 4
      vertex 2 28.9 4
    endloop
  endfacet
  facet normal 0 0 1
    outer loop
      vertex 2 3.9 4
      vertex 0 28.9 4
      vertex 0 3.9 4
    endloop
  endfacet
  facet normal 0 -1 0
    outer loop
      vertex 0 28.9 4
      vertex 2 28.9 11.5
      vertex 0 28.9 11.5
    endloop
  endfacet
  facet normal 0 -1 -0
    outer loop
      vertex 2 28.9 11.5
      vertex 0 28.9 4
      vertex 2 28.9 4
    endloop
  endfacet
  facet normal 0 1 -0
    outer loop
      vertex 2 3.9 4
      vertex 0 3.9 11.5
      vertex 2 3.9 11.5
    endloop
  endfacet
  facet normal 0 1 0
    outer loop
      vertex 0 3.9 11.5
      vertex 2 3.9 4
      vertex 0 3.9 4
    endloop
  endfacet
  facet normal -1 0 0
    outer loop
      vertex 62.2 0 5.2
      vertex 62.2 2 10
      vertex 62.2 2 5.2
    endloop
  endfacet
  facet normal -1 -0 0
    outer loop
      vertex 62.2 2 10
      vertex 62.2 0 5.2
      vertex 62.2 0 10
    endloop
  endfacet
  facet normal 0 0 -1
    outer loop
      vertex 51.2 0 10
      vertex 62.2 2 10
      vertex 62.2 0 10
    endloop
  endfacet
  facet normal -0 0 -1
    outer loop
      vertex 62.2 2 10
      vertex 51.2 0 10
      vertex 51.2 2 10
    endloop
  endfacet
  facet normal -0 0 1
    outer loop
      vertex 51.2 2 5.2
      vertex 62.2 0 5.2
      vertex 62.2 2 5.2
    endloop
  endfacet
  facet normal 0 0 1
    outer loop
      vertex 62.2 0 5.2
      vertex 51.2 2 5.2
      vertex 51.2 0 5.2
    endloop
  endfacet
  facet normal 1 -0 0
    outer loop
      vertex 51.2 0 10
      vertex 51.2 2 5.2
      vertex 51.2 2 10
    endloop
  endfacet
  facet normal 1 0 0
    outer loop
      vertex 51.2 2 5.2
      vertex 51.2 0 10
      vertex 51.2 0 5.2
    endloop
  endfacet
  facet normal -1 0 0
    outer loop
      vertex 62.2 30.8 5.2
      vertex 62.2 32.8 10
      vertex 62.2 32.8 5.2
    endloop
  endfacet
  facet normal -1 -0 0
    outer loop
      vertex 62.2 32.8 10
      vertex 62.2 30.8 5.2
      vertex 62.2 30.8 10
    endloop
  endfacet
  facet normal 0 0 -1
    outer loop
      vertex 51.2 30.8 10
      vertex 62.2 32.8 10
      vertex 62.2 30.8 10
    endloop
  endfacet
  facet normal -0 0 -1
    outer loop
      vertex 62.2 32.8 10
      vertex 51.2 30.8 10
      vertex 51.2 32.8 10
    endloop
  endfacet
  facet normal -0 0 1
    outer loop
      vertex 51.2 32.8 5.2
      vertex 62.2 30.8 5.2
      vertex 62.2 32.8 5.2
    endloop
  endfacet
  facet normal 0 0 1
    outer loop
      vertex 62.2 30.8 5.2
      vertex 51.2 32.8 5.2
      vertex 51.2 30.8 5.2
    endloop
  endfacet
  facet normal 1 -0 0
    outer loop
      vertex 51.2 30.8 10
      vertex 51.2 32.8 5.2
      vertex 51.2 32.8 10
    endloop
  endfacet
  facet normal 1 0 0
    outer loop
      vertex 51.2 32.8 5.2
      vertex 51.2 30.8 10
      vertex 51.2 30.8 5.2
    endloop
  endfacet
  facet normal 1 -0 0
    outer loop
      vertex 10.7 2.35 6.85
      vertex 10.7 3.55 5.75
      vertex 10.7 3.55 6.85
    endloop
  endfacet
  facet normal 1 0 0
    outer loop
      vertex 10.7 3.55 5.75
      vertex 10.7 2.35 6.85
      vertex 10.7 2.35 5.75
    endloop
  endfacet
  facet normal -0 0 1
    outer loop
      vertex 8.5 3.55 6.85
      vertex 10.7 2.35 6.85
      vertex 10.7 3.55 6.85
    endloop
  endfacet
  facet normal 0 0 1
    outer loop
      vertex 10.7 2.35 6.85
      vertex 8.5 3.55 6.85
      vertex 8.5 2.35 6.85
    endloop
  endfacet
  facet normal 0 0 -1
    outer loop
      vertex 8.5 2.35 5.75
      vertex 10.7 3.55 5.75
      vertex 10.7 2.35 5.75
    endloop
  endfacet
  facet normal -0 0 -1
    outer loop
      vertex 10.7 3.55 5.75
      vertex 8.5 2.35 5.75
      vertex 8.5 3.55 5.75
    endloop
  endfacet
  facet normal -1 0 0
    outer loop
      vertex 8.5 2.35 5.75
      vertex 8.5 3.55 6.85
      vertex 8.5 3.55 5.75
    endloop
  endfacet
  facet normal -1 -0 0
    outer loop
      vertex 8.5 3.55 6.85
      vertex 8.5 2.35 5.75
      vertex 8.5 2.35 6.85
    endloop
  endfacet
  facet normal 0 1 -0
    outer loop
      vertex 10.7 3.55 5.75
      vertex 8.5 3.55 6.85
      vertex 10.7 3.55 6.85
    endloop
  endfacet
  facet normal 0 1 0
    outer loop
      vertex 8.5 3.55 6.85
      vertex 10.7 3.55 5.75
      vertex 8.5 3.55 5.75
    endloop
  endfacet
  facet normal 0 -1 0
    outer loop
      vertex 8.5 2.35 5.75
      vertex 10.7 2.35 6.85
      vertex 8.5 2.35 6.85
    endloop
  endfacet
  facet normal 0 -1 -0
    outer loop
      vertex 10.7 2.35 6.85
      vertex 8.5 2.35 5.75
      vertex 10.7 2.35 5.75
    endloop
  endfacet
  facet normal 1 -0 0
    outer loop
      vertex 10.7 29.25 6.85
      vertex 10.7 30.45 5.75
      vertex 10.7 30.45 6.85
    endloop
  endfacet
  facet normal 1 0 0
    outer loop
      vertex 10.7 30.45 5.75
      vertex 10.7 29.25 6.85
      vertex 10.7 29.25 5.75
    endloop
  endfacet
  facet normal -0 0 1
    outer loop
      vertex 8.5 30.45 6.85
      vertex 10.7 29.25 6.85
      vertex 10.7 30.45 6.85
    endloop
  endfacet
  facet normal 0 0 1
    outer loop
      vertex 10.7 29.25 6.85
      vertex 8.5 30.45 6.85
      vertex 8.5 29.25 6.85
    endloop
  endfacet
  facet normal 0 0 -1
    outer loop
      vertex 8.5 29.25 5.75
      vertex 10.7 30.45 5.75
      vertex 10.7 29.25 5.75
    endloop
  endfacet
  facet normal -0 0 -1
    outer loop
      vertex 10.7 30.45 5.75
      vertex 8.5 29.25 5.75
      vertex 8.5 30.45 5.75
    endloop
  endfacet
  facet normal -1 0 0
    outer loop
      vertex 8.5 29.25 5.75
      vertex 8.5 30.45 6.85
      vertex 8.5 30.45 5.75
    endloop
  endfacet
  facet normal -1 -0 0
    outer loop
      vertex 8.5 30.45 6.85
      vertex 8.5 29.25 5.75
      vertex 8.5 29.25 6.85
    endloop
  endfacet
  facet normal 0 1 -0
    outer loop
      vertex 10.7 30.45 5.75
      vertex 8.5 30.45 6.85
      vertex 10.7 30.45 6.85
    endloop
  endfacet
  facet normal 0 1 0
    outer loop
      vertex 8.5 30.45 6.85
      vertex 10.7 30.45 5.75
      vertex 8.5 30.45 5.75
    endloop
  endfacet
  facet normal 0 -1 0
    outer loop
      vertex 8.5 29.25 5.75
      vertex 10.7 29.25 6.85
      vertex 8.5 29.25 6.85
    endloop
  endfacet
  facet normal 0 -1 -0
    outer loop
      vertex 10.7 29.25 6.85
      vertex 8.5 29.25 5.75
      vertex 10.7 29.25 5.75
    endloop
  endfacet
  facet normal 1 -0 0
    outer loop
      vertex 61.9 2.35 6.85
      vertex 61.9 3.55 5.75
      vertex 61.9 3.55 6.85
    endloop
  endfacet
  facet normal 1 0 0
    outer loop
      vertex 61.9 3.55 5.75
      vertex 61.9 2.35 6.85
      vertex 61.9 2.35 5.75
    endloop
  endfacet
  facet normal -0 0 1
    outer loop
      vertex 59.7 3.55 6.85
      vertex 61.9 2.35 6.85
      vertex 61.9 3.55 6.85
    endloop
  endfacet
  facet normal 0 0 1
    outer loop
      vertex 61.9 2.35 6.85
      vertex 59.7 3.55 6.85
      vertex 59.7 2.35 6.85
    endloop
  endfacet
  facet normal 0 0 -1
    outer loop
      vertex 59.7 2.35 5.75
      vertex 61.9 3.55 5.75
      vertex 61.9 2.35 5.75
    endloop
  endfacet
  facet normal -0 0 -1
    outer loop
      vertex 61.9 3.55 5.75
      vertex 59.7 2.35 5.75
      vertex 59.7 3.55 5.75
    endloop
  endfacet
  facet normal -1 0 0
    outer loop
      vertex 59.7 2.35 5.75
      vertex 59.7 3.55 6.85
      vertex 59.7 3.55 5.75
    endloop
  endfacet
  facet normal -1 -0 0
    outer loop
      vertex 59.7 3.55 6.85
      vertex 59.7 2.35 5.75
      vertex 59.7 2.35 6.85
    endloop
  endfacet
  facet normal 0 1 -0
    outer loop
      vertex 61.9 3.55 5.75
      vertex 59.7 3.55 6.85
      vertex 61.9 3.55 6.85
    endloop
  endfacet
  facet normal 0 1 0
    outer loop
      vertex 59.7 3.55 6.85
      vertex 61.9 3.55 5.75
      vertex 59.7 3.55 5.75
    endloop
  endfacet
  facet normal 0 -1 0
    outer loop
      vertex 59.7 2.35 5.75
      vertex 61.9 2.35 6.85
      vertex 59.7 2.35 6.85
    endloop
  endfacet
  facet normal 0 -1 -0
    outer loop
      vertex 61.9 2.35 6.85
      vertex 59.7 2.35 5.75
      vertex 61.9 2.35 5.75
    endloop
  endfacet
  facet normal 1 -0 0
    outer loop
      vertex 61.9 29.25 6.85
      vertex 61.9 30.45 5.75
      vertex 61.9 30.45 6.85
    endloop
  endfacet
  facet normal 1 0 0
    outer loop
      vertex 61.9 30.45 5.75
      vertex 61.9 29.25 6.85
      vertex 61.9 29.25 5.75
    endloop
  endfacet
  facet normal -0 0 1
    outer loop
      vertex 59.7 30.45 6.85
      vertex 61.9 29.25 6.85
      vertex 61.9 30.45 6.85
    endloop
  endfacet
  facet normal 0 0 1
    outer loop
      vertex 61.9 29.25 6.85
      vertex 59.7 30.45 6.85
      vertex 59.7 29.25 6.85
    endloop
  endfacet
  facet normal 0 0 -1
    outer loop
      vertex 59.7 29.25 5.75
      vertex 61.9 30.45 5.75
      vertex 61.9 29.25 5.75
    endloop
  endfacet
  facet normal -0 0 -1
    outer loop
      vertex 61.9 30.45 5.75
      vertex 59.7 29.25 5.75
      vertex 59.7 30.45 5.75
    endloop
  endfacet
  facet normal -1 0 0
    outer loop
      vertex 59.7 29.25 5.75
      vertex 59.7 30.45 6.85
      vertex 59.7 30.45 5.75
    endloop
  endfacet
  facet normal -1 -0 0
    outer loop
      vertex 59.7 30.45 6.85
      vertex 59.7 29.25 5.75
      vertex 59.7 29.25 6.85
    endloop
  endfacet
  facet normal 0 1 -0
    outer loop
      vertex 61.9 30.45 5.75
      vertex 59.7 30.45 6.85
      vertex 61.9 30.45 6.85
    endloop
  endfacet
  facet normal 0 1 0
    outer loop
      vertex 59.7 30.45 6.85
      vertex 61.9 30.45 5.75
      vertex 59.7 30.45 5.75
    endloop
  endfacet
  facet normal 0 -1 0
    outer loop
      vertex 59.7 29.25 5.75
      vertex 61.9 29.25 6.85
      vertex 59.7 29.25 6.85
    endloop
  endfacet
  facet normal 0 -1 -0
    outer loop
      vertex 61.9 29.25 6.85
      vertex 59.7 29.25 5.75
      vertex 61.9 29.25 5.75
    endloop
  endfacet
  facet normal 1 -0 0
    outer loop
      vertex 67 2.45 4.5
      vertex 67 4.05 3.1
      vertex 67 4.05 4.5
    endloop
  endfacet
  facet normal 1 0 0
    outer loop
      vertex 67 4.05 3.1
      vertex 67 2.45 4.5
      vertex 67 2.45 3.1
    endloop
  endfacet
  facet normal -0 0 1
    outer loop
      vertex 3.2 4.05 4.5
      vertex 67 2.45 4.5
      vertex 67 4.05 4.5
    endloop
  endfacet
  facet normal 0 0 1
    outer loop
      vertex 67 2.45 4.5
      vertex 3.2 4.05 4.5
      vertex 3.2 2.45 4.5
    endloop
  endfacet
  facet normal 0 0 -1
    outer loop
      vertex 3.2 2.45 3.1
      vertex 67 4.05 3.1
      vertex 67 2.45 3.1
    endloop
  endfacet
  facet normal -0 0 -1
    outer loop
      vertex 67 4.05 3.1
      vertex 3.2 2.45 3.1
      vertex 3.2 4.05 3.1
    endloop
  endfacet
  facet normal -1 0 0
    outer loop
      vertex 3.2 2.45 3.1
      vertex 3.2 4.05 4.5
      vertex 3.2 4.05 3.1
    endloop
  endfacet
  facet normal -1 -0 0
    outer loop
      vertex 3.2 4.05 4.5
      vertex 3.2 2.45 3.1
      vertex 3.2 2.45 4.5
    endloop
  endfacet
  facet normal 0 1 -0
    outer loop
      vertex 67 4.05 3.1
      vertex 3.2 4.05 4.5
      vertex 67 4.05 4.5
    endloop
  endfacet
  facet normal 0 1 0
    outer loop
      vertex 3.2 4.05 4.5
      vertex 67 4.05 3.1
      vertex 3.2 4.05 3.1
    endloop
  endfacet
  facet normal 0 -1 0
    outer loop
      vertex 3.2 2.45 3.1
      vertex 67 2.45 4.5
      vertex 3.2 2.45 4.5
    endloop
  endfacet
  facet normal 0 -1 -0
    outer loop
      vertex 67 2.45 4.5
      vertex 3.2 2.45 3.1
      vertex 67 2.45 3.1
    endloop
  endfacet
  facet normal 1 -0 0
    outer loop
      vertex 67 28.75 4.5
      vertex 67 30.35 3.1
      vertex 67 30.35 4.5
    endloop
  endfacet
  facet normal 1 0 0
    outer loop
      vertex 67 30.35 3.1
      vertex 67 28.75 4.5
      vertex 67 28.75 3.1
    endloop
  endfacet
  facet normal -0 0 1
    outer loop
      vertex 3.2 30.35 4.5
      vertex 67 28.75 4.5
      vertex 67 30.35 4.5
    endloop
  endfacet
  facet normal 0 0 1
    outer loop
      vertex 67 28.75 4.5
      vertex 3.2 30.35 4.5
      vertex 3.2 28.75 4.5
    endloop
  endfacet
  facet normal 0 0 -1
    outer loop
      vertex 3.2 28.75 3.1
      vertex 67 30.35 3.1
      vertex 67 28.75 3.1
    endloop
  endfacet
  facet normal -0 0 -1
    outer loop
      vertex 67 30.35 3.1
      vertex 3.2 28.75 3.1
      vertex 3.2 30.35 3.1
    endloop
  endfacet
  facet normal -1 0 0
    outer loop
      vertex 3.2 28.75 3.1
      vertex 3.2 30.35 4.5
      vertex 3.2 30.35 3.1
    endloop
  endfacet
  facet normal -1 -0 0
    outer loop
      vertex 3.2 30.35 4.5
      vertex 3.2 28.75 3.1
      vertex 3.2 28.75 4.5
    endloop
  endfacet
  facet normal 0 1 -0
    outer loop
      vertex 67 30.35 3.1
      vertex 3.2 30.35 4.5
      vertex 67 30.35 4.5
    endloop
  endfacet
  facet normal 0 1 0
    outer loop
      vertex 3.2 30.35 4.5
      vertex 67 30.35 3.1
      vertex 3.2 30.35 3.1
    endloop
  endfacet
  facet normal 0 -1 0
    outer loop
      vertex 3.2 28.75 3.1
      vertex 67 28.75 4.5
      vertex 3.2 28.75 4.5
    endloop
  endfacet
  facet normal 0 -1 -0
    outer loop
      vertex 67 28.75 4.5
      vertex 3.2 28.75 3.1
      vertex 67 28.75 3.1
    endloop
  endfacet
endsolid OpenSCAD_Model
